row_id,base_pair_index,image_filename,payload_index,payload_fingerprint,condition,classical_ber,cnn_ber,cnn_mean_probability,cnn_mean_confidence
0,0,5233540.png,0,bad6366e8f83df4d68b7418183787a2527d66929e81f8a968f5357607d8890cd,clean,0.203125,0.0,0.5776888728141785,0.863495945930481
1,0,5233540.png,0,bad6366e8f83df4d68b7418183787a2527d66929e81f8a968f5357607d8890cd,resize75,0.3125,0.109375,0.5965004563331604,0.7425504326820374
2,0,5233540.png,0,bad6366e8f83df4d68b7418183787a2527d66929e81f8a968f5357607d8890cd,resize50,0.3671875,0.1796875,0.5517803430557251,0.7244579792022705
3,0,5233540.png,0,bad6366e8f83df4d68b7418183787a2527d66929e81f8a968f5357607d8890cd,resize25,0.5546875,0.5078125,0.31697309017181396,0.7147234678268433
4,1,5233540.png,1,d67d3e800bfbc2b70221bd798f679a95f90eee7295f55b6a24e47f21ded45f55,clean,0.1484375,0.0,0.49633657932281494,0.851677417755127
5,1,5233540.png,1,d67d3e800bfbc2b70221bd798f679a95f90eee7295f55b6a24e47f21ded45f55,resize75,0.265625,0.1328125,0.49514293670654297,0.7706674337387085
6,1,5233540.png,1,d67d3e800bfbc2b70221bd798f679a95f90eee7295f55b6a24e47f21ded45f55,resize50,0.34375,0.203125,0.5457460880279541,0.7271178960800171
7,1,5233540.png,1,d67d3e800bfbc2b70221bd798f679a95f90eee7295f55b6a24e47f21ded45f55,resize25,0.4765625,0.4453125,0.3118041157722473,0.7039961814880371
8,2,5233654.png,0,b0d9826d06721939096f6dea3e61f2b55902fea04d3eb3a260495ceb8f127fc5,clean,0.03125,0.0,0.5253239870071411,0.8596387505531311
9,2,5233654.png,0,b0d9826d06721939096f6dea3e61f2b55902fea04d3eb3a260495ceb8f127fc5,resize75,0.1953125,0.1171875,0.5084182024002075,0.766755998134613
10,2,5233654.png,0,b0d9826d06721939096f6dea3e61f2b55902fea04d3eb3a260495ceb8f127fc5,resize50,0.2421875,0.1640625,0.5193365812301636,0.7649606466293335
11,2,5233654.png,0,b0d9826d06721939096f6dea3e61f2b55902fea04d3eb3a260495ceb8f127fc5,resize25,0.4609375,0.5,0.43078625202178955,0.7347835302352905
12,3,5233654.png,1,57136fba8284d589b716664175e5165e5d38b77b6d73d40d0f85e327f1b455e6,clean,0.03125,0.0,0.47516191005706787,0.8499577045440674
13,3,5233654.png,1,57136fba8284d589b716664175e5165e5d38b77b6d73d40d0f85e327f1b455e6,resize75,0.1953125,0.1171875,0.4951401948928833,0.7742670178413391
14,3,5233654.png,1,57136fba8284d589b716664175e5165e5d38b77b6d73d40d0f85e327f1b455e6,resize50,0.234375,0.1640625,0.4995945692062378,0.7274509072303772
15,3,5233654.png,1,57136fba8284d589b716664175e5165e5d38b77b6d73d40d0f85e327f1b455e6,resize25,0.5,0.53125,0.42908626794815063,0.7309072017669678
16,4,5233837.png,0,bb569bfd73c3e6ee2d84cc970f4ff5c882cf5612c49bc2a371224af1bb819ce9,clean,0.0,0.0,0.5751636028289795,0.8860573172569275
17,4,5233837.png,0,bb569bfd73c3e6ee2d84cc970f4ff5c882cf5612c49bc2a371224af1bb819ce9,resize75,0.03125,0.03125,0.5795514583587646,0.8582072257995605
18,4,5233837.png,0,bb569bfd73c3e6ee2d84cc970f4ff5c882cf5612c49bc2a371224af1bb819ce9,resize50,0.0234375,0.03125,0.5837677717208862,0.8386147022247314
19,4,5233837.png,0,bb569bfd73c3e6ee2d84cc970f4ff5c882cf5612c49bc2a371224af1bb819ce9,resize25,0.546875,0.5546875,0.3499324917793274,0.7344344854354858
20,5,5233837.png,1,47e11f6d892502097da7c1f1b2501b0885a6556d80cfb8884c65e9ecebffbf22,clean,0.0,0.0,0.53482985496521,0.8783183097839355
21,5,5233837.png,1,47e11f6d892502097da7c1f1b2501b0885a6556d80cfb8884c65e9ecebffbf22,resize75,0.03125,0.03125,0.5383016467094421,0.8456798791885376
22,5,5233837.png,1,47e11f6d892502097da7c1f1b2501b0885a6556d80cfb8884c65e9ecebffbf22,resize50,0.0390625,0.046875,0.5459033250808716,0.8333706259727478
23,5,5233837.png,1,47e11f6d892502097da7c1f1b2501b0885a6556d80cfb8884c65e9ecebffbf22,resize25,0.53125,0.5546875,0.3506946563720703,0.7326608896255493
24,6,5233987.png,0,5de5e59c62e96c80f3ab33967f5e386a8844879a984061f2f9a3a9f6571c441c,clean,0.0,0.0,0.5704705119132996,0.8843479752540588
25,6,5233987.png,0,5de5e59c62e96c80f3ab33967f5e386a8844879a984061f2f9a3a9f6571c441c,resize75,0.109375,0.109375,0.5941966772079468,0.827118456363678
26,6,5233987.png,0,5de5e59c62e96c80f3ab33967f5e386a8844879a984061f2f9a3a9f6571c441c,resize50,0.09375,0.1171875,0.6180089712142944,0.8178179860115051
27,6,5233987.png,0,5de5e59c62e96c80f3ab33967f5e386a8844879a984061f2f9a3a9f6571c441c,resize25,0.5234375,0.5078125,0.3174282908439636,0.7435729503631592
28,7,5233987.png,1,562ad2f2109cae3619543092025635e1e62165029cd1d988637f4f895bf445be,clean,0.0,0.0,0.5380590558052063,0.8710343837738037
29,7,5233987.png,1,562ad2f2109cae3619543092025635e1e62165029cd1d988637f4f895bf445be,resize75,0.109375,0.109375,0.5300271511077881,0.8474442958831787
30,7,5233987.png,1,562ad2f2109cae3619543092025635e1e62165029cd1d988637f4f895bf445be,resize50,0.1015625,0.1171875,0.5389672517776489,0.8061258792877197
31,7,5233987.png,1,562ad2f2109cae3619543092025635e1e62165029cd1d988637f4f895bf445be,resize25,0.5546875,0.5546875,0.31738877296447754,0.7435242533683777
32,8,5233992.png,0,eb9e572d2bbbfe7774b6733206b3a62fbee85473a19531b2c3065bfc327d639f,clean,0.0,0.0,0.5236414670944214,0.879467248916626
33,8,5233992.png,0,eb9e572d2bbbfe7774b6733206b3a62fbee85473a19531b2c3065bfc327d639f,resize75,0.171875,0.1875,0.5360785722732544,0.8074722290039062
34,8,5233992.png,0,eb9e572d2bbbfe7774b6733206b3a62fbee85473a19531b2c3065bfc327d639f,resize50,0.1328125,0.1484375,0.515473484992981,0.7520407438278198
35,8,5233992.png,0,eb9e572d2bbbfe7774b6733206b3a62fbee85473a19531b2c3065bfc327d639f,resize25,0.5390625,0.5234375,0.42723292112350464,0.6918163299560547
36,9,5233992.png,1,6334e0585d4527ba31e4cb2387bf040a7d95da486545bd4fb064b50c4da92f11,clean,0.0,0.0,0.6092935800552368,0.8912383317947388
37,9,5233992.png,1,6334e0585d4527ba31e4cb2387bf040a7d95da486545bd4fb064b50c4da92f11,resize75,0.1875,0.1796875,0.5425893068313599,0.8027160167694092
38,9,5233992.png,1,6334e0585d4527ba31e4cb2387bf040a7d95da486545bd4fb064b50c4da92f11,resize50,0.140625,0.1484375,0.5789378881454468,0.7910234332084656
39,9,5233992.png,1,6334e0585d4527ba31e4cb2387bf040a7d95da486545bd4fb064b50c4da92f11,resize25,0.5625,0.578125,0.4270753860473633,0.692131519317627
40,10,5233997.png,0,3d21315e3a262473d99866ce2b403f5cb7cbd121aced9e0d45ab436e4eb44ae1,clean,0.0,0.0,0.5423980951309204,0.8755916357040405
41,10,5233997.png,0,3d21315e3a262473d99866ce2b403f5cb7cbd121aced9e0d45ab436e4eb44ae1,resize75,0.1171875,0.1484375,0.5723738670349121,0.7940547466278076
42,10,5233997.png,0,3d21315e3a262473d99866ce2b403f5cb7cbd121aced9e0d45ab436e4eb44ae1,resize50,0.078125,0.1015625,0.5721943974494934,0.797762930393219
43,10,5233997.png,0,3d21315e3a262473d99866ce2b403f5cb7cbd121aced9e0d45ab436e4eb44ae1,resize25,0.53125,0.5078125,0.5324817895889282,0.6908344626426697
44,11,5233997.png,1,856c00c660e07dd3261494490bf5e0ea19fe0fd757b50c67cab357a3be12b162,clean,0.0,0.0,0.44560104608535767,0.8553782105445862
45,11,5233997.png,1,856c00c660e07dd3261494490bf5e0ea19fe0fd757b50c67cab357a3be12b162,resize75,0.125,0.1328125,0.45138978958129883,0.7605343461036682
46,11,5233997.png,1,856c00c660e07dd3261494490bf5e0ea19fe0fd757b50c67cab357a3be12b162,resize50,0.0625,0.125,0.4750085473060608,0.7652464509010315
47,11,5233997.png,1,856c00c660e07dd3261494490bf5e0ea19fe0fd757b50c67cab357a3be12b162,resize25,0.4375,0.4453125,0.5324273705482483,0.690725564956665
48,12,5234033.png,0,c47d135ea75bfce02c57f551080bada0deb20335f9f7f9acd88a66e2cb92fd6e,clean,0.0,0.0,0.46129465103149414,0.8625472784042358
49,12,5234033.png,0,c47d135ea75bfce02c57f551080bada0deb20335f9f7f9acd88a66e2cb92fd6e,resize75,0.0703125,0.0859375,0.5063180923461914,0.8050597906112671
50,12,5234033.png,0,c47d135ea75bfce02c57f551080bada0deb20335f9f7f9acd88a66e2cb92fd6e,resize50,0.140625,0.15625,0.5343664884567261,0.7819591760635376
51,12,5234033.png,0,c47d135ea75bfce02c57f551080bada0deb20335f9f7f9acd88a66e2cb92fd6e,resize25,0.4453125,0.46875,0.428610622882843,0.6713732481002808
52,13,5234033.png,1,a9b4a7244b9eb4a3b7ff880e398b7899f9be3b42c51ef2efa7de8a6271a5ec75,clean,0.0,0.0,0.5442677736282349,0.8731299638748169
53,13,5234033.png,1,a9b4a7244b9eb4a3b7ff880e398b7899f9be3b42c51ef2efa7de8a6271a5ec75,resize75,0.078125,0.109375,0.5610494613647461,0.8097870349884033
54,13,5234033.png,1,a9b4a7244b9eb4a3b7ff880e398b7899f9be3b42c51ef2efa7de8a6271a5ec75,resize50,0.125,0.15625,0.6219736337661743,0.7893152236938477
55,13,5234033.png,1,a9b4a7244b9eb4a3b7ff880e398b7899f9be3b42c51ef2efa7de8a6271a5ec75,resize25,0.5703125,0.546875,0.428610622882843,0.6713732481002808
56,14,5234037.png,0,52dd3a51cd82923d422e7d9cf8228a2408d2f3081eb5b7907a4b96cbf4f1736a,clean,0.0078125,0.0,0.5268175601959229,0.8751827478408813
57,14,5234037.png,0,52dd3a51cd82923d422e7d9cf8228a2408d2f3081eb5b7907a4b96cbf4f1736a,resize75,0.09375,0.0859375,0.5181527137756348,0.7974656224250793
58,14,5234037.png,0,52dd3a51cd82923d422e7d9cf8228a2408d2f3081eb5b7907a4b96cbf4f1736a,resize50,0.078125,0.078125,0.5407472848892212,0.7711246609687805
59,14,5234037.png,0,52dd3a51cd82923d422e7d9cf8228a2408d2f3081eb5b7907a4b96cbf4f1736a,resize25,0.4609375,0.421875,0.41891250014305115,0.6977595090866089
60,15,5234037.png,1,ec3b3a162cb55298a0748ce072d60af383b06f6caef79c2a85b8ef3850ab739e,clean,0.0078125,0.0,0.6060016751289368,0.8991252183914185
61,15,5234037.png,1,ec3b3a162cb55298a0748ce072d60af383b06f6caef79c2a85b8ef3850ab739e,resize75,0.0859375,0.0703125,0.5930774211883545,0.8274002075195312
62,15,5234037.png,1,ec3b3a162cb55298a0748ce072d60af383b06f6caef79c2a85b8ef3850ab739e,resize50,0.0859375,0.0546875,0.5903689861297607,0.804649293422699
63,15,5234037.png,1,ec3b3a162cb55298a0748ce072d60af383b06f6caef79c2a85b8ef3850ab739e,resize25,0.5078125,0.453125,0.420306921005249,0.7005484104156494
64,16,5234084.png,0,52eab2067cd8aac83f6f9190cd91e1e8e84c6c4941c380a8a7865d79d265d84f,clean,0.0078125,0.0,0.5290363430976868,0.887671709060669
65,16,5234084.png,0,52eab2067cd8aac83f6f9190cd91e1e8e84c6c4941c380a8a7865d79d265d84f,resize75,0.0546875,0.0390625,0.5362374782562256,0.8572387099266052
66,16,5234084.png,0,52eab2067cd8aac83f6f9190cd91e1e8e84c6c4941c380a8a7865d79d265d84f,resize50,0.09375,0.0859375,0.5583999156951904,0.8392364978790283
67,16,5234084.png,0,52eab2067cd8aac83f6f9190cd91e1e8e84c6c4941c380a8a7865d79d265d84f,resize25,0.5,0.4921875,0.3144466280937195,0.7434349060058594
68,17,5234084.png,1,ef03b0755ff2406f5349ffdcb61648049d41ec04d1e18d52bc8970b377ce233f,clean,0.0078125,0.0,0.5673191547393799,0.892153263092041
69,17,5234084.png,1,ef03b0755ff2406f5349ffdcb61648049d41ec04d1e18d52bc8970b377ce233f,resize75,0.0390625,0.03125,0.5779126286506653,0.8613862991333008
70,17,5234084.png,1,ef03b0755ff2406f5349ffdcb61648049d41ec04d1e18d52bc8970b377ce233f,resize50,0.09375,0.09375,0.5815600156784058,0.839739203453064
71,17,5234084.png,1,ef03b0755ff2406f5349ffdcb61648049d41ec04d1e18d52bc8970b377ce233f,resize25,0.4921875,0.5,0.31487762928009033,0.7422505617141724
72,18,5234162.png,0,1031e9c762cce5b22d17a94a0b71154c085314df4140707eafb6fe33a0127ff1,clean,0.0,0.0,0.5519087314605713,0.8906158208847046
73,18,5234162.png,0,1031e9c762cce5b22d17a94a0b71154c085314df4140707eafb6fe33a0127ff1,resize75,0.109375,0.1171875,0.5566806793212891,0.819122314453125
74,18,5234162.png,0,1031e9c762cce5b22d17a94a0b71154c085314df4140707eafb6fe33a0127ff1,resize50,0.0390625,0.046875,0.5720973014831543,0.8213371634483337
75,18,5234162.png,0,1031e9c762cce5b22d17a94a0b71154c085314df4140707eafb6fe33a0127ff1,resize25,0.453125,0.453125,0.4234870672225952,0.7142001390457153
76,19,5234162.png,1,631a7ba0a6bc92cc280a958afb02376cc57fcedb92d3b199977fa6ff3f9da379,clean,0.0,0.0,0.538020670413971,0.888078510761261
77,19,5234162.png,1,631a7ba0a6bc92cc280a958afb02376cc57fcedb92d3b199977fa6ff3f9da379,resize75,0.0859375,0.09375,0.5556818842887878,0.8253892064094543
78,19,5234162.png,1,631a7ba0a6bc92cc280a958afb02376cc57fcedb92d3b199977fa6ff3f9da379,resize50,0.0390625,0.0546875,0.5573235750198364,0.8288977146148682
79,19,5234162.png,1,631a7ba0a6bc92cc280a958afb02376cc57fcedb92d3b199977fa6ff3f9da379,resize25,0.484375,0.46875,0.4234870672225952,0.7142001390457153
80,20,5234215.png,0,5027e7d734951cca4a78d5f782c0e46a1177c584161e936e0a49a3fa2f560684,clean,0.0,0.0,0.49994412064552307,0.8715150356292725
81,20,5234215.png,0,5027e7d734951cca4a78d5f782c0e46a1177c584161e936e0a49a3fa2f560684,resize75,0.171875,0.1875,0.5271240472793579,0.7328231334686279
82,20,5234215.png,0,5027e7d734951cca4a78d5f782c0e46a1177c584161e936e0a49a3fa2f560684,resize50,0.2734375,0.28125,0.5443060398101807,0.7670137882232666
83,20,5234215.png,0,5027e7d734951cca4a78d5f782c0e46a1177c584161e936e0a49a3fa2f560684,resize25,0.421875,0.421875,0.48265090584754944,0.6909787058830261
84,21,5234215.png,1,96d42af75d4630341392893b7c991c6c3603ec84d82dff5a215f28efeb1138d9,clean,0.0,0.0,0.5375756025314331,0.8720533847808838
85,21,5234215.png,1,96d42af75d4630341392893b7c991c6c3603ec84d82dff5a215f28efeb1138d9,resize75,0.1640625,0.2109375,0.5810249447822571,0.7265663146972656
86,21,5234215.png,1,96d42af75d4630341392893b7c991c6c3603ec84d82dff5a215f28efeb1138d9,resize50,0.265625,0.2734375,0.5306576490402222,0.7193350195884705
87,21,5234215.png,1,96d42af75d4630341392893b7c991c6c3603ec84d82dff5a215f28efeb1138d9,resize25,0.515625,0.515625,0.4828020930290222,0.6906420588493347
88,22,5234269.png,0,395c5bbb903ea600104109c8d07b5741213a6263ae128c5cf4c12ef152832960,clean,0.34375,0.0,0.560125470161438,0.8466325998306274
89,22,5234269.png,0,395c5bbb903ea600104109c8d07b5741213a6263ae128c5cf4c12ef152832960,resize75,0.3984375,0.0546875,0.5389407873153687,0.7627837657928467
90,22,5234269.png,0,395c5bbb903ea600104109c8d07b5741213a6263ae128c5cf4c12ef152832960,resize50,0.40625,0.1015625,0.501358687877655,0.7018293142318726
91,22,5234269.png,0,395c5bbb903ea600104109c8d07b5741213a6263ae128c5cf4c12ef152832960,resize25,0.5,0.46875,0.2772787809371948,0.7601351737976074
92,23,5234269.png,1,240e85a318bbb21ef61df6b29067417b5580328ed60429b547bc378548388108,clean,0.3671875,0.0,0.5431758761405945,0.8457740545272827
93,23,5234269.png,1,240e85a318bbb21ef61df6b29067417b5580328ed60429b547bc378548388108,resize75,0.40625,0.0546875,0.5218110084533691,0.7611862421035767
94,23,5234269.png,1,240e85a318bbb21ef61df6b29067417b5580328ed60429b547bc378548388108,resize50,0.40625,0.078125,0.47874197363853455,0.6939606666564941
95,23,5234269.png,1,240e85a318bbb21ef61df6b29067417b5580328ed60429b547bc378548388108,resize25,0.515625,0.484375,0.27669286727905273,0.7614473104476929
96,24,5234270.png,0,2af8f5c434c8164ec62f107ad7959fe0e34858e7a0ac66e27997cfde25961d6e,clean,0.1953125,0.0,0.512615442276001,0.8499592542648315
97,24,5234270.png,0,2af8f5c434c8164ec62f107ad7959fe0e34858e7a0ac66e27997cfde25961d6e,resize75,0.2890625,0.09375,0.49981576204299927,0.7698808908462524
98,24,5234270.png,0,2af8f5c434c8164ec62f107ad7959fe0e34858e7a0ac66e27997cfde25961d6e,resize50,0.2734375,0.09375,0.4833146333694458,0.7332744598388672
99,24,5234270.png,0,2af8f5c434c8164ec62f107ad7959fe0e34858e7a0ac66e27997cfde25961d6e,resize25,0.4453125,0.4609375,0.2731875777244568,0.7088290452957153
100,25,5234270.png,1,a8b27f29fe3a45c4455b90a0ceec637986b6bc2fce9c9264f7aef4be3c30436c,clean,0.234375,0.0,0.5446730256080627,0.8567855358123779
101,25,5234270.png,1,a8b27f29fe3a45c4455b90a0ceec637986b6bc2fce9c9264f7aef4be3c30436c,resize75,0.3046875,0.0703125,0.528717041015625,0.7768690586090088
102,25,5234270.png,1,a8b27f29fe3a45c4455b90a0ceec637986b6bc2fce9c9264f7aef4be3c30436c,resize50,0.3046875,0.078125,0.5093159675598145,0.7129803895950317
103,25,5234270.png,1,a8b27f29fe3a45c4455b90a0ceec637986b6bc2fce9c9264f7aef4be3c30436c,resize25,0.578125,0.5703125,0.2675503194332123,0.7136964201927185
104,26,5234273.png,0,6f70ce33d61a0e22d0f7524525c6741a03b3fb7f674a530b1c2e9ca87a588557,clean,0.2734375,0.0078125,0.509642481803894,0.8353849649429321
105,26,5234273.png,0,6f70ce33d61a0e22d0f7524525c6741a03b3fb7f674a530b1c2e9ca87a588557,resize75,0.375,0.1171875,0.5155414342880249,0.7447800636291504
106,26,5234273.png,0,6f70ce33d61a0e22d0f7524525c6741a03b3fb7f674a530b1c2e9ca87a588557,resize50,0.3984375,0.1328125,0.47359010577201843,0.6862205266952515
107,26,5234273.png,0,6f70ce33d61a0e22d0f7524525c6741a03b3fb7f674a530b1c2e9ca87a588557,resize25,0.5,0.5078125,0.2882928252220154,0.7635664343833923
108,27,5234273.png,1,6559cb22ad82d0a4a3b71e5ba1777e187d35959f2d0c2526c0b80dc13e560f5c,clean,0.2421875,0.0,0.512784481048584,0.8414292931556702
109,27,5234273.png,1,6559cb22ad82d0a4a3b71e5ba1777e187d35959f2d0c2526c0b80dc13e560f5c,resize75,0.359375,0.109375,0.49616706371307373,0.7647414207458496
110,27,5234273.png,1,6559cb22ad82d0a4a3b71e5ba1777e187d35959f2d0c2526c0b80dc13e560f5c,resize50,0.3359375,0.09375,0.44930320978164673,0.7097879648208618
111,27,5234273.png,1,6559cb22ad82d0a4a3b71e5ba1777e187d35959f2d0c2526c0b80dc13e560f5c,resize25,0.4765625,0.5,0.28960925340652466,0.7629426717758179
112,28,5234277.png,0,34fce9703cd5f6a01091bb5f9f4cc1f7480ebc467bf66971f05936091f414692,clean,0.359375,0.0,0.5472019910812378,0.8501845598220825
113,28,5234277.png,0,34fce9703cd5f6a01091bb5f9f4cc1f7480ebc467bf66971f05936091f414692,resize75,0.421875,0.078125,0.5582467317581177,0.7795001268386841
114,28,5234277.png,0,34fce9703cd5f6a01091bb5f9f4cc1f7480ebc467bf66971f05936091f414692,resize50,0.453125,0.09375,0.5093386173248291,0.6662958264350891
115,28,5234277.png,0,34fce9703cd5f6a01091bb5f9f4cc1f7480ebc467bf66971f05936091f414692,resize25,0.5625,0.5390625,0.2639603018760681,0.771858811378479
116,29,5234277.png,1,ef454f8b5c1fa9c1332daf30a4028a186d8bda3c58495ddc6c2f55937bff98af,clean,0.3046875,0.0,0.48055559396743774,0.8454655408859253
117,29,5234277.png,1,ef454f8b5c1fa9c1332daf30a4028a186d8bda3c58495ddc6c2f55937bff98af,resize75,0.3671875,0.0703125,0.47964179515838623,0.767306923866272
118,29,5234277.png,1,ef454f8b5c1fa9c1332daf30a4028a186d8bda3c58495ddc6c2f55937bff98af,resize50,0.3828125,0.078125,0.4320112466812134,0.6699939370155334
119,29,5234277.png,1,ef454f8b5c1fa9c1332daf30a4028a186d8bda3c58495ddc6c2f55937bff98af,resize25,0.484375,0.4765625,0.25326666235923767,0.7809903621673584
120,30,5234313.png,0,27dfba357383295b28718e4953d603bc21fcdbfcbaddef5689340cbb1cc76d1d,clean,0.0546875,0.0,0.5583789944648743,0.8670847415924072
121,30,5234313.png,0,27dfba357383295b28718e4953d603bc21fcdbfcbaddef5689340cbb1cc76d1d,resize75,0.1640625,0.1015625,0.5523964166641235,0.7934190630912781
122,30,5234313.png,0,27dfba357383295b28718e4953d603bc21fcdbfcbaddef5689340cbb1cc76d1d,resize50,0.1796875,0.125,0.5179063081741333,0.7792786955833435
123,30,5234313.png,0,27dfba357383295b28718e4953d603bc21fcdbfcbaddef5689340cbb1cc76d1d,resize25,0.53125,0.53125,0.29570096731185913,0.7527742385864258
124,31,5234313.png,1,990d7fc0aba5120fdcd3ee0f57955dd6c134f4baa7a5511618d264062329c81b,clean,0.0625,0.0,0.5015295147895813,0.8682382106781006
125,31,5234313.png,1,990d7fc0aba5120fdcd3ee0f57955dd6c134f4baa7a5511618d264062329c81b,resize75,0.1796875,0.0859375,0.5200610756874084,0.7965328097343445
126,31,5234313.png,1,990d7fc0aba5120fdcd3ee0f57955dd6c134f4baa7a5511618d264062329c81b,resize50,0.2109375,0.125,0.526902973651886,0.7785850167274475
127,31,5234313.png,1,990d7fc0aba5120fdcd3ee0f57955dd6c134f4baa7a5511618d264062329c81b,resize25,0.5,0.515625,0.2961123585700989,0.7528655529022217
128,32,5234366.png,0,9457c8bff17f7d8f6d8c46a5596b4f51c82a8d83208e82593f0d7ee115ebab79,clean,0.3984375,0.0,0.5296211242675781,0.8370899558067322
129,32,5234366.png,0,9457c8bff17f7d8f6d8c46a5596b4f51c82a8d83208e82593f0d7ee115ebab79,resize75,0.4296875,0.0234375,0.49895793199539185,0.7681618928909302
130,32,5234366.png,0,9457c8bff17f7d8f6d8c46a5596b4f51c82a8d83208e82593f0d7ee115ebab79,resize50,0.4296875,0.0390625,0.4476233124732971,0.6599453687667847
131,32,5234366.png,0,9457c8bff17f7d8f6d8c46a5596b4f51c82a8d83208e82593f0d7ee115ebab79,resize25,0.46875,0.4609375,0.18290668725967407,0.798557698726654
132,33,5234366.png,1,b8b69aa977e0b5312ccc850be78cc433d7bc2a1eec5b248e68f13d4c1edc3427,clean,0.375,0.0,0.4812278747558594,0.8340398073196411
133,33,5234366.png,1,b8b69aa977e0b5312ccc850be78cc433d7bc2a1eec5b248e68f13d4c1edc3427,resize75,0.4140625,0.0390625,0.46913379430770874,0.7468395233154297
134,33,5234366.png,1,b8b69aa977e0b5312ccc850be78cc433d7bc2a1eec5b248e68f13d4c1edc3427,resize50,0.4296875,0.0703125,0.4165346622467041,0.6729751229286194
135,33,5234366.png,1,b8b69aa977e0b5312ccc850be78cc433d7bc2a1eec5b248e68f13d4c1edc3427,resize25,0.4609375,0.46875,0.18230891227722168,0.7963880896568298
136,34,5234368.png,0,f3b58a2cfa56ddb41db2c25ffb593c7a315ae15a6de73c4dfa5cb2b0e8f5727f,clean,0.1640625,0.0,0.4601568579673767,0.8562369346618652
137,34,5234368.png,0,f3b58a2cfa56ddb41db2c25ffb593c7a315ae15a6de73c4dfa5cb2b0e8f5727f,resize75,0.25,0.09375,0.49632108211517334,0.7833259105682373
138,34,5234368.png,0,f3b58a2cfa56ddb41db2c25ffb593c7a315ae15a6de73c4dfa5cb2b0e8f5727f,resize50,0.28125,0.1484375,0.48655468225479126,0.7173591256141663
139,34,5234368.png,0,f3b58a2cfa56ddb41db2c25ffb593c7a315ae15a6de73c4dfa5cb2b0e8f5727f,resize25,0.484375,0.4765625,0.30812186002731323,0.7496078014373779
140,35,5234368.png,1,447d07d94a8ace917e6330943bc6a0ea0af48786a64e0ba3d1840da7821ec895,clean,0.2421875,0.0,0.5960664749145508,0.8632503747940063
141,35,5234368.png,1,447d07d94a8ace917e6330943bc6a0ea0af48786a64e0ba3d1840da7821ec895,resize75,0.3125,0.0703125,0.5607428550720215,0.7580651044845581
142,35,5234368.png,1,447d07d94a8ace917e6330943bc6a0ea0af48786a64e0ba3d1840da7821ec895,resize50,0.3515625,0.140625,0.5042523741722107,0.6881402134895325
143,35,5234368.png,1,447d07d94a8ace917e6330943bc6a0ea0af48786a64e0ba3d1840da7821ec895,resize25,0.484375,0.4921875,0.30684638023376465,0.7451269626617432
144,36,5234369.png,0,946378672bde909bd113743a71b46727d6b63e0086834f7f73305573fcc3cc89,clean,0.2890625,0.0,0.4857242703437805,0.8362175226211548
145,36,5234369.png,0,946378672bde909bd113743a71b46727d6b63e0086834f7f73305573fcc3cc89,resize75,0.3203125,0.0390625,0.485914945602417,0.7515851855278015
146,36,5234369.png,0,946378672bde909bd113743a71b46727d6b63e0086834f7f73305573fcc3cc89,resize50,0.40625,0.140625,0.4763537645339966,0.6623061895370483
147,36,5234369.png,0,946378672bde909bd113743a71b46727d6b63e0086834f7f73305573fcc3cc89,resize25,0.46875,0.4453125,0.2756783664226532,0.7527436017990112
148,37,5234369.png,1,40949fcec71509578930a1565ec61eae2d1d51fb2df9aca65c77fe80d89999e5,clean,0.3125,0.0,0.524315595626831,0.8339831233024597
149,37,5234369.png,1,40949fcec71509578930a1565ec61eae2d1d51fb2df9aca65c77fe80d89999e5,resize75,0.34375,0.0546875,0.5046439170837402,0.7423152327537537
150,37,5234369.png,1,40949fcec71509578930a1565ec61eae2d1d51fb2df9aca65c77fe80d89999e5,resize50,0.3828125,0.1171875,0.4910980463027954,0.677070140838623
151,37,5234369.png,1,40949fcec71509578930a1565ec61eae2d1d51fb2df9aca65c77fe80d89999e5,resize25,0.546875,0.546875,0.2736559510231018,0.7533190846443176
152,38,5234370.png,0,431823646792ea801a7c83efd429fa3bfade45661586a1c95c8ee5e74308bb88,clean,0.2890625,0.0,0.45911771059036255,0.8344663977622986
153,38,5234370.png,0,431823646792ea801a7c83efd429fa3bfade45661586a1c95c8ee5e74308bb88,resize75,0.359375,0.078125,0.44441425800323486,0.7541521787643433
154,38,5234370.png,0,431823646792ea801a7c83efd429fa3bfade45661586a1c95c8ee5e74308bb88,resize50,0.328125,0.046875,0.4081372618675232,0.6974812746047974
155,38,5234370.png,0,431823646792ea801a7c83efd429fa3bfade45661586a1c95c8ee5e74308bb88,resize25,0.4765625,0.46875,0.2529342770576477,0.7778283357620239
156,39,5234370.png,1,96aecb1b0e35c4ce8af32036b5ea3846d5327178c3eaffbd56a577a7024b70c6,clean,0.375,0.0,0.5520802736282349,0.8338445425033569
157,39,5234370.png,1,96aecb1b0e35c4ce8af32036b5ea3846d5327178c3eaffbd56a577a7024b70c6,resize75,0.4453125,0.0625,0.5087882280349731,0.7502835988998413
158,39,5234370.png,1,96aecb1b0e35c4ce8af32036b5ea3846d5327178c3eaffbd56a577a7024b70c6,resize50,0.4375,0.0859375,0.46330809593200684,0.6521385908126831
159,39,5234370.png,1,96aecb1b0e35c4ce8af32036b5ea3846d5327178c3eaffbd56a577a7024b70c6,resize25,0.5078125,0.5,0.25338053703308105,0.7759402990341187
160,40,5234371.png,0,db16897b4aa7b8a8a4fd05985d094d978b24c8da0b792598dfaa57f3a2c0b8e9,clean,0.3359375,0.0,0.5304047465324402,0.8412835597991943
161,40,5234371.png,0,db16897b4aa7b8a8a4fd05985d094d978b24c8da0b792598dfaa57f3a2c0b8e9,resize75,0.4140625,0.0703125,0.5542687177658081,0.7551928162574768
162,40,5234371.png,0,db16897b4aa7b8a8a4fd05985d094d978b24c8da0b792598dfaa57f3a2c0b8e9,resize50,0.40625,0.0625,0.49919989705085754,0.6855619549751282
163,40,5234371.png,0,db16897b4aa7b8a8a4fd05985d094d978b24c8da0b792598dfaa57f3a2c0b8e9,resize25,0.546875,0.515625,0.2549748122692108,0.7777733206748962
164,41,5234371.png,1,c66ff019326b7cca3b8e7bb6b55065311017cc1ffd03dbcfc647191a467f987e,clean,0.2890625,0.0,0.46543729305267334,0.8408383131027222
165,41,5234371.png,1,c66ff019326b7cca3b8e7bb6b55065311017cc1ffd03dbcfc647191a467f987e,resize75,0.359375,0.078125,0.478313148021698,0.7530887126922607
166,41,5234371.png,1,c66ff019326b7cca3b8e7bb6b55065311017cc1ffd03dbcfc647191a467f987e,resize50,0.3515625,0.078125,0.4285578429698944,0.6886609792709351
167,41,5234371.png,1,c66ff019326b7cca3b8e7bb6b55065311017cc1ffd03dbcfc647191a467f987e,resize25,0.46875,0.484375,0.25325536727905273,0.7761025428771973
168,42,5234372.png,0,3d5143201c8903d1b63038ee680d8e7d78a6898300ad12f0732574e65d5741ca,clean,0.4375,0.0078125,0.5299634337425232,0.8329299688339233
169,42,5234372.png,0,3d5143201c8903d1b63038ee680d8e7d78a6898300ad12f0732574e65d5741ca,resize75,0.4921875,0.0625,0.5066488981246948,0.7463783025741577
170,42,5234372.png,0,3d5143201c8903d1b63038ee680d8e7d78a6898300ad12f0732574e65d5741ca,resize50,0.5234375,0.1171875,0.4644312262535095,0.6127431988716125
171,42,5234372.png,0,3d5143201c8903d1b63038ee680d8e7d78a6898300ad12f0732574e65d5741ca,resize25,0.53125,0.53125,0.21119427680969238,0.7805365324020386
172,43,5234372.png,1,d1b1216edb6a1ad65b3c97f7d6100371643614aa0da9c32b07706bd1b4dffa0a,clean,0.4296875,0.0,0.5619271993637085,0.8419771194458008
173,43,5234372.png,1,d1b1216edb6a1ad65b3c97f7d6100371643614aa0da9c32b07706bd1b4dffa0a,resize75,0.4765625,0.0625,0.5465561151504517,0.7592594623565674
174,43,5234372.png,1,d1b1216edb6a1ad65b3c97f7d6100371643614aa0da9c32b07706bd1b4dffa0a,resize50,0.515625,0.09375,0.4900623559951782,0.6424790024757385
175,43,5234372.png,1,d1b1216edb6a1ad65b3c97f7d6100371643614aa0da9c32b07706bd1b4dffa0a,resize25,0.5703125,0.546875,0.2130286693572998,0.7800164222717285
176,44,5234373.png,0,91940efdb8e50dda66ad5af343fc6e5bce8fcc1f371e77170e1fd49f6fb0817c,clean,0.2890625,0.0,0.4424864649772644,0.8399438858032227
177,44,5234373.png,0,91940efdb8e50dda66ad5af343fc6e5bce8fcc1f371e77170e1fd49f6fb0817c,resize75,0.328125,0.046875,0.43738487362861633,0.7734619379043579
178,44,5234373.png,0,91940efdb8e50dda66ad5af343fc6e5bce8fcc1f371e77170e1fd49f6fb0817c,resize50,0.328125,0.0390625,0.4038172960281372,0.7015786170959473
179,44,5234373.png,0,91940efdb8e50dda66ad5af343fc6e5bce8fcc1f371e77170e1fd49f6fb0817c,resize25,0.4140625,0.4296875,0.19631436467170715,0.7739772796630859
180,45,5234373.png,1,624dc1a50a80bb7ff86bf4cddd9a65ed97c2869d2b965b9d35cdebf0b7dd531b,clean,0.4140625,0.0,0.5586385130882263,0.8406192064285278
181,45,5234373.png,1,624dc1a50a80bb7ff86bf4cddd9a65ed97c2869d2b965b9d35cdebf0b7dd531b,resize75,0.453125,0.046875,0.5047817230224609,0.7540956735610962
182,45,5234373.png,1,624dc1a50a80bb7ff86bf4cddd9a65ed97c2869d2b965b9d35cdebf0b7dd531b,resize50,0.4453125,0.0390625,0.47073373198509216,0.6466947197914124
183,45,5234373.png,1,624dc1a50a80bb7ff86bf4cddd9a65ed97c2869d2b965b9d35cdebf0b7dd531b,resize25,0.5234375,0.5234375,0.19652870297431946,0.7747657299041748
184,46,5234374.png,0,f7d3b999f5b1593a618fb060849a474e5d29acbdabbe3d7c5a64885457e1e63f,clean,0.5234375,0.0,0.5560134649276733,0.832756519317627
185,46,5234374.png,0,f7d3b999f5b1593a618fb060849a474e5d29acbdabbe3d7c5a64885457e1e63f,resize75,0.5390625,0.015625,0.5326093435287476,0.7529455423355103
186,46,5234374.png,0,f7d3b999f5b1593a618fb060849a474e5d29acbdabbe3d7c5a64885457e1e63f,resize50,0.546875,0.0234375,0.4575459361076355,0.6048393249511719
187,46,5234374.png,0,f7d3b999f5b1593a618fb060849a474e5d29acbdabbe3d7c5a64885457e1e63f,resize25,0.5703125,0.5625,0.12519560754299164,0.7950394749641418
188,47,5234374.png,1,31ac56b53eff50b8af32a21b7594bb14d3a2be94f9088ce8f4f4057e9ccb3a53,clean,0.390625,0.0,0.4613927900791168,0.8336332440376282
189,47,5234374.png,1,31ac56b53eff50b8af32a21b7594bb14d3a2be94f9088ce8f4f4057e9ccb3a53,resize75,0.40625,0.015625,0.44101059436798096,0.7689346075057983
190,47,5234374.png,1,31ac56b53eff50b8af32a21b7594bb14d3a2be94f9088ce8f4f4057e9ccb3a53,resize50,0.421875,0.03125,0.38582897186279297,0.6603501439094543
191,47,5234374.png,1,31ac56b53eff50b8af32a21b7594bb14d3a2be94f9088ce8f4f4057e9ccb3a53,resize25,0.4609375,0.4453125,0.1294519007205963,0.7934017181396484
192,48,5234375.png,0,ad7a47636c91f6d9441da593bd2f47fa66a541e07ac1949689fc3d722ceb9109,clean,0.0078125,0.0,0.5439893007278442,0.8794052600860596
193,48,5234375.png,0,ad7a47636c91f6d9441da593bd2f47fa66a541e07ac1949689fc3d722ceb9109,resize75,0.0703125,0.0703125,0.5494251251220703,0.8283700942993164
194,48,5234375.png,0,ad7a47636c91f6d9441da593bd2f47fa66a541e07ac1949689fc3d722ceb9109,resize50,0.1015625,0.125,0.5917468667030334,0.791084885597229
195,48,5234375.png,0,ad7a47636c91f6d9441da593bd2f47fa66a541e07ac1949689fc3d722ceb9109,resize25,0.578125,0.6015625,0.34623289108276367,0.754092276096344
196,49,5234375.png,1,a199420e71da194996031a89ac2677baea331344f7226d130c846e51a47f116f,clean,0.0,0.0,0.5429097414016724,0.876644492149353
197,49,5234375.png,1,a199420e71da194996031a89ac2677baea331344f7226d130c846e51a47f116f,resize75,0.09375,0.1015625,0.528174102306366,0.8224583268165588
198,49,5234375.png,1,a199420e71da194996031a89ac2677baea331344f7226d130c846e51a47f116f,resize50,0.1640625,0.1875,0.5270688533782959,0.7828838229179382
199,49,5234375.png,1,a199420e71da194996031a89ac2677baea331344f7226d130c846e51a47f116f,resize25,0.5234375,0.5390625,0.34472405910491943,0.7495680451393127
200,50,5235108.png,0,dc847af0a17d34357728b33daca031fb5beffce01422bac56bc8a494026a2f4b,clean,0.171875,0.0,0.5582447052001953,0.8697097301483154
201,50,5235108.png,0,dc847af0a17d34357728b33daca031fb5beffce01422bac56bc8a494026a2f4b,resize75,0.2578125,0.0859375,0.5387910604476929,0.8018871545791626
202,50,5235108.png,0,dc847af0a17d34357728b33daca031fb5beffce01422bac56bc8a494026a2f4b,resize50,0.234375,0.046875,0.5085489153862,0.7456197142601013
203,50,5235108.png,0,dc847af0a17d34357728b33daca031fb5beffce01422bac56bc8a494026a2f4b,resize25,0.515625,0.515625,0.29538223147392273,0.7288848757743835
204,51,5235108.png,1,f7b3b2d0a70b247c78f5b2d14bb8708bb0171a33651dcb092856e3d6bcaa7b1c,clean,0.171875,0.0,0.5413693785667419,0.877636194229126
205,51,5235108.png,1,f7b3b2d0a70b247c78f5b2d14bb8708bb0171a33651dcb092856e3d6bcaa7b1c,resize75,0.265625,0.078125,0.5839374661445618,0.8185633420944214
206,51,5235108.png,1,f7b3b2d0a70b247c78f5b2d14bb8708bb0171a33651dcb092856e3d6bcaa7b1c,resize50,0.2421875,0.0625,0.5421712398529053,0.7539757490158081
207,51,5235108.png,1,f7b3b2d0a70b247c78f5b2d14bb8708bb0171a33651dcb092856e3d6bcaa7b1c,resize25,0.578125,0.609375,0.29514792561531067,0.7299011945724487
208,52,5235401.png,0,4150a45e8c19f4e70827f10b3ec878a432402d2166385b0d03eba34733220f52,clean,0.2421875,0.0,0.4264124929904938,0.8385260105133057
209,52,5235401.png,0,4150a45e8c19f4e70827f10b3ec878a432402d2166385b0d03eba34733220f52,resize75,0.296875,0.0546875,0.4041801393032074,0.7611409425735474
210,52,5235401.png,0,4150a45e8c19f4e70827f10b3ec878a432402d2166385b0d03eba34733220f52,resize50,0.2890625,0.0703125,0.3954622745513916,0.7067684531211853
211,52,5235401.png,0,4150a45e8c19f4e70827f10b3ec878a432402d2166385b0d03eba34733220f52,resize25,0.421875,0.4140625,0.230838805437088,0.7667349576950073
212,53,5235401.png,1,32042fb87d42fcb6a5b963b720555bd63999675f862619d6ac84b33882d91bb6,clean,0.3828125,0.0,0.4954761266708374,0.8418849110603333
213,53,5235401.png,1,32042fb87d42fcb6a5b963b720555bd63999675f862619d6ac84b33882d91bb6,resize75,0.4375,0.046875,0.49463051557540894,0.7421779632568359
214,53,5235401.png,1,32042fb87d42fcb6a5b963b720555bd63999675f862619d6ac84b33882d91bb6,resize50,0.4375,0.0703125,0.46874722838401794,0.6539022922515869
215,53,5235401.png,1,32042fb87d42fcb6a5b963b720555bd63999675f862619d6ac84b33882d91bb6,resize25,0.5703125,0.5390625,0.23170508444309235,0.7692552208900452
216,54,5235405.png,0,7dd67fe191d2a4edf713500af45096f1c315f456e561257597850a075e7c2d39,clean,0.28125,0.0,0.519410252571106,0.8578639030456543
217,54,5235405.png,0,7dd67fe191d2a4edf713500af45096f1c315f456e561257597850a075e7c2d39,resize75,0.359375,0.0546875,0.5129491090774536,0.762653112411499
218,54,5235405.png,0,7dd67fe191d2a4edf713500af45096f1c315f456e561257597850a075e7c2d39,resize50,0.3984375,0.109375,0.511745810508728,0.6633272767066956
219,54,5235405.png,0,7dd67fe191d2a4edf713500af45096f1c315f456e561257597850a075e7c2d39,resize25,0.5078125,0.5,0.2532943785190582,0.7739813327789307
220,55,5235405.png,1,f00f377ce316883061272ea6cd1b370b1dc7a4b6f39ec66cbd684f811f302f96,clean,0.3046875,0.0,0.5514178276062012,0.8534215688705444
221,55,5235405.png,1,f00f377ce316883061272ea6cd1b370b1dc7a4b6f39ec66cbd684f811f302f96,resize75,0.390625,0.078125,0.5262622237205505,0.7288726568222046
222,55,5235405.png,1,f00f377ce316883061272ea6cd1b370b1dc7a4b6f39ec66cbd684f811f302f96,resize50,0.4296875,0.09375,0.4812115728855133,0.665031909942627
223,55,5235405.png,1,f00f377ce316883061272ea6cd1b370b1dc7a4b6f39ec66cbd684f811f302f96,resize25,0.6015625,0.6015625,0.2528628706932068,0.7715623378753662
224,56,5235420.png,0,8a35c1e8e1c8a3f726ebe79a3d61d273a8e381029cab29a3233f4783ae5fef0a,clean,0.125,0.0,0.5322515368461609,0.8399657011032104
225,56,5235420.png,0,8a35c1e8e1c8a3f726ebe79a3d61d273a8e381029cab29a3233f4783ae5fef0a,resize75,0.2109375,0.1015625,0.5551884174346924,0.7838916182518005
226,56,5235420.png,0,8a35c1e8e1c8a3f726ebe79a3d61d273a8e381029cab29a3233f4783ae5fef0a,resize50,0.25,0.1328125,0.5112401843070984,0.7260962724685669
227,56,5235420.png,0,8a35c1e8e1c8a3f726ebe79a3d61d273a8e381029cab29a3233f4783ae5fef0a,resize25,0.5234375,0.5,0.3964273929595947,0.7074456214904785
228,57,5235420.png,1,031247de08494eff491a20f2924f8c80d98d498231dcd98cfd3f48b9f9c587da,clean,0.2109375,0.0,0.503839910030365,0.8439814448356628
229,57,5235420.png,1,031247de08494eff491a20f2924f8c80d98d498231dcd98cfd3f48b9f9c587da,resize75,0.3125,0.1015625,0.5107734203338623,0.739531397819519
230,57,5235420.png,1,031247de08494eff491a20f2924f8c80d98d498231dcd98cfd3f48b9f9c587da,resize50,0.3515625,0.1640625,0.475711464881897,0.6675896048545837
231,57,5235420.png,1,031247de08494eff491a20f2924f8c80d98d498231dcd98cfd3f48b9f9c587da,resize25,0.625,0.6328125,0.3969714641571045,0.7154704928398132
232,58,5235474.png,0,6eb9462e6101a63767a8f2ea9eb41d6e0cba4f6c610ff2ce2851614e687f6c60,clean,0.2109375,0.0,0.4768550395965576,0.8363449573516846
233,58,5235474.png,0,6eb9462e6101a63767a8f2ea9eb41d6e0cba4f6c610ff2ce2851614e687f6c60,resize75,0.3359375,0.1484375,0.4900752902030945,0.7671077251434326
234,58,5235474.png,0,6eb9462e6101a63767a8f2ea9eb41d6e0cba4f6c610ff2ce2851614e687f6c60,resize50,0.3671875,0.1484375,0.4536486566066742,0.67298424243927
235,58,5235474.png,0,6eb9462e6101a63767a8f2ea9eb41d6e0cba4f6c610ff2ce2851614e687f6c60,resize25,0.421875,0.4296875,0.3394615650177002,0.7412247657775879
236,59,5235474.png,1,e982dd16344d839aef885b2e5098704e829a733a886143c3e992ccf67b3ffb7d,clean,0.25,0.0,0.5453137755393982,0.8434774279594421
237,59,5235474.png,1,e982dd16344d839aef885b2e5098704e829a733a886143c3e992ccf67b3ffb7d,resize75,0.375,0.1484375,0.5726653337478638,0.7479531168937683
238,59,5235474.png,1,e982dd16344d839aef885b2e5098704e829a733a886143c3e992ccf67b3ffb7d,resize50,0.4140625,0.171875,0.5428396463394165,0.6586577892303467
239,59,5235474.png,1,e982dd16344d839aef885b2e5098704e829a733a886143c3e992ccf67b3ffb7d,resize25,0.5703125,0.5703125,0.33788031339645386,0.7493064403533936
240,60,5236242.png,0,3c4ae95b5e8046bc242dc9f64b7a816c2902c5018efa14274976ce1dca8d3661,clean,0.0,0.0,0.5368847846984863,0.8880574107170105
241,60,5236242.png,0,3c4ae95b5e8046bc242dc9f64b7a816c2902c5018efa14274976ce1dca8d3661,resize75,0.1015625,0.140625,0.5740065574645996,0.7939832210540771
242,60,5236242.png,0,3c4ae95b5e8046bc242dc9f64b7a816c2902c5018efa14274976ce1dca8d3661,resize50,0.15625,0.1796875,0.5876420736312866,0.7845892310142517
243,60,5236242.png,0,3c4ae95b5e8046bc242dc9f64b7a816c2902c5018efa14274976ce1dca8d3661,resize25,0.53125,0.53125,0.4974023699760437,0.6988039016723633
244,61,5236242.png,1,55fe853bea1005277c5e21b370a53cf77f474e7458f441bef7d63d8f6455375a,clean,0.0,0.0,0.5011554956436157,0.8765669465065002
245,61,5236242.png,1,55fe853bea1005277c5e21b370a53cf77f474e7458f441bef7d63d8f6455375a,resize75,0.15625,0.1640625,0.5377491116523743,0.779323399066925
246,61,5236242.png,1,55fe853bea1005277c5e21b370a53cf77f474e7458f441bef7d63d8f6455375a,resize50,0.171875,0.1953125,0.5274165868759155,0.7811962366104126
247,61,5236242.png,1,55fe853bea1005277c5e21b370a53cf77f474e7458f441bef7d63d8f6455375a,resize25,0.4765625,0.4609375,0.4972071647644043,0.6991943120956421
248,62,5236261.png,0,8e694dcf543849fdf63e81bc4778186c0abb178b315f728ab82883ed64fff6dc,clean,0.09375,0.0,0.5532540678977966,0.8747382760047913
249,62,5236261.png,0,8e694dcf543849fdf63e81bc4778186c0abb178b315f728ab82883ed64fff6dc,resize75,0.1953125,0.1171875,0.564427375793457,0.7770241498947144
250,62,5236261.png,0,8e694dcf543849fdf63e81bc4778186c0abb178b315f728ab82883ed64fff6dc,resize50,0.2421875,0.15625,0.5321438908576965,0.7426218390464783
251,62,5236261.png,0,8e694dcf543849fdf63e81bc4778186c0abb178b315f728ab82883ed64fff6dc,resize25,0.5234375,0.5234375,0.41220009326934814,0.7227358818054199
252,63,5236261.png,1,a89f61e169e91da083648a228d3e149475db75e05d935ea5151283c13cd66a2a,clean,0.078125,0.0,0.4634243845939636,0.8700573444366455
253,63,5236261.png,1,a89f61e169e91da083648a228d3e149475db75e05d935ea5151283c13cd66a2a,resize75,0.1953125,0.1328125,0.5209265947341919,0.7828723192214966
254,63,5236261.png,1,a89f61e169e91da083648a228d3e149475db75e05d935ea5151283c13cd66a2a,resize50,0.2421875,0.171875,0.4897313416004181,0.728517472743988
255,63,5236261.png,1,a89f61e169e91da083648a228d3e149475db75e05d935ea5151283c13cd66a2a,resize25,0.5,0.484375,0.4144955277442932,0.7273659110069275
256,64,5236424.png,0,3aa9b58e9d7feb21bfec8d2c621e903db8ffd9dfde7f9cdf0687e351c46f3d74,clean,0.0078125,0.0,0.4758596420288086,0.8723639249801636
257,64,5236424.png,0,3aa9b58e9d7feb21bfec8d2c621e903db8ffd9dfde7f9cdf0687e351c46f3d74,resize75,0.171875,0.15625,0.4964333772659302,0.7790358066558838
258,64,5236424.png,0,3aa9b58e9d7feb21bfec8d2c621e903db8ffd9dfde7f9cdf0687e351c46f3d74,resize50,0.1328125,0.1328125,0.4865233898162842,0.7674447298049927
259,64,5236424.png,0,3aa9b58e9d7feb21bfec8d2c621e903db8ffd9dfde7f9cdf0687e351c46f3d74,resize25,0.484375,0.515625,0.427142858505249,0.7103424072265625
260,65,5236424.png,1,c1796d89164ec77fde28067e8b11ca365323a00062ec501e1cce7bfcd12ec313,clean,0.0,0.0,0.5487949848175049,0.8885098099708557
261,65,5236424.png,1,c1796d89164ec77fde28067e8b11ca365323a00062ec501e1cce7bfcd12ec313,resize75,0.171875,0.15625,0.5862911939620972,0.8065745830535889
262,65,5236424.png,1,c1796d89164ec77fde28067e8b11ca365323a00062ec501e1cce7bfcd12ec313,resize50,0.125,0.1328125,0.6043659448623657,0.7961112856864929
263,65,5236424.png,1,c1796d89164ec77fde28067e8b11ca365323a00062ec501e1cce7bfcd12ec313,resize25,0.53125,0.5546875,0.4239054024219513,0.7092531323432922
264,66,5236602.png,0,51fed358940ce5971e1908516007a37b1ba1c2e23d574da0e0f72ffaad062c22,clean,0.0,0.0,0.537177562713623,0.8914493322372437
265,66,5236602.png,0,51fed358940ce5971e1908516007a37b1ba1c2e23d574da0e0f72ffaad062c22,resize75,0.0703125,0.1015625,0.6090947389602661,0.7909361124038696
266,66,5236602.png,0,51fed358940ce5971e1908516007a37b1ba1c2e23d574da0e0f72ffaad062c22,resize50,0.0625,0.09375,0.5831348896026611,0.8377810716629028
267,66,5236602.png,0,51fed358940ce5971e1908516007a37b1ba1c2e23d574da0e0f72ffaad062c22,resize25,0.5078125,0.5078125,0.37521809339523315,0.6912540197372437
268,67,5236602.png,1,6368d68729754069714488eb929c5200226d9d569b4a7f724de343cd3b2b8b62,clean,0.0,0.0,0.5535954236984253,0.8843203783035278
269,67,5236602.png,1,6368d68729754069714488eb929c5200226d9d569b4a7f724de343cd3b2b8b62,resize75,0.078125,0.09375,0.5932903289794922,0.7865933775901794
270,67,5236602.png,1,6368d68729754069714488eb929c5200226d9d569b4a7f724de343cd3b2b8b62,resize50,0.078125,0.109375,0.574800968170166,0.8122206330299377
271,67,5236602.png,1,6368d68729754069714488eb929c5200226d9d569b4a7f724de343cd3b2b8b62,resize25,0.4921875,0.4921875,0.37476059794425964,0.6903390288352966
272,68,5237268.png,0,0bda64e37d6ab586a57591ab7b47963e6f18d3fc2591b94631873abdd0694136,clean,0.421875,0.0,0.5231895446777344,0.8330670595169067
273,68,5237268.png,0,0bda64e37d6ab586a57591ab7b47963e6f18d3fc2591b94631873abdd0694136,resize75,0.5,0.0859375,0.5201702117919922,0.7429877519607544
274,68,5237268.png,0,0bda64e37d6ab586a57591ab7b47963e6f18d3fc2591b94631873abdd0694136,resize50,0.4921875,0.078125,0.4575583338737488,0.6365171670913696
275,68,5237268.png,0,0bda64e37d6ab586a57591ab7b47963e6f18d3fc2591b94631873abdd0694136,resize25,0.59375,0.6015625,0.25835245847702026,0.7557519674301147
276,69,5237268.png,1,c326409afc885a947df984d48437d7ae4e76cdcfaf251f1dc51642cde3009775,clean,0.359375,0.0,0.5262166857719421,0.8356744647026062
277,69,5237268.png,1,c326409afc885a947df984d48437d7ae4e76cdcfaf251f1dc51642cde3009775,resize75,0.4296875,0.078125,0.5020037293434143,0.7570886611938477
278,69,5237268.png,1,c326409afc885a947df984d48437d7ae4e76cdcfaf251f1dc51642cde3009775,resize50,0.4375,0.1015625,0.4553033113479614,0.6602286100387573
279,69,5237268.png,1,c326409afc885a947df984d48437d7ae4e76cdcfaf251f1dc51642cde3009775,resize25,0.40625,0.3984375,0.25633275508880615,0.7587806582450867
280,70,5237579.png,0,5b2c973956706f249b209d8fb67d76c4082ffb0b2ba184a6d51721fa34b98f8c,clean,0.0,0.0,0.5696750283241272,0.888773500919342
281,70,5237579.png,0,5b2c973956706f249b209d8fb67d76c4082ffb0b2ba184a6d51721fa34b98f8c,resize75,0.0546875,0.046875,0.554868757724762,0.7940089106559753
282,70,5237579.png,0,5b2c973956706f249b209d8fb67d76c4082ffb0b2ba184a6d51721fa34b98f8c,resize50,0.0234375,0.03125,0.5680745840072632,0.8275048732757568
283,70,5237579.png,0,5b2c973956706f249b209d8fb67d76c4082ffb0b2ba184a6d51721fa34b98f8c,resize25,0.515625,0.5,0.3584047257900238,0.755172610282898
284,71,5237579.png,1,504120a2b90911eccd45721c5c9f3cac59e2ee0655fc2537250057fc1d88fa0f,clean,0.0,0.0,0.5103811025619507,0.8753299713134766
285,71,5237579.png,1,504120a2b90911eccd45721c5c9f3cac59e2ee0655fc2537250057fc1d88fa0f,resize75,0.078125,0.0546875,0.5331666469573975,0.761593222618103
286,71,5237579.png,1,504120a2b90911eccd45721c5c9f3cac59e2ee0655fc2537250057fc1d88fa0f,resize50,0.015625,0.0234375,0.5294650793075562,0.8278212547302246
287,71,5237579.png,1,504120a2b90911eccd45721c5c9f3cac59e2ee0655fc2537250057fc1d88fa0f,resize25,0.5390625,0.5546875,0.35845738649368286,0.7550673484802246
288,72,5237580.png,0,b5b5347f510052a2e11a8b3654f67cac29331891b1f14d51db7636f234470d45,clean,0.0,0.0,0.5060468912124634,0.8630841970443726
289,72,5237580.png,0,b5b5347f510052a2e11a8b3654f67cac29331891b1f14d51db7636f234470d45,resize75,0.1875,0.1640625,0.5499632358551025,0.7288944721221924
290,72,5237580.png,0,b5b5347f510052a2e11a8b3654f67cac29331891b1f14d51db7636f234470d45,resize50,0.125,0.09375,0.5229235887527466,0.7428734302520752
291,72,5237580.png,0,b5b5347f510052a2e11a8b3654f67cac29331891b1f14d51db7636f234470d45,resize25,0.5078125,0.5546875,0.35044044256210327,0.7413425445556641
292,73,5237580.png,1,bf02af43e7982e510796f24804f1efc059a89f554e3e71ae77be8a4375b32bc4,clean,0.0,0.0,0.5370591878890991,0.8779128193855286
293,73,5237580.png,1,bf02af43e7982e510796f24804f1efc059a89f554e3e71ae77be8a4375b32bc4,resize75,0.140625,0.1328125,0.5609246492385864,0.7882452011108398
294,73,5237580.png,1,bf02af43e7982e510796f24804f1efc059a89f554e3e71ae77be8a4375b32bc4,resize50,0.1171875,0.0859375,0.5501687526702881,0.7754477262496948
295,73,5237580.png,1,bf02af43e7982e510796f24804f1efc059a89f554e3e71ae77be8a4375b32bc4,resize25,0.46875,0.4453125,0.35075315833091736,0.7478588819503784
296,74,5237785.png,0,518c1a6c576a712c30b719bf7cf0f27cbb9e3dbe52b701ac2d51270a7ef8240a,clean,0.015625,0.0,0.5133922100067139,0.8809217214584351
297,74,5237785.png,0,518c1a6c576a712c30b719bf7cf0f27cbb9e3dbe52b701ac2d51270a7ef8240a,resize75,0.09375,0.0625,0.5146028995513916,0.8198769688606262
298,74,5237785.png,0,518c1a6c576a712c30b719bf7cf0f27cbb9e3dbe52b701ac2d51270a7ef8240a,resize50,0.1328125,0.1171875,0.5234880447387695,0.7751524448394775
299,74,5237785.png,0,518c1a6c576a712c30b719bf7cf0f27cbb9e3dbe52b701ac2d51270a7ef8240a,resize25,0.5859375,0.5390625,0.4130473732948303,0.7251925468444824
300,75,5237785.png,1,0aae0040f89f1cb23ef603900d9bbb3f12a76a81a5b3e7d1486645b936a189f1,clean,0.0234375,0.0,0.5349123477935791,0.8804959654808044
301,75,5237785.png,1,0aae0040f89f1cb23ef603900d9bbb3f12a76a81a5b3e7d1486645b936a189f1,resize75,0.09375,0.0703125,0.5385046005249023,0.8086574673652649
302,75,5237785.png,1,0aae0040f89f1cb23ef603900d9bbb3f12a76a81a5b3e7d1486645b936a189f1,resize50,0.125,0.1171875,0.5130949020385742,0.797526478767395
303,75,5237785.png,1,0aae0040f89f1cb23ef603900d9bbb3f12a76a81a5b3e7d1486645b936a189f1,resize25,0.515625,0.4921875,0.411114364862442,0.7277994155883789
304,76,5238012.png,0,786dae259742205b9944a576a74584985d7070a3bfe11847fc7c1c7e795f3ded,clean,0.0,0.0,0.5312057733535767,0.8974027633666992
305,76,5238012.png,0,786dae259742205b9944a576a74584985d7070a3bfe11847fc7c1c7e795f3ded,resize75,0.0078125,0.0234375,0.5495222806930542,0.8698239922523499
306,76,5238012.png,0,786dae259742205b9944a576a74584985d7070a3bfe11847fc7c1c7e795f3ded,resize50,0.0078125,0.0078125,0.5458695888519287,0.8690542578697205
307,76,5238012.png,0,786dae259742205b9944a576a74584985d7070a3bfe11847fc7c1c7e795f3ded,resize25,0.5234375,0.5234375,0.40132081508636475,0.7003110647201538
308,77,5238012.png,1,c40d4e5c766c30727533846a0898cc2a19f20abbe0d0ff6f25b863eaa3403fdf,clean,0.0,0.0,0.5614917278289795,0.8904993534088135
309,77,5238012.png,1,c40d4e5c766c30727533846a0898cc2a19f20abbe0d0ff6f25b863eaa3403fdf,resize75,0.015625,0.015625,0.5561639070510864,0.856097400188446
310,77,5238012.png,1,c40d4e5c766c30727533846a0898cc2a19f20abbe0d0ff6f25b863eaa3403fdf,resize50,0.0078125,0.015625,0.5644259452819824,0.8579165935516357
311,77,5238012.png,1,c40d4e5c766c30727533846a0898cc2a19f20abbe0d0ff6f25b863eaa3403fdf,resize25,0.5390625,0.5390625,0.40132081508636475,0.7003110647201538
312,78,5238389.png,0,9de049c3fa0e2b8d9a4a2ec0b2a7756cd505017b3f4baa3e22d93bee8df138e5,clean,0.171875,0.0,0.492517352104187,0.8422421216964722
313,78,5238389.png,0,9de049c3fa0e2b8d9a4a2ec0b2a7756cd505017b3f4baa3e22d93bee8df138e5,resize75,0.28125,0.078125,0.4947439134120941,0.7464292049407959
314,78,5238389.png,0,9de049c3fa0e2b8d9a4a2ec0b2a7756cd505017b3f4baa3e22d93bee8df138e5,resize50,0.296875,0.1171875,0.46581074595451355,0.7180843353271484
315,78,5238389.png,0,9de049c3fa0e2b8d9a4a2ec0b2a7756cd505017b3f4baa3e22d93bee8df138e5,resize25,0.46875,0.484375,0.2893517017364502,0.7515352964401245
316,79,5238389.png,1,e9d5686d0b7ce53e408931c1d2c992023ce6f33ebdc132f2488a9659aeffc289,clean,0.1796875,0.0,0.5255029201507568,0.8456200361251831
317,79,5238389.png,1,e9d5686d0b7ce53e408931c1d2c992023ce6f33ebdc132f2488a9659aeffc289,resize75,0.265625,0.0546875,0.4938792586326599,0.7679030895233154
318,79,5238389.png,1,e9d5686d0b7ce53e408931c1d2c992023ce6f33ebdc132f2488a9659aeffc289,resize50,0.3046875,0.09375,0.4724958539009094,0.709962010383606
319,79,5238389.png,1,e9d5686d0b7ce53e408931c1d2c992023ce6f33ebdc132f2488a9659aeffc289,resize25,0.4375,0.453125,0.2881483733654022,0.7538785338401794
320,80,5238543.png,0,d09e31c5184aa0fbf4c4af134dad10781419720c7e2723d00c6715a0d961662e,clean,0.3828125,0.0,0.4864194989204407,0.839333713054657
321,80,5238543.png,0,d09e31c5184aa0fbf4c4af134dad10781419720c7e2723d00c6715a0d961662e,resize75,0.4296875,0.0546875,0.4733840823173523,0.7585451006889343
322,80,5238543.png,0,d09e31c5184aa0fbf4c4af134dad10781419720c7e2723d00c6715a0d961662e,resize50,0.421875,0.046875,0.43842291831970215,0.6723700761795044
323,80,5238543.png,0,d09e31c5184aa0fbf4c4af134dad10781419720c7e2723d00c6715a0d961662e,resize25,0.46875,0.4765625,0.16474390029907227,0.7771706581115723
324,81,5238543.png,1,4bf1b979f4098fdcd6cdb170149b6552dd947f64f37a3d9dd67902a96961c93b,clean,0.40625,0.0,0.5323063135147095,0.8448554873466492
325,81,5238543.png,1,4bf1b979f4098fdcd6cdb170149b6552dd947f64f37a3d9dd67902a96961c93b,resize75,0.4453125,0.046875,0.5093693137168884,0.7665046453475952
326,81,5238543.png,1,4bf1b979f4098fdcd6cdb170149b6552dd947f64f37a3d9dd67902a96961c93b,resize50,0.453125,0.0625,0.46435171365737915,0.6630366444587708
327,81,5238543.png,1,4bf1b979f4098fdcd6cdb170149b6552dd947f64f37a3d9dd67902a96961c93b,resize25,0.5234375,0.515625,0.16449914872646332,0.7782044410705566
328,82,5238560.png,0,0b08588bd07bfd8f73fc9f6a97e9da5317e7f8ba87cf5e9730c1f76a0f3e62f3,clean,0.390625,0.0078125,0.49151965975761414,0.82757568359375
329,82,5238560.png,0,0b08588bd07bfd8f73fc9f6a97e9da5317e7f8ba87cf5e9730c1f76a0f3e62f3,resize75,0.4609375,0.078125,0.4842166304588318,0.7563692331314087
330,82,5238560.png,0,0b08588bd07bfd8f73fc9f6a97e9da5317e7f8ba87cf5e9730c1f76a0f3e62f3,resize50,0.453125,0.078125,0.43465688824653625,0.6452237367630005
331,82,5238560.png,0,0b08588bd07bfd8f73fc9f6a97e9da5317e7f8ba87cf5e9730c1f76a0f3e62f3,resize25,0.4609375,0.4453125,0.19150811433792114,0.7951493263244629
332,83,5238560.png,1,7b05d94f8a927e7d3ec83f338f05acad0725b6ad6723c7e63764c5928b2037c7,clean,0.3203125,0.0078125,0.4489127993583679,0.8271877765655518
333,83,5238560.png,1,7b05d94f8a927e7d3ec83f338f05acad0725b6ad6723c7e63764c5928b2037c7,resize75,0.3828125,0.0703125,0.42323458194732666,0.7438075542449951
334,83,5238560.png,1,7b05d94f8a927e7d3ec83f338f05acad0725b6ad6723c7e63764c5928b2037c7,resize50,0.375,0.0625,0.38152599334716797,0.6521542072296143
335,83,5238560.png,1,7b05d94f8a927e7d3ec83f338f05acad0725b6ad6723c7e63764c5928b2037c7,resize25,0.3984375,0.421875,0.18836283683776855,0.7944601774215698
336,84,5238565.png,0,d73299c30a9e3f93e2e06bdbbf470b8ee1e64044bde0ae7d2a51dfcb2ce06078,clean,0.421875,0.0,0.5211379528045654,0.8388880491256714
337,84,5238565.png,0,d73299c30a9e3f93e2e06bdbbf470b8ee1e64044bde0ae7d2a51dfcb2ce06078,resize75,0.4609375,0.0390625,0.4866645336151123,0.7597974538803101
338,84,5238565.png,0,d73299c30a9e3f93e2e06bdbbf470b8ee1e64044bde0ae7d2a51dfcb2ce06078,resize50,0.4453125,0.046875,0.4345621168613434,0.6543110609054565
339,84,5238565.png,0,d73299c30a9e3f93e2e06bdbbf470b8ee1e64044bde0ae7d2a51dfcb2ce06078,resize25,0.5078125,0.5,0.20116868615150452,0.800162136554718
340,85,5238565.png,1,6cd2bc257755d20c4a02dc34b417c3babe3810147e1705b63a1ec39555140e70,clean,0.5,0.0,0.5940786004066467,0.8408379554748535
341,85,5238565.png,1,6cd2bc257755d20c4a02dc34b417c3babe3810147e1705b63a1ec39555140e70,resize75,0.53125,0.03125,0.5575425028800964,0.7567621469497681
342,85,5238565.png,1,6cd2bc257755d20c4a02dc34b417c3babe3810147e1705b63a1ec39555140e70,resize50,0.5234375,0.046875,0.49135035276412964,0.6286197900772095
343,85,5238565.png,1,6cd2bc257755d20c4a02dc34b417c3babe3810147e1705b63a1ec39555140e70,resize25,0.59375,0.5546875,0.1985718011856079,0.7954390645027161
344,86,5238645.png,0,141755f430500cc17f28b091815d3339b6c391fa43253757ba0d8ca90ac1abbf,clean,0.0859375,0.0,0.5217238068580627,0.8699960708618164
345,86,5238645.png,0,141755f430500cc17f28b091815d3339b6c391fa43253757ba0d8ca90ac1abbf,resize75,0.1171875,0.0390625,0.5367088913917542,0.8296647667884827
346,86,5238645.png,0,141755f430500cc17f28b091815d3339b6c391fa43253757ba0d8ca90ac1abbf,resize50,0.1171875,0.03125,0.5093730092048645,0.8146576285362244
347,86,5238645.png,0,141755f430500cc17f28b091815d3339b6c391fa43253757ba0d8ca90ac1abbf,resize25,0.4609375,0.46875,0.2846127450466156,0.7234945893287659
348,87,5238645.png,1,f08d2fe70ea49f67131056ac9901d74946f4075c5c04449c590042a7fa4b3794,clean,0.125,0.0,0.5123465061187744,0.8608731031417847
349,87,5238645.png,1,f08d2fe70ea49f67131056ac9901d74946f4075c5c04449c590042a7fa4b3794,resize75,0.15625,0.0390625,0.49766725301742554,0.8110036253929138
350,87,5238645.png,1,f08d2fe70ea49f67131056ac9901d74946f4075c5c04449c590042a7fa4b3794,resize50,0.140625,0.0390625,0.4823880195617676,0.7932230234146118
351,87,5238645.png,1,f08d2fe70ea49f67131056ac9901d74946f4075c5c04449c590042a7fa4b3794,resize25,0.5,0.484375,0.2848944365978241,0.7177483439445496
352,88,5239367.png,0,e0395f217ff14f5ce7419e2800b7223444c0020aa6a3808be0b4c4bd0f242c54,clean,0.1015625,0.0,0.5712754130363464,0.8369492292404175
353,88,5239367.png,0,e0395f217ff14f5ce7419e2800b7223444c0020aa6a3808be0b4c4bd0f242c54,resize75,0.3203125,0.1171875,0.5119976997375488,0.7045407295227051
354,88,5239367.png,0,e0395f217ff14f5ce7419e2800b7223444c0020aa6a3808be0b4c4bd0f242c54,resize50,0.296875,0.171875,0.5342541337013245,0.6885303258895874
355,88,5239367.png,0,e0395f217ff14f5ce7419e2800b7223444c0020aa6a3808be0b4c4bd0f242c54,resize25,0.5546875,0.5234375,0.4109342694282532,0.7171429991722107
356,89,5239367.png,1,9558bca4ea743ab9eabc22c0b91dc19f123e7253c4ec99c65e155b9948cc2a85,clean,0.0703125,0.0,0.48734021186828613,0.8447005152702332
357,89,5239367.png,1,9558bca4ea743ab9eabc22c0b91dc19f123e7253c4ec99c65e155b9948cc2a85,resize75,0.265625,0.140625,0.4814300835132599,0.7324408292770386
358,89,5239367.png,1,9558bca4ea743ab9eabc22c0b91dc19f123e7253c4ec99c65e155b9948cc2a85,resize50,0.265625,0.1640625,0.47710004448890686,0.6730844974517822
359,89,5239367.png,1,9558bca4ea743ab9eabc22c0b91dc19f123e7253c4ec99c65e155b9948cc2a85,resize25,0.5,0.46875,0.41091108322143555,0.7123329639434814
360,90,5239482.png,0,affc1c93f48954c399b74b687e6b01cbee50922caadb04d02d389f210926a624,clean,0.0078125,0.0,0.5546205043792725,0.8774657249450684
361,90,5239482.png,0,affc1c93f48954c399b74b687e6b01cbee50922caadb04d02d389f210926a624,resize75,0.0546875,0.0390625,0.5544133186340332,0.8211953639984131
362,90,5239482.png,0,affc1c93f48954c399b74b687e6b01cbee50922caadb04d02d389f210926a624,resize50,0.1015625,0.0859375,0.5267395973205566,0.8365504741668701
363,90,5239482.png,0,affc1c93f48954c399b74b687e6b01cbee50922caadb04d02d389f210926a624,resize25,0.546875,0.5546875,0.30731499195098877,0.7442655563354492
364,91,5239482.png,1,028bf4243be6d8ba8a17a97c659df55061cbe61e82d783df656532ea84edb0a6,clean,0.0078125,0.0,0.5850761532783508,0.8791307210922241
365,91,5239482.png,1,028bf4243be6d8ba8a17a97c659df55061cbe61e82d783df656532ea84edb0a6,resize75,0.0703125,0.0625,0.5942655801773071,0.8344812393188477
366,91,5239482.png,1,028bf4243be6d8ba8a17a97c659df55061cbe61e82d783df656532ea84edb0a6,resize50,0.078125,0.078125,0.5898009538650513,0.848608672618866
367,91,5239482.png,1,028bf4243be6d8ba8a17a97c659df55061cbe61e82d783df656532ea84edb0a6,resize25,0.515625,0.5078125,0.30743539333343506,0.7445064187049866
368,92,5240190.png,0,01b08df0584c8872d4746af0f5ade5464aebe8a544d76e673c6812e1285a8505,clean,0.40625,0.0,0.4806617498397827,0.8262500762939453
369,92,5240190.png,0,01b08df0584c8872d4746af0f5ade5464aebe8a544d76e673c6812e1285a8505,resize75,0.4140625,0.0234375,0.4689989686012268,0.7631243467330933
370,92,5240190.png,0,01b08df0584c8872d4746af0f5ade5464aebe8a544d76e673c6812e1285a8505,resize50,0.453125,0.046875,0.41513222455978394,0.651721715927124
371,92,5240190.png,0,01b08df0584c8872d4746af0f5ade5464aebe8a544d76e673c6812e1285a8505,resize25,0.484375,0.5,0.16233590245246887,0.8071326613426208
372,93,5240190.png,1,c2b25b8b4cade6b434fe7d7e23777ce3715921a646eae856e4f593e645d612e9,clean,0.4140625,0.0,0.48682701587677,0.8289597034454346
373,93,5240190.png,1,c2b25b8b4cade6b434fe7d7e23777ce3715921a646eae856e4f593e645d612e9,resize75,0.421875,0.0234375,0.47514471411705017,0.7578719258308411
374,93,5240190.png,1,c2b25b8b4cade6b434fe7d7e23777ce3715921a646eae856e4f593e645d612e9,resize50,0.4375,0.03125,0.42683419585227966,0.6589521765708923
375,93,5240190.png,1,c2b25b8b4cade6b434fe7d7e23777ce3715921a646eae856e4f593e645d612e9,resize25,0.4921875,0.4921875,0.1630464494228363,0.8074303865432739
376,94,5240191.png,0,21a44f231dacd81fb855c9ad63ede885580dd7165e4992a864f53ea869014c84,clean,0.4375,0.0,0.5661550760269165,0.8460086584091187
377,94,5240191.png,0,21a44f231dacd81fb855c9ad63ede885580dd7165e4992a864f53ea869014c84,resize75,0.4765625,0.03125,0.5361000299453735,0.7537590265274048
378,94,5240191.png,0,21a44f231dacd81fb855c9ad63ede885580dd7165e4992a864f53ea869014c84,resize50,0.4765625,0.0546875,0.46827787160873413,0.6426306962966919
379,94,5240191.png,0,21a44f231dacd81fb855c9ad63ede885580dd7165e4992a864f53ea869014c84,resize25,0.5234375,0.5390625,0.19549128413200378,0.7354636192321777
380,95,5240191.png,1,55852ab328461a27f5186c29fc10e74edf5b3810a40d7563764e0641f67832fc,clean,0.4453125,0.0,0.5700493454933167,0.8423177599906921
381,95,5240191.png,1,55852ab328461a27f5186c29fc10e74edf5b3810a40d7563764e0641f67832fc,resize75,0.5,0.0390625,0.5447297096252441,0.7523713111877441
382,95,5240191.png,1,55852ab328461a27f5186c29fc10e74edf5b3810a40d7563764e0641f67832fc,resize50,0.4765625,0.046875,0.4901996850967407,0.6425449848175049
383,95,5240191.png,1,55852ab328461a27f5186c29fc10e74edf5b3810a40d7563764e0641f67832fc,resize25,0.59375,0.578125,0.19748342037200928,0.7322630882263184
384,96,5240193.png,0,cc0ff8c5c7cb14d366cc35533ff6d1f33986af6a1f08ae66711757e2eaf3cfbd,clean,0.3671875,0.0,0.5141482353210449,0.8400648832321167
385,96,5240193.png,0,cc0ff8c5c7cb14d366cc35533ff6d1f33986af6a1f08ae66711757e2eaf3cfbd,resize75,0.4296875,0.0625,0.5289245247840881,0.7532140016555786
386,96,5240193.png,0,cc0ff8c5c7cb14d366cc35533ff6d1f33986af6a1f08ae66711757e2eaf3cfbd,resize50,0.453125,0.125,0.48613646626472473,0.6490628719329834
387,96,5240193.png,0,cc0ff8c5c7cb14d366cc35533ff6d1f33986af6a1f08ae66711757e2eaf3cfbd,resize25,0.53125,0.5234375,0.20375671982765198,0.7837053537368774
388,97,5240193.png,1,e89204c1059f4ca3109dbe12d4ab2340b082525209de0b40fd5298e597286562,clean,0.3828125,0.0,0.5300002098083496,0.842311680316925
389,97,5240193.png,1,e89204c1059f4ca3109dbe12d4ab2340b082525209de0b40fd5298e597286562,resize75,0.4296875,0.0625,0.5188469886779785,0.7486110925674438
390,97,5240193.png,1,e89204c1059f4ca3109dbe12d4ab2340b082525209de0b40fd5298e597286562,resize50,0.484375,0.109375,0.4529622495174408,0.6657655835151672
391,97,5240193.png,1,e89204c1059f4ca3109dbe12d4ab2340b082525209de0b40fd5298e597286562,resize25,0.5703125,0.546875,0.203261137008667,0.7806329727172852
392,98,5240194.png,0,74a41bbf27f1b7bab70d6e05c7a170558047eebe24416ffc39fc43f8f4972a9c,clean,0.296875,0.0,0.534348726272583,0.8538922667503357
393,98,5240194.png,0,74a41bbf27f1b7bab70d6e05c7a170558047eebe24416ffc39fc43f8f4972a9c,resize75,0.34375,0.0390625,0.505677342414856,0.7891587018966675
394,98,5240194.png,0,74a41bbf27f1b7bab70d6e05c7a170558047eebe24416ffc39fc43f8f4972a9c,resize50,0.3515625,0.03125,0.48169368505477905,0.6999372243881226
395,98,5240194.png,0,74a41bbf27f1b7bab70d6e05c7a170558047eebe24416ffc39fc43f8f4972a9c,resize25,0.546875,0.5390625,0.25951871275901794,0.7340087294578552
396,99,5240194.png,1,47d6d2c9150e23e94e6d42a6e27deac5983f11f881856cb5dc760b05b502664e,clean,0.2265625,0.0,0.5466853976249695,0.864729642868042
397,99,5240194.png,1,47d6d2c9150e23e94e6d42a6e27deac5983f11f881856cb5dc760b05b502664e,resize75,0.265625,0.0390625,0.5097950100898743,0.7944090962409973
398,99,5240194.png,1,47d6d2c9150e23e94e6d42a6e27deac5983f11f881856cb5dc760b05b502664e,resize50,0.2734375,0.0390625,0.49681729078292847,0.7401952147483826
399,99,5240194.png,1,47d6d2c9150e23e94e6d42a6e27deac5983f11f881856cb5dc760b05b502664e,resize25,0.453125,0.4453125,0.2633976638317108,0.7394931316375732
400,100,5240249.png,0,e25ded4bd48dfc1764909c7404e6d977a48d9824c10c5c71c5564d4b37898202,clean,0.03125,0.0,0.5336685180664062,0.8568540811538696
401,100,5240249.png,0,e25ded4bd48dfc1764909c7404e6d977a48d9824c10c5c71c5564d4b37898202,resize75,0.390625,0.359375,0.5440558195114136,0.6957999467849731
402,100,5240249.png,0,e25ded4bd48dfc1764909c7404e6d977a48d9824c10c5c71c5564d4b37898202,resize50,0.3359375,0.3125,0.5766871571540833,0.6821506023406982
403,100,5240249.png,0,e25ded4bd48dfc1764909c7404e6d977a48d9824c10c5c71c5564d4b37898202,resize25,0.5703125,0.5390625,0.4729807376861572,0.6827100515365601
404,101,5240249.png,1,1718655074ffa543f86bc49ec896f3f64d12b752902b087c3489e3650bc22027,clean,0.0234375,0.0,0.4880465269088745,0.8626166582107544
405,101,5240249.png,1,1718655074ffa543f86bc49ec896f3f64d12b752902b087c3489e3650bc22027,resize75,0.390625,0.3671875,0.5688656568527222,0.6847893595695496
406,101,5240249.png,1,1718655074ffa543f86bc49ec896f3f64d12b752902b087c3489e3650bc22027,resize50,0.34375,0.328125,0.5620701313018799,0.707558810710907
407,101,5240249.png,1,1718655074ffa543f86bc49ec896f3f64d12b752902b087c3489e3650bc22027,resize25,0.546875,0.5234375,0.47480881214141846,0.6837313175201416
408,102,5240524.png,0,fdfa0228150c92959ec771390cafad9aeb09a82ff45bebaa40bc9c1524367f65,clean,0.0078125,0.0,0.4855707585811615,0.8802649974822998
409,102,5240524.png,0,fdfa0228150c92959ec771390cafad9aeb09a82ff45bebaa40bc9c1524367f65,resize75,0.1015625,0.1171875,0.5538956522941589,0.7746988534927368
410,102,5240524.png,0,fdfa0228150c92959ec771390cafad9aeb09a82ff45bebaa40bc9c1524367f65,resize50,0.1328125,0.1328125,0.5069174766540527,0.7632099986076355
411,102,5240524.png,0,fdfa0228150c92959ec771390cafad9aeb09a82ff45bebaa40bc9c1524367f65,resize25,0.4375,0.515625,0.47883450984954834,0.6917291879653931
412,103,5240524.png,1,f1d123e9f0af6fe2097dc3234793babea80f0e6365ca4bf363f0fe0defb57b95,clean,0.0,0.0,0.49110427498817444,0.8737144470214844
413,103,5240524.png,1,f1d123e9f0af6fe2097dc3234793babea80f0e6365ca4bf363f0fe0defb57b95,resize75,0.125,0.125,0.5442317724227905,0.7478876709938049
414,103,5240524.png,1,f1d123e9f0af6fe2097dc3234793babea80f0e6365ca4bf363f0fe0defb57b95,resize50,0.171875,0.1875,0.5181301832199097,0.7494605779647827
415,103,5240524.png,1,f1d123e9f0af6fe2097dc3234793babea80f0e6365ca4bf363f0fe0defb57b95,resize25,0.5546875,0.4765625,0.479735791683197,0.6906548142433167
416,104,5240611.png,0,9b49f067a3d56e657da8910037b82cb6ca3cdabe9bcc96e485624e59dc778e9b,clean,0.1640625,0.0,0.5568122863769531,0.8453218340873718
417,104,5240611.png,0,9b49f067a3d56e657da8910037b82cb6ca3cdabe9bcc96e485624e59dc778e9b,resize75,0.28125,0.1015625,0.5397868752479553,0.7569213509559631
418,104,5240611.png,0,9b49f067a3d56e657da8910037b82cb6ca3cdabe9bcc96e485624e59dc778e9b,resize50,0.265625,0.1484375,0.515219509601593,0.7242478728294373
419,104,5240611.png,0,9b49f067a3d56e657da8910037b82cb6ca3cdabe9bcc96e485624e59dc778e9b,resize25,0.546875,0.546875,0.3466677963733673,0.7188211679458618
420,105,5240611.png,1,1f6d6b9d2a619c3069378a54f239601c599ef7a5aec84a5ada6fc78d916e4c54,clean,0.1484375,0.0,0.516636312007904,0.8440866470336914
421,105,5240611.png,1,1f6d6b9d2a619c3069378a54f239601c599ef7a5aec84a5ada6fc78d916e4c54,resize75,0.2578125,0.0859375,0.5211910009384155,0.7531048655509949
422,105,5240611.png,1,1f6d6b9d2a619c3069378a54f239601c599ef7a5aec84a5ada6fc78d916e4c54,resize50,0.25,0.125,0.49439072608947754,0.7443771362304688
423,105,5240611.png,1,1f6d6b9d2a619c3069378a54f239601c599ef7a5aec84a5ada6fc78d916e4c54,resize25,0.4609375,0.5,0.3486195206642151,0.7262991666793823
424,106,5240617.png,0,a74139b781a1aea4ea00e82959d30397093216db22a69a8a2ecbbeeb1173bc2b,clean,0.0078125,0.0,0.5483376383781433,0.8847702741622925
425,106,5240617.png,0,a74139b781a1aea4ea00e82959d30397093216db22a69a8a2ecbbeeb1173bc2b,resize75,0.0546875,0.046875,0.5569448471069336,0.8271905183792114
426,106,5240617.png,0,a74139b781a1aea4ea00e82959d30397093216db22a69a8a2ecbbeeb1173bc2b,resize50,0.0859375,0.0859375,0.5930666923522949,0.8252416849136353
427,106,5240617.png,0,a74139b781a1aea4ea00e82959d30397093216db22a69a8a2ecbbeeb1173bc2b,resize25,0.515625,0.53125,0.3679494261741638,0.6928979158401489
428,107,5240617.png,1,12c7e9a7ff55c096ac5b9fd73a986ee126ac970233f3d5ff095f181da1348e6f,clean,0.015625,0.0,0.5511653423309326,0.8776927590370178
429,107,5240617.png,1,12c7e9a7ff55c096ac5b9fd73a986ee126ac970233f3d5ff095f181da1348e6f,resize75,0.0625,0.046875,0.5202507376670837,0.8108707666397095
430,107,5240617.png,1,12c7e9a7ff55c096ac5b9fd73a986ee126ac970233f3d5ff095f181da1348e6f,resize50,0.0859375,0.0703125,0.5573219656944275,0.8072078824043274
431,107,5240617.png,1,12c7e9a7ff55c096ac5b9fd73a986ee126ac970233f3d5ff095f181da1348e6f,resize25,0.4453125,0.4453125,0.367790162563324,0.6931219696998596
432,108,5240619.png,0,61b0780be73ad8aaef46eeae9ef9b7ef40a209c1657693e890623d844ea9e7c5,clean,0.0546875,0.0,0.5745068192481995,0.88179612159729
433,108,5240619.png,0,61b0780be73ad8aaef46eeae9ef9b7ef40a209c1657693e890623d844ea9e7c5,resize75,0.1875,0.078125,0.5375398397445679,0.7870649695396423
434,108,5240619.png,0,61b0780be73ad8aaef46eeae9ef9b7ef40a209c1657693e890623d844ea9e7c5,resize50,0.2265625,0.140625,0.5886607766151428,0.7495701909065247
435,108,5240619.png,0,61b0780be73ad8aaef46eeae9ef9b7ef40a209c1657693e890623d844ea9e7c5,resize25,0.5234375,0.5234375,0.42591285705566406,0.7171675562858582
436,109,5240619.png,1,e85bc4f26b54089f69dcd9ee10bdc51514ef7b0587b618b4ad2dfe79d8c9ac70,clean,0.0546875,0.0,0.5217663049697876,0.8667595982551575
437,109,5240619.png,1,e85bc4f26b54089f69dcd9ee10bdc51514ef7b0587b618b4ad2dfe79d8c9ac70,resize75,0.1796875,0.1015625,0.49598777294158936,0.7664278745651245
438,109,5240619.png,1,e85bc4f26b54089f69dcd9ee10bdc51514ef7b0587b618b4ad2dfe79d8c9ac70,resize50,0.1953125,0.125,0.5070732831954956,0.7607117295265198
439,109,5240619.png,1,e85bc4f26b54089f69dcd9ee10bdc51514ef7b0587b618b4ad2dfe79d8c9ac70,resize25,0.515625,0.546875,0.4248635768890381,0.7153053879737854
440,110,5240621.png,0,9472445fdbd09fff810476275d6bad57da24b50e0131586887c02607033903f0,clean,0.0,0.0,0.5010937452316284,0.8661449551582336
441,110,5240621.png,0,9472445fdbd09fff810476275d6bad57da24b50e0131586887c02607033903f0,resize75,0.15625,0.0859375,0.5130045413970947,0.8059660196304321
442,110,5240621.png,0,9472445fdbd09fff810476275d6bad57da24b50e0131586887c02607033903f0,resize50,0.1640625,0.1171875,0.49980056285858154,0.7777484655380249
443,110,5240621.png,0,9472445fdbd09fff810476275d6bad57da24b50e0131586887c02607033903f0,resize25,0.4609375,0.453125,0.3980511724948883,0.705646276473999
444,111,5240621.png,1,7a080ce1f538e23578715a8140aa88698bf53b267c3ff48d495a4c49fbde2825,clean,0.0,0.0,0.5054419040679932,0.8680745363235474
445,111,5240621.png,1,7a080ce1f538e23578715a8140aa88698bf53b267c3ff48d495a4c49fbde2825,resize75,0.125,0.0859375,0.5158605575561523,0.7836482524871826
446,111,5240621.png,1,7a080ce1f538e23578715a8140aa88698bf53b267c3ff48d495a4c49fbde2825,resize50,0.1328125,0.125,0.5288002490997314,0.7845644950866699
447,111,5240621.png,1,7a080ce1f538e23578715a8140aa88698bf53b267c3ff48d495a4c49fbde2825,resize25,0.4140625,0.3984375,0.39978548884391785,0.707098126411438
448,112,5240623.png,0,ebaec03b948bbc9d14de838d492a47ef44f80b1d395be3a4e8f7038c22d308a0,clean,0.0,0.0,0.525698184967041,0.8815855979919434
449,112,5240623.png,0,ebaec03b948bbc9d14de838d492a47ef44f80b1d395be3a4e8f7038c22d308a0,resize75,0.046875,0.0546875,0.5470908880233765,0.8407717347145081
450,112,5240623.png,0,ebaec03b948bbc9d14de838d492a47ef44f80b1d395be3a4e8f7038c22d308a0,resize50,0.1015625,0.09375,0.583000898361206,0.823401927947998
451,112,5240623.png,0,ebaec03b948bbc9d14de838d492a47ef44f80b1d395be3a4e8f7038c22d308a0,resize25,0.53125,0.53125,0.32615065574645996,0.7455365657806396
452,113,5240623.png,1,cf4c610aa6b71bef65c6b36213313a81387a69063787fdfd4e76e708d238412a,clean,0.0,0.0,0.5169636011123657,0.8808215856552124
453,113,5240623.png,1,cf4c610aa6b71bef65c6b36213313a81387a69063787fdfd4e76e708d238412a,resize75,0.0234375,0.046875,0.5216785669326782,0.8084696531295776
454,113,5240623.png,1,cf4c610aa6b71bef65c6b36213313a81387a69063787fdfd4e76e708d238412a,resize50,0.0859375,0.078125,0.5373585820198059,0.8169138431549072
455,113,5240623.png,1,cf4c610aa6b71bef65c6b36213313a81387a69063787fdfd4e76e708d238412a,resize25,0.4609375,0.4609375,0.3261141777038574,0.7456095218658447
456,114,5240926.png,0,58b7ba7a09f3005f69feb8da79df0fff73fd2ec4ded900cbf4ab27baef76e73b,clean,0.0,0.0,0.5056158304214478,0.8867402672767639
457,114,5240926.png,0,58b7ba7a09f3005f69feb8da79df0fff73fd2ec4ded900cbf4ab27baef76e73b,resize75,0.109375,0.09375,0.49585333466529846,0.794560968875885
458,114,5240926.png,0,58b7ba7a09f3005f69feb8da79df0fff73fd2ec4ded900cbf4ab27baef76e73b,resize50,0.0625,0.0625,0.5154762268066406,0.801078200340271
459,114,5240926.png,0,58b7ba7a09f3005f69feb8da79df0fff73fd2ec4ded900cbf4ab27baef76e73b,resize25,0.4765625,0.515625,0.40969666838645935,0.6621078252792358
460,115,5240926.png,1,415b6fd297cb5374ec30b22ad338345dab3c42404971217d15df7f4480924589,clean,0.0,0.0,0.6115409135818481,0.9027105569839478
461,115,5240926.png,1,415b6fd297cb5374ec30b22ad338345dab3c42404971217d15df7f4480924589,resize75,0.109375,0.1015625,0.6379395127296448,0.816883385181427
462,115,5240926.png,1,415b6fd297cb5374ec30b22ad338345dab3c42404971217d15df7f4480924589,resize50,0.0546875,0.0625,0.6335546970367432,0.8317601680755615
463,115,5240926.png,1,415b6fd297cb5374ec30b22ad338345dab3c42404971217d15df7f4480924589,resize25,0.578125,0.5703125,0.40969666838645935,0.6621078252792358
464,116,5240927.png,0,90fdcde89de557ae3b911899c87c64bdd0888cea1eff177a135a328ae2b55457,clean,0.1796875,0.0,0.5392358899116516,0.8599737882614136
465,116,5240927.png,0,90fdcde89de557ae3b911899c87c64bdd0888cea1eff177a135a328ae2b55457,resize75,0.3359375,0.1484375,0.5743275880813599,0.7411817312240601
466,116,5240927.png,0,90fdcde89de557ae3b911899c87c64bdd0888cea1eff177a135a328ae2b55457,resize50,0.34375,0.1640625,0.5516236424446106,0.7152568101882935
467,116,5240927.png,0,90fdcde89de557ae3b911899c87c64bdd0888cea1eff177a135a328ae2b55457,resize25,0.515625,0.5390625,0.3648155927658081,0.7312794923782349
468,117,5240927.png,1,9b066cf70bfe841b51caf76dc1013f50b96e2492b5069fc2b76501838b623587,clean,0.140625,0.0,0.5092419981956482,0.8530292510986328
469,117,5240927.png,1,9b066cf70bfe841b51caf76dc1013f50b96e2492b5069fc2b76501838b623587,resize75,0.3203125,0.15625,0.5266384482383728,0.7293877601623535
470,117,5240927.png,1,9b066cf70bfe841b51caf76dc1013f50b96e2492b5069fc2b76501838b623587,resize50,0.2890625,0.15625,0.4835434556007385,0.7144131660461426
471,117,5240927.png,1,9b066cf70bfe841b51caf76dc1013f50b96e2492b5069fc2b76501838b623587,resize25,0.4921875,0.484375,0.36501750349998474,0.7320887446403503
472,118,5241053.png,0,271337a182703bf1dc9fe054b9222e676ecb0493e743bb4811283073a1d2acd5,clean,0.0,0.0,0.5275192260742188,0.8734896779060364
473,118,5241053.png,0,271337a182703bf1dc9fe054b9222e676ecb0493e743bb4811283073a1d2acd5,resize75,0.1015625,0.1015625,0.523241400718689,0.8292609453201294
474,118,5241053.png,0,271337a182703bf1dc9fe054b9222e676ecb0493e743bb4811283073a1d2acd5,resize50,0.1171875,0.109375,0.5107754468917847,0.8099009990692139
475,118,5241053.png,0,271337a182703bf1dc9fe054b9222e676ecb0493e743bb4811283073a1d2acd5,resize25,0.5078125,0.4765625,0.32752615213394165,0.7456612586975098
476,119,5241053.png,1,94c8a90ba0cc8d001cb74b0efd2897900aff00aaa04e3725f0f3a5b391395a1d,clean,0.0,0.0,0.5067101120948792,0.8659653663635254
477,119,5241053.png,1,94c8a90ba0cc8d001cb74b0efd2897900aff00aaa04e3725f0f3a5b391395a1d,resize75,0.1171875,0.1171875,0.5224839448928833,0.8184187412261963
478,119,5241053.png,1,94c8a90ba0cc8d001cb74b0efd2897900aff00aaa04e3725f0f3a5b391395a1d,resize50,0.125,0.1171875,0.5005038976669312,0.8014481663703918
479,119,5241053.png,1,94c8a90ba0cc8d001cb74b0efd2897900aff00aaa04e3725f0f3a5b391395a1d,resize25,0.4375,0.4375,0.3260124921798706,0.7462952136993408
480,120,5241288.png,0,304f50e70410882f2bdba0562043ca7552657df107fc932b0d5fed12cde4d8fd,clean,0.0,0.0,0.5398790240287781,0.8779112100601196
481,120,5241288.png,0,304f50e70410882f2bdba0562043ca7552657df107fc932b0d5fed12cde4d8fd,resize75,0.078125,0.078125,0.5524548292160034,0.8215668201446533
482,120,5241288.png,0,304f50e70410882f2bdba0562043ca7552657df107fc932b0d5fed12cde4d8fd,resize50,0.0859375,0.0859375,0.5287411212921143,0.8373795747756958
483,120,5241288.png,0,304f50e70410882f2bdba0562043ca7552657df107fc932b0d5fed12cde4d8fd,resize25,0.5,0.5390625,0.39233171939849854,0.6839178800582886
484,121,5241288.png,1,d644ded4b1730bbf43df5578b9e45ec2f15f5673c845e32b99e463901d9b6fcb,clean,0.0,0.0,0.5638296604156494,0.8837044835090637
485,121,5241288.png,1,d644ded4b1730bbf43df5578b9e45ec2f15f5673c845e32b99e463901d9b6fcb,resize75,0.078125,0.078125,0.5942009687423706,0.8431670069694519
486,121,5241288.png,1,d644ded4b1730bbf43df5578b9e45ec2f15f5673c845e32b99e463901d9b6fcb,resize50,0.0703125,0.0703125,0.5789477229118347,0.8490327596664429
487,121,5241288.png,1,d644ded4b1730bbf43df5578b9e45ec2f15f5673c845e32b99e463901d9b6fcb,resize25,0.5078125,0.4375,0.39233171939849854,0.6839178800582886
488,122,5241386.png,0,f6e749612ac2d4f01d172196ea306d1308336a4ef33e4987316e0273fe3fbd63,clean,0.265625,0.0,0.5689663887023926,0.8448667526245117
489,122,5241386.png,0,f6e749612ac2d4f01d172196ea306d1308336a4ef33e4987316e0273fe3fbd63,resize75,0.3671875,0.1015625,0.542479932308197,0.7449184060096741
490,122,5241386.png,0,f6e749612ac2d4f01d172196ea306d1308336a4ef33e4987316e0273fe3fbd63,resize50,0.3828125,0.140625,0.49026769399642944,0.6896815299987793
491,122,5241386.png,0,f6e749612ac2d4f01d172196ea306d1308336a4ef33e4987316e0273fe3fbd63,resize25,0.46875,0.46875,0.299552857875824,0.7591806650161743
492,123,5241386.png,1,dc6736b875c069745ef646def1adee64bd91383567adce76856cfcfe6dfb435d,clean,0.28125,0.0,0.525708019733429,0.8421891331672668
493,123,5241386.png,1,dc6736b875c069745ef646def1adee64bd91383567adce76856cfcfe6dfb435d,resize75,0.375,0.09375,0.4985831379890442,0.7612655758857727
494,123,5241386.png,1,dc6736b875c069745ef646def1adee64bd91383567adce76856cfcfe6dfb435d,resize50,0.3828125,0.1015625,0.46803581714630127,0.69132399559021
495,123,5241386.png,1,dc6736b875c069745ef646def1adee64bd91383567adce76856cfcfe6dfb435d,resize25,0.46875,0.484375,0.29868650436401367,0.7552797794342041
496,124,5241388.png,0,ef4def5a820756c0f782ec3e8d9261ccec2d5372df5c01cae6af46eb9885ab6a,clean,0.3671875,0.0,0.4476003646850586,0.8268730044364929
497,124,5241388.png,0,ef4def5a820756c0f782ec3e8d9261ccec2d5372df5c01cae6af46eb9885ab6a,resize75,0.3984375,0.046875,0.41852134466171265,0.7577338814735413
498,124,5241388.png,0,ef4def5a820756c0f782ec3e8d9261ccec2d5372df5c01cae6af46eb9885ab6a,resize50,0.4140625,0.0546875,0.38088709115982056,0.6472491025924683
499,124,5241388.png,0,ef4def5a820756c0f782ec3e8d9261ccec2d5372df5c01cae6af46eb9885ab6a,resize25,0.453125,0.4609375,0.1667139083147049,0.7969361543655396
500,125,5241388.png,1,3deb930348c1c965d366678d6b542e2f1dc392c13d4c80ca88372f14e97c3ecb,clean,0.40625,0.0,0.5084707736968994,0.8353711366653442
501,125,5241388.png,1,3deb930348c1c965d366678d6b542e2f1dc392c13d4c80ca88372f14e97c3ecb,resize75,0.4453125,0.046875,0.4885958433151245,0.7564310431480408
502,125,5241388.png,1,3deb930348c1c965d366678d6b542e2f1dc392c13d4c80ca88372f14e97c3ecb,resize50,0.4609375,0.046875,0.4570104479789734,0.6442945003509521
503,125,5241388.png,1,3deb930348c1c965d366678d6b542e2f1dc392c13d4c80ca88372f14e97c3ecb,resize25,0.484375,0.484375,0.16698148846626282,0.7978971004486084
504,126,5241391.png,0,9616817dbb1efdc713c72c41426c990401e897b2a81f7a13f081db775fb639e2,clean,0.28125,0.0,0.4406176805496216,0.8373899459838867
505,126,5241391.png,0,9616817dbb1efdc713c72c41426c990401e897b2a81f7a13f081db775fb639e2,resize75,0.3359375,0.0703125,0.4473765194416046,0.7695053815841675
506,126,5241391.png,0,9616817dbb1efdc713c72c41426c990401e897b2a81f7a13f081db775fb639e2,resize50,0.3828125,0.1015625,0.43307366967201233,0.6609314680099487
507,126,5241391.png,0,9616817dbb1efdc713c72c41426c990401e897b2a81f7a13f081db775fb639e2,resize25,0.4375,0.46875,0.2627294957637787,0.7594742774963379
508,127,5241391.png,1,d2bb4fce93687e3d36c7b47fb4169f4189f3d503e45bf8df2dd48bf00a3b5db2,clean,0.328125,0.0,0.4870551824569702,0.8407981395721436
509,127,5241391.png,1,d2bb4fce93687e3d36c7b47fb4169f4189f3d503e45bf8df2dd48bf00a3b5db2,resize75,0.390625,0.078125,0.5033160448074341,0.7510199546813965
510,127,5241391.png,1,d2bb4fce93687e3d36c7b47fb4169f4189f3d503e45bf8df2dd48bf00a3b5db2,resize50,0.421875,0.09375,0.4648624360561371,0.6727943420410156
511,127,5241391.png,1,d2bb4fce93687e3d36c7b47fb4169f4189f3d503e45bf8df2dd48bf00a3b5db2,resize25,0.53125,0.53125,0.2577202022075653,0.7603548765182495
512,128,5241396.png,0,51f36b3d7bb522c50cadb9e9008ed8727ac7f97f7a99bd4553b7dc1d88e716d5,clean,0.296875,0.0,0.5091970562934875,0.8427098989486694
513,128,5241396.png,0,51f36b3d7bb522c50cadb9e9008ed8727ac7f97f7a99bd4553b7dc1d88e716d5,resize75,0.3359375,0.03125,0.4897761046886444,0.7865238189697266
514,128,5241396.png,0,51f36b3d7bb522c50cadb9e9008ed8727ac7f97f7a99bd4553b7dc1d88e716d5,resize50,0.34375,0.0390625,0.45735907554626465,0.683070957660675
515,128,5241396.png,0,51f36b3d7bb522c50cadb9e9008ed8727ac7f97f7a99bd4553b7dc1d88e716d5,resize25,0.4296875,0.421875,0.2207183986902237,0.7809699773788452
516,129,5241396.png,1,f875076b9cc9504b3309efb73bcded35d5d63d07cf522aff0748b6df6ee565d0,clean,0.4140625,0.0,0.5844414234161377,0.8406264781951904
517,129,5241396.png,1,f875076b9cc9504b3309efb73bcded35d5d63d07cf522aff0748b6df6ee565d0,resize75,0.453125,0.03125,0.5663207173347473,0.7611255645751953
518,129,5241396.png,1,f875076b9cc9504b3309efb73bcded35d5d63d07cf522aff0748b6df6ee565d0,resize50,0.4765625,0.046875,0.5296525955200195,0.6419232487678528
519,129,5241396.png,1,f875076b9cc9504b3309efb73bcded35d5d63d07cf522aff0748b6df6ee565d0,resize25,0.578125,0.5859375,0.21480977535247803,0.7792823910713196
520,130,5241436.png,0,69e139572807904d19697524959191547a273a805246fe4a8ba58d842e48f798,clean,0.0,0.0,0.5124098658561707,0.8785563707351685
521,130,5241436.png,0,69e139572807904d19697524959191547a273a805246fe4a8ba58d842e48f798,resize75,0.03125,0.0390625,0.528957188129425,0.8506225347518921
522,130,5241436.png,0,69e139572807904d19697524959191547a273a805246fe4a8ba58d842e48f798,resize50,0.0546875,0.078125,0.5213484764099121,0.8370830416679382
523,130,5241436.png,0,69e139572807904d19697524959191547a273a805246fe4a8ba58d842e48f798,resize25,0.453125,0.4453125,0.24595659971237183,0.7700521945953369
524,131,5241436.png,1,e4872330d24393e5e250c2029b2c66ca61284956b5789382c702ae1835c75258,clean,0.0,0.0,0.5355913043022156,0.8838154077529907
525,131,5241436.png,1,e4872330d24393e5e250c2029b2c66ca61284956b5789382c702ae1835c75258,resize75,0.0390625,0.046875,0.5601900219917297,0.8572179079055786
526,131,5241436.png,1,e4872330d24393e5e250c2029b2c66ca61284956b5789382c702ae1835c75258,resize50,0.0546875,0.0703125,0.5182725191116333,0.843436598777771
527,131,5241436.png,1,e4872330d24393e5e250c2029b2c66ca61284956b5789382c702ae1835c75258,resize25,0.5078125,0.5,0.24595659971237183,0.7700521945953369
528,132,5241438.png,0,c5aaff5f3b6aefb0f7c9973b259b0518a2e251d10ca83d1088c0877ce303b8a9,clean,0.0,0.0,0.5187165141105652,0.8920438289642334
529,132,5241438.png,0,c5aaff5f3b6aefb0f7c9973b259b0518a2e251d10ca83d1088c0877ce303b8a9,resize75,0.0625,0.0546875,0.5423968434333801,0.8464824557304382
530,132,5241438.png,0,c5aaff5f3b6aefb0f7c9973b259b0518a2e251d10ca83d1088c0877ce303b8a9,resize50,0.109375,0.109375,0.5215615034103394,0.8555405139923096
531,132,5241438.png,0,c5aaff5f3b6aefb0f7c9973b259b0518a2e251d10ca83d1088c0877ce303b8a9,resize25,0.53125,0.5234375,0.24487009644508362,0.7661185264587402
532,133,5241438.png,1,ec0510cc08b4ca81b584cd4bd541a0a85e40081339c9385d19b1a980d5fa3ab5,clean,0.0,0.0,0.5126005411148071,0.8875128030776978
533,133,5241438.png,1,ec0510cc08b4ca81b584cd4bd541a0a85e40081339c9385d19b1a980d5fa3ab5,resize75,0.046875,0.046875,0.534254789352417,0.8380747437477112
534,133,5241438.png,1,ec0510cc08b4ca81b584cd4bd541a0a85e40081339c9385d19b1a980d5fa3ab5,resize50,0.1171875,0.109375,0.49028289318084717,0.8470087051391602
535,133,5241438.png,1,ec0510cc08b4ca81b584cd4bd541a0a85e40081339c9385d19b1a980d5fa3ab5,resize25,0.4765625,0.484375,0.24487009644508362,0.7661185264587402
536,134,5241441.png,0,8e759ddea5e488b5504c615978a70da2cee8194cffea0f1db27b263ab0b9fbc6,clean,0.1484375,0.0,0.5292911529541016,0.8424887657165527
537,134,5241441.png,0,8e759ddea5e488b5504c615978a70da2cee8194cffea0f1db27b263ab0b9fbc6,resize75,0.2890625,0.1328125,0.5165442228317261,0.7167776823043823
538,134,5241441.png,0,8e759ddea5e488b5504c615978a70da2cee8194cffea0f1db27b263ab0b9fbc6,resize50,0.3515625,0.1796875,0.45929786562919617,0.6867362856864929
539,134,5241441.png,0,8e759ddea5e488b5504c615978a70da2cee8194cffea0f1db27b263ab0b9fbc6,resize25,0.4765625,0.4921875,0.4017776846885681,0.7535231113433838
540,135,5241441.png,1,5ead2534932452019f0aaef1006ff3df7da9c51ec6240980e5a971b2650c177c,clean,0.15625,0.0,0.443642258644104,0.837415337562561
541,135,5241441.png,1,5ead2534932452019f0aaef1006ff3df7da9c51ec6240980e5a971b2650c177c,resize75,0.296875,0.140625,0.49342080950737,0.696110725402832
542,135,5241441.png,1,5ead2534932452019f0aaef1006ff3df7da9c51ec6240980e5a971b2650c177c,resize50,0.359375,0.203125,0.45564597845077515,0.6729878187179565
543,135,5241441.png,1,5ead2534932452019f0aaef1006ff3df7da9c51ec6240980e5a971b2650c177c,resize25,0.4453125,0.4609375,0.3984735310077667,0.75288325548172
544,136,5241460.png,0,ced1abfadb6fb5f41b28d0c830a3af2772bcbe4c788eb6fd6c380ac9cd6905c7,clean,0.21875,0.0,0.44291478395462036,0.846725344657898
545,136,5241460.png,0,ced1abfadb6fb5f41b28d0c830a3af2772bcbe4c788eb6fd6c380ac9cd6905c7,resize75,0.2890625,0.0703125,0.44141605496406555,0.762607216835022
546,136,5241460.png,0,ced1abfadb6fb5f41b28d0c830a3af2772bcbe4c788eb6fd6c380ac9cd6905c7,resize50,0.3046875,0.09375,0.4194154143333435,0.7145425081253052
547,136,5241460.png,0,ced1abfadb6fb5f41b28d0c830a3af2772bcbe4c788eb6fd6c380ac9cd6905c7,resize25,0.4609375,0.484375,0.345109224319458,0.740376889705658
548,137,5241460.png,1,c353f72679b99036036fd3d64f2648d988e234e492bb12b6e451a297d9b3d8ff,clean,0.3359375,0.0,0.5528064370155334,0.8544573783874512
549,137,5241460.png,1,c353f72679b99036036fd3d64f2648d988e234e492bb12b6e451a297d9b3d8ff,resize75,0.3828125,0.0546875,0.5249975919723511,0.7583211660385132
550,137,5241460.png,1,c353f72679b99036036fd3d64f2648d988e234e492bb12b6e451a297d9b3d8ff,resize50,0.390625,0.0859375,0.4864639341831207,0.6678516864776611
551,137,5241460.png,1,c353f72679b99036036fd3d64f2648d988e234e492bb12b6e451a297d9b3d8ff,resize25,0.5625,0.515625,0.34627199172973633,0.7532236576080322
552,138,5241706.png,0,7eb3f3174e78ee890eb8b4081b706f1eef3e2c9e64d3b2b238e0921533c4fe44,clean,0.0,0.0,0.5688505172729492,0.8709214925765991
553,138,5241706.png,0,7eb3f3174e78ee890eb8b4081b706f1eef3e2c9e64d3b2b238e0921533c4fe44,resize75,0.2265625,0.234375,0.5502212643623352,0.7391870617866516
554,138,5241706.png,0,7eb3f3174e78ee890eb8b4081b706f1eef3e2c9e64d3b2b238e0921533c4fe44,resize50,0.234375,0.2265625,0.5084066987037659,0.7170295715332031
555,138,5241706.png,0,7eb3f3174e78ee890eb8b4081b706f1eef3e2c9e64d3b2b238e0921533c4fe44,resize25,0.5390625,0.484375,0.4903702735900879,0.6388897895812988
556,139,5241706.png,1,4ba906775631fe577648a966ccbc5ad43162f22a5c1140372d2df4c18c9d6e71,clean,0.0,0.0,0.5106817483901978,0.8701961040496826
557,139,5241706.png,1,4ba906775631fe577648a966ccbc5ad43162f22a5c1140372d2df4c18c9d6e71,resize75,0.2109375,0.21875,0.5577307939529419,0.7206906080245972
558,139,5241706.png,1,4ba906775631fe577648a966ccbc5ad43162f22a5c1140372d2df4c18c9d6e71,resize50,0.25,0.265625,0.5731640458106995,0.7252188324928284
559,139,5241706.png,1,4ba906775631fe577648a966ccbc5ad43162f22a5c1140372d2df4c18c9d6e71,resize25,0.484375,0.5234375,0.4892526865005493,0.6407190561294556
560,140,5241854.png,0,7adf48c4536623185092a60d7df53d0bc3d7009f13dadd9696bb865dd3facdf7,clean,0.0,0.0,0.5062849521636963,0.8765429854393005
561,140,5241854.png,0,7adf48c4536623185092a60d7df53d0bc3d7009f13dadd9696bb865dd3facdf7,resize75,0.1953125,0.1796875,0.5352576971054077,0.7697114944458008
562,140,5241854.png,0,7adf48c4536623185092a60d7df53d0bc3d7009f13dadd9696bb865dd3facdf7,resize50,0.2421875,0.2578125,0.5814476013183594,0.7522994875907898
563,140,5241854.png,0,7adf48c4536623185092a60d7df53d0bc3d7009f13dadd9696bb865dd3facdf7,resize25,0.6015625,0.625,0.5197228193283081,0.6896104216575623
564,141,5241854.png,1,dbacb23008cca7d9d623daea9d14a62e3e93d866cf9f88a9949661d2efcd6421,clean,0.0,0.0,0.5279058218002319,0.8793530464172363
565,141,5241854.png,1,dbacb23008cca7d9d623daea9d14a62e3e93d866cf9f88a9949661d2efcd6421,resize75,0.1484375,0.15625,0.5654937028884888,0.764094352722168
566,141,5241854.png,1,dbacb23008cca7d9d623daea9d14a62e3e93d866cf9f88a9949661d2efcd6421,resize50,0.2265625,0.2421875,0.5334941744804382,0.7357991933822632
567,141,5241854.png,1,dbacb23008cca7d9d623daea9d14a62e3e93d866cf9f88a9949661d2efcd6421,resize25,0.4375,0.4921875,0.52020663022995,0.6884018182754517
568,142,5242008.png,0,a1dce052f557eba3d914448cfb3aab6cd8d8330f453436c41e948d12be78eb4a,clean,0.0,0.0,0.6509095430374146,0.8978732824325562
569,142,5242008.png,0,a1dce052f557eba3d914448cfb3aab6cd8d8330f453436c41e948d12be78eb4a,resize75,0.0625,0.0546875,0.6276606321334839,0.8406960964202881
570,142,5242008.png,0,a1dce052f557eba3d914448cfb3aab6cd8d8330f453436c41e948d12be78eb4a,resize50,0.078125,0.0859375,0.6400601863861084,0.8577954173088074
571,142,5242008.png,0,a1dce052f557eba3d914448cfb3aab6cd8d8330f453436c41e948d12be78eb4a,resize25,0.53125,0.4765625,0.35185617208480835,0.7562819719314575
572,143,5242008.png,1,e190de8f34fbb9a0ee3c85cf3caa753859102666b7151bdcb6ed0e19112b1f38,clean,0.0,0.0,0.5194661617279053,0.8840782046318054
573,143,5242008.png,1,e190de8f34fbb9a0ee3c85cf3caa753859102666b7151bdcb6ed0e19112b1f38,resize75,0.0546875,0.0625,0.5271239280700684,0.8221699595451355
574,143,5242008.png,1,e190de8f34fbb9a0ee3c85cf3caa753859102666b7151bdcb6ed0e19112b1f38,resize50,0.078125,0.1015625,0.5186666250228882,0.8421220779418945
575,143,5242008.png,1,e190de8f34fbb9a0ee3c85cf3caa753859102666b7151bdcb6ed0e19112b1f38,resize25,0.5390625,0.53125,0.3508043587207794,0.7574384212493896
576,144,5242211.png,0,3f08e6ed07477c26ce5fc2403bce5d86d84f1232fc25bd57935a8ccd80067ab8,clean,0.015625,0.0,0.5983911752700806,0.8827328085899353
577,144,5242211.png,0,3f08e6ed07477c26ce5fc2403bce5d86d84f1232fc25bd57935a8ccd80067ab8,resize75,0.1015625,0.0703125,0.6095600128173828,0.8371499180793762
578,144,5242211.png,0,3f08e6ed07477c26ce5fc2403bce5d86d84f1232fc25bd57935a8ccd80067ab8,resize50,0.1171875,0.125,0.5857176780700684,0.811921238899231
579,144,5242211.png,0,3f08e6ed07477c26ce5fc2403bce5d86d84f1232fc25bd57935a8ccd80067ab8,resize25,0.5703125,0.6015625,0.42459821701049805,0.7146421074867249
580,145,5242211.png,1,1d7ac4f29fc7225b12aeae1aed8647da492faadc2d57e3d4846d3d9f5fbc124f,clean,0.0,0.0,0.48869460821151733,0.8681727647781372
581,145,5242211.png,1,1d7ac4f29fc7225b12aeae1aed8647da492faadc2d57e3d4846d3d9f5fbc124f,resize75,0.0859375,0.078125,0.5166101455688477,0.810784101486206
582,145,5242211.png,1,1d7ac4f29fc7225b12aeae1aed8647da492faadc2d57e3d4846d3d9f5fbc124f,resize50,0.1171875,0.15625,0.5267393589019775,0.786268949508667
583,145,5242211.png,1,1d7ac4f29fc7225b12aeae1aed8647da492faadc2d57e3d4846d3d9f5fbc124f,resize25,0.4453125,0.4140625,0.4243816137313843,0.7147819995880127
584,146,5242439.png,0,c652b1e15200ff72798a7c19cb61d80375ff84080ae6298bcbe069bb92c2948e,clean,0.0,0.0,0.5731924772262573,0.8751471638679504
585,146,5242439.png,0,c652b1e15200ff72798a7c19cb61d80375ff84080ae6298bcbe069bb92c2948e,resize75,0.203125,0.1875,0.5858923196792603,0.7827048897743225
586,146,5242439.png,0,c652b1e15200ff72798a7c19cb61d80375ff84080ae6298bcbe069bb92c2948e,resize50,0.2265625,0.203125,0.5637003183364868,0.7401903867721558
587,146,5242439.png,0,c652b1e15200ff72798a7c19cb61d80375ff84080ae6298bcbe069bb92c2948e,resize25,0.546875,0.5234375,0.4493235945701599,0.6937496066093445
588,147,5242439.png,1,160d26ea4b92c029eb837e40e98cfa89ecd24e4c3579f36121aabc145d9065da,clean,0.0,0.0,0.5220051407814026,0.861558198928833
589,147,5242439.png,1,160d26ea4b92c029eb837e40e98cfa89ecd24e4c3579f36121aabc145d9065da,resize75,0.171875,0.1796875,0.5208534002304077,0.764234185218811
590,147,5242439.png,1,160d26ea4b92c029eb837e40e98cfa89ecd24e4c3579f36121aabc145d9065da,resize50,0.21875,0.2265625,0.5462383031845093,0.7373076677322388
591,147,5242439.png,1,160d26ea4b92c029eb837e40e98cfa89ecd24e4c3579f36121aabc145d9065da,resize25,0.4765625,0.484375,0.4493235945701599,0.6937496066093445
592,148,5242449.png,0,586491ec911c85596d5564efc7e325baa40cec4d93b5f40759813fe3306658cd,clean,0.03125,0.0,0.5611854791641235,0.8784129619598389
593,148,5242449.png,0,586491ec911c85596d5564efc7e325baa40cec4d93b5f40759813fe3306658cd,resize75,0.1484375,0.1171875,0.5637984275817871,0.8267279267311096
594,148,5242449.png,0,586491ec911c85596d5564efc7e325baa40cec4d93b5f40759813fe3306658cd,resize50,0.125,0.1015625,0.5335231423377991,0.8101776242256165
595,148,5242449.png,0,586491ec911c85596d5564efc7e325baa40cec4d93b5f40759813fe3306658cd,resize25,0.4765625,0.5,0.4790193438529968,0.714758038520813
596,149,5242449.png,1,f1507acaac54fd96ee8c1b14cf40c78375a8df21f6ac99eb787930200f22c484,clean,0.03125,0.0,0.5495481491088867,0.8758088946342468
597,149,5242449.png,1,f1507acaac54fd96ee8c1b14cf40c78375a8df21f6ac99eb787930200f22c484,resize75,0.140625,0.1171875,0.5218603610992432,0.8291323184967041
598,149,5242449.png,1,f1507acaac54fd96ee8c1b14cf40c78375a8df21f6ac99eb787930200f22c484,resize50,0.1171875,0.09375,0.5387530326843262,0.8154251575469971
599,149,5242449.png,1,f1507acaac54fd96ee8c1b14cf40c78375a8df21f6ac99eb787930200f22c484,resize25,0.4375,0.4296875,0.47958701848983765,0.7112585306167603
600,150,5242569.png,0,cdb0787b1b55d6c1b09a58f8b2df5f06694ec44a997cf83c7726cd00bdfa182d,clean,0.0390625,0.0,0.5883769392967224,0.8838738203048706
601,150,5242569.png,0,cdb0787b1b55d6c1b09a58f8b2df5f06694ec44a997cf83c7726cd00bdfa182d,resize75,0.1328125,0.0859375,0.5607250332832336,0.8186904191970825
602,150,5242569.png,0,cdb0787b1b55d6c1b09a58f8b2df5f06694ec44a997cf83c7726cd00bdfa182d,resize50,0.109375,0.078125,0.5846502780914307,0.7922776937484741
603,150,5242569.png,0,cdb0787b1b55d6c1b09a58f8b2df5f06694ec44a997cf83c7726cd00bdfa182d,resize25,0.5703125,0.59375,0.3874622583389282,0.7465529441833496
604,151,5242569.png,1,8b9da8f436d5c3ea4f3a749b774f9324b05081ea234c1b56074335228946c65c,clean,0.03125,0.0,0.5495917797088623,0.8811292052268982
605,151,5242569.png,1,8b9da8f436d5c3ea4f3a749b774f9324b05081ea234c1b56074335228946c65c,resize75,0.125,0.078125,0.5478774309158325,0.8377121686935425
606,151,5242569.png,1,8b9da8f436d5c3ea4f3a749b774f9324b05081ea234c1b56074335228946c65c,resize50,0.125,0.0703125,0.5371863842010498,0.7970342040061951
607,151,5242569.png,1,8b9da8f436d5c3ea4f3a749b774f9324b05081ea234c1b56074335228946c65c,resize25,0.4609375,0.4765625,0.38609856367111206,0.7500239610671997
608,152,5242707.png,0,11558b3eb41d6f2882d31d81684859edd42126b7cd1607b1340bbf49bcea8cab,clean,0.0,0.0,0.5480846166610718,0.8954256772994995
609,152,5242707.png,0,11558b3eb41d6f2882d31d81684859edd42126b7cd1607b1340bbf49bcea8cab,resize75,0.0234375,0.0390625,0.5585233569145203,0.8713711500167847
610,152,5242707.png,0,11558b3eb41d6f2882d31d81684859edd42126b7cd1607b1340bbf49bcea8cab,resize50,0.0390625,0.0390625,0.5535501837730408,0.8551161289215088
611,152,5242707.png,0,11558b3eb41d6f2882d31d81684859edd42126b7cd1607b1340bbf49bcea8cab,resize25,0.46875,0.4765625,0.16169998049736023,0.7999945282936096
612,153,5242707.png,1,47c50ffed2f3ba40d02995babe78bedfe2928894781247b39ccd180f81a86cd9,clean,0.0,0.0,0.4776947796344757,0.8799095153808594
613,153,5242707.png,1,47c50ffed2f3ba40d02995babe78bedfe2928894781247b39ccd180f81a86cd9,resize75,0.0234375,0.0390625,0.46267586946487427,0.8536438941955566
614,153,5242707.png,1,47c50ffed2f3ba40d02995babe78bedfe2928894781247b39ccd180f81a86cd9,resize50,0.0390625,0.0390625,0.46614935994148254,0.8550597429275513
615,153,5242707.png,1,47c50ffed2f3ba40d02995babe78bedfe2928894781247b39ccd180f81a86cd9,resize25,0.421875,0.4296875,0.16169998049736023,0.7999945282936096
616,154,5242770.png,0,7480889ba33434d991ae966c4442b4cc3fc74cae9d710cddb1aed43938e93ab2,clean,0.0,0.0,0.4935266971588135,0.8666704893112183
617,154,5242770.png,0,7480889ba33434d991ae966c4442b4cc3fc74cae9d710cddb1aed43938e93ab2,resize75,0.21875,0.203125,0.556676983833313,0.7536777853965759
618,154,5242770.png,0,7480889ba33434d991ae966c4442b4cc3fc74cae9d710cddb1aed43938e93ab2,resize50,0.203125,0.2421875,0.5265629291534424,0.7484960556030273
619,154,5242770.png,0,7480889ba33434d991ae966c4442b4cc3fc74cae9d710cddb1aed43938e93ab2,resize25,0.4375,0.46875,0.46600788831710815,0.707188069820404
620,155,5242770.png,1,8def8aca15647a49615282b804ec11ef0247887cc3abff3953c72061d5bf55ed,clean,0.0,0.0,0.48556292057037354,0.8749852180480957
621,155,5242770.png,1,8def8aca15647a49615282b804ec11ef0247887cc3abff3953c72061d5bf55ed,resize75,0.203125,0.2109375,0.5093562602996826,0.7564564347267151
622,155,5242770.png,1,8def8aca15647a49615282b804ec11ef0247887cc3abff3953c72061d5bf55ed,resize50,0.1875,0.21875,0.545272946357727,0.7558436393737793
623,155,5242770.png,1,8def8aca15647a49615282b804ec11ef0247887cc3abff3953c72061d5bf55ed,resize25,0.5234375,0.5234375,0.46600788831710815,0.707188069820404
624,156,5242837.png,0,4f34acf9bdd8c96e4a5ec91dab040f4c53c505cf0d824e462bd07702d2554949,clean,0.0,0.0,0.5519498586654663,0.893495500087738
625,156,5242837.png,0,4f34acf9bdd8c96e4a5ec91dab040f4c53c505cf0d824e462bd07702d2554949,resize75,0.140625,0.125,0.561302900314331,0.7783820629119873
626,156,5242837.png,0,4f34acf9bdd8c96e4a5ec91dab040f4c53c505cf0d824e462bd07702d2554949,resize50,0.140625,0.140625,0.5414866805076599,0.8045549988746643
627,156,5242837.png,0,4f34acf9bdd8c96e4a5ec91dab040f4c53c505cf0d824e462bd07702d2554949,resize25,0.546875,0.4765625,0.5157470703125,0.7338458299636841
628,157,5242837.png,1,85a49f50d81d325fee27e0f6b37dd1d49a2c769415e64aeceb884cfd4fb082a8,clean,0.0078125,0.0,0.532160758972168,0.8871725797653198
629,157,5242837.png,1,85a49f50d81d325fee27e0f6b37dd1d49a2c769415e64aeceb884cfd4fb082a8,resize75,0.140625,0.125,0.5239447355270386,0.772280752658844
630,157,5242837.png,1,85a49f50d81d325fee27e0f6b37dd1d49a2c769415e64aeceb884cfd4fb082a8,resize50,0.125,0.125,0.5607792139053345,0.7874490022659302
631,157,5242837.png,1,85a49f50d81d325fee27e0f6b37dd1d49a2c769415e64aeceb884cfd4fb082a8,resize25,0.5078125,0.453125,0.5181445479393005,0.7335397601127625
632,158,5242841.png,0,d08a605259eb9169862365e084300e174a034f5541304f26ecb90a4ba744a954,clean,0.0390625,0.0,0.5011005997657776,0.8679429888725281
633,158,5242841.png,0,d08a605259eb9169862365e084300e174a034f5541304f26ecb90a4ba744a954,resize75,0.2109375,0.1640625,0.5254678726196289,0.7629572153091431
634,158,5242841.png,0,d08a605259eb9169862365e084300e174a034f5541304f26ecb90a4ba744a954,resize50,0.1953125,0.15625,0.5092804431915283,0.7772923707962036
635,158,5242841.png,0,d08a605259eb9169862365e084300e174a034f5541304f26ecb90a4ba744a954,resize25,0.4609375,0.46875,0.40504342317581177,0.7150528430938721
636,159,5242841.png,1,ed8fda2930dec36463466a1a45b5d45144e257849d28959000423a9883dcd172,clean,0.0390625,0.0,0.5659219026565552,0.8752647042274475
637,159,5242841.png,1,ed8fda2930dec36463466a1a45b5d45144e257849d28959000423a9883dcd172,resize75,0.171875,0.1171875,0.5504955053329468,0.7885918021202087
638,159,5242841.png,1,ed8fda2930dec36463466a1a45b5d45144e257849d28959000423a9883dcd172,resize50,0.1484375,0.1328125,0.5458195209503174,0.7528655529022217
639,159,5242841.png,1,ed8fda2930dec36463466a1a45b5d45144e257849d28959000423a9883dcd172,resize25,0.5390625,0.5234375,0.40574151277542114,0.7165419459342957
640,160,5242881.png,0,b434c4517479da82add8a7761bce07b740b936002f00aea145d4a0317c55aae7,clean,0.2734375,0.0,0.5441504716873169,0.8565215468406677
641,160,5242881.png,0,b434c4517479da82add8a7761bce07b740b936002f00aea145d4a0317c55aae7,resize75,0.375,0.078125,0.5406564474105835,0.7652522325515747
642,160,5242881.png,0,b434c4517479da82add8a7761bce07b740b936002f00aea145d4a0317c55aae7,resize50,0.390625,0.1328125,0.4745056629180908,0.6992229223251343
643,160,5242881.png,0,b434c4517479da82add8a7761bce07b740b936002f00aea145d4a0317c55aae7,resize25,0.5234375,0.5390625,0.2500251233577728,0.762776255607605
644,161,5242881.png,1,870ca59d156fed227b9e660a1dc4c65d0955d69e57c1aaec583ea131112131c9,clean,0.21875,0.0,0.5498583912849426,0.8512359857559204
645,161,5242881.png,1,870ca59d156fed227b9e660a1dc4c65d0955d69e57c1aaec583ea131112131c9,resize75,0.328125,0.1015625,0.5088158845901489,0.7649904489517212
646,161,5242881.png,1,870ca59d156fed227b9e660a1dc4c65d0955d69e57c1aaec583ea131112131c9,resize50,0.34375,0.1328125,0.483430951833725,0.7365576028823853
647,161,5242881.png,1,870ca59d156fed227b9e660a1dc4c65d0955d69e57c1aaec583ea131112131c9,resize25,0.5234375,0.5078125,0.25197556614875793,0.7648068070411682
648,162,5243335.png,0,2308ff7d21ddf0408bf6496d207ddadba1a6495181d7d04d5fc4c22b09859861,clean,0.0,0.0,0.5594666004180908,0.8870151042938232
649,162,5243335.png,0,2308ff7d21ddf0408bf6496d207ddadba1a6495181d7d04d5fc4c22b09859861,resize75,0.125,0.125,0.5817035436630249,0.7602699398994446
650,162,5243335.png,0,2308ff7d21ddf0408bf6496d207ddadba1a6495181d7d04d5fc4c22b09859861,resize50,0.1328125,0.1328125,0.585788905620575,0.8103821873664856
651,162,5243335.png,0,2308ff7d21ddf0408bf6496d207ddadba1a6495181d7d04d5fc4c22b09859861,resize25,0.5234375,0.5234375,0.5674842596054077,0.6606686115264893
652,163,5243335.png,1,f3573201137e2e75fc65fac51ed4c951b49dd83ee8968a7f4c56623321fa4473,clean,0.0,0.0,0.5259032249450684,0.8805744647979736
653,163,5243335.png,1,f3573201137e2e75fc65fac51ed4c951b49dd83ee8968a7f4c56623321fa4473,resize75,0.1171875,0.1328125,0.573192834854126,0.7614529728889465
654,163,5243335.png,1,f3573201137e2e75fc65fac51ed4c951b49dd83ee8968a7f4c56623321fa4473,resize50,0.125,0.125,0.5642751455307007,0.8162429928779602
655,163,5243335.png,1,f3573201137e2e75fc65fac51ed4c951b49dd83ee8968a7f4c56623321fa4473,resize25,0.5625,0.59375,0.5658217668533325,0.6626051664352417
656,164,5243336.png,0,d403db1e9d97855c7b6599d92565805af2e121ff93dd2183c5242f7bb87b54a8,clean,0.0,0.0,0.5694578289985657,0.8828994631767273
657,164,5243336.png,0,d403db1e9d97855c7b6599d92565805af2e121ff93dd2183c5242f7bb87b54a8,resize75,0.1640625,0.15625,0.5699259042739868,0.7777644991874695
658,164,5243336.png,0,d403db1e9d97855c7b6599d92565805af2e121ff93dd2183c5242f7bb87b54a8,resize50,0.1953125,0.2265625,0.5904088020324707,0.7412970066070557
659,164,5243336.png,0,d403db1e9d97855c7b6599d92565805af2e121ff93dd2183c5242f7bb87b54a8,resize25,0.4765625,0.5,0.5490752458572388,0.6706277132034302
660,165,5243336.png,1,e0d696c1fcc4b5b226b71bb1e4a01165f0a2fc72f27223f473b7ea233735c04a,clean,0.0,0.0,0.5589281320571899,0.8849297165870667
661,165,5243336.png,1,e0d696c1fcc4b5b226b71bb1e4a01165f0a2fc72f27223f473b7ea233735c04a,resize75,0.1640625,0.1640625,0.590428352355957,0.7599910497665405
662,165,5243336.png,1,e0d696c1fcc4b5b226b71bb1e4a01165f0a2fc72f27223f473b7ea233735c04a,resize50,0.1875,0.21875,0.5886688828468323,0.7461729049682617
663,165,5243336.png,1,e0d696c1fcc4b5b226b71bb1e4a01165f0a2fc72f27223f473b7ea233735c04a,resize25,0.5625,0.5234375,0.5483342409133911,0.6691458225250244
664,166,5243340.png,0,e35470e4b03712a71d5e672470f07793c98a652fe374a8e146ee4593da09cd14,clean,0.0,0.0,0.5072048902511597,0.8825985193252563
665,166,5243340.png,0,e35470e4b03712a71d5e672470f07793c98a652fe374a8e146ee4593da09cd14,resize75,0.09375,0.09375,0.5154192447662354,0.8030716180801392
666,166,5243340.png,0,e35470e4b03712a71d5e672470f07793c98a652fe374a8e146ee4593da09cd14,resize50,0.125,0.140625,0.5295803546905518,0.8036936521530151
667,166,5243340.png,0,e35470e4b03712a71d5e672470f07793c98a652fe374a8e146ee4593da09cd14,resize25,0.4609375,0.46875,0.4594267010688782,0.7113184332847595
668,167,5243340.png,1,1cbf8d9a9929b6fb74f34a04634219af7c33bafbb4859a2e7fd710c446bf398c,clean,0.0,0.0,0.4919455051422119,0.8791736960411072
669,167,5243340.png,1,1cbf8d9a9929b6fb74f34a04634219af7c33bafbb4859a2e7fd710c446bf398c,resize75,0.1015625,0.125,0.530781626701355,0.8057196140289307
670,167,5243340.png,1,1cbf8d9a9929b6fb74f34a04634219af7c33bafbb4859a2e7fd710c446bf398c,resize50,0.0859375,0.1328125,0.5652627348899841,0.8069568872451782
671,167,5243340.png,1,1cbf8d9a9929b6fb74f34a04634219af7c33bafbb4859a2e7fd710c446bf398c,resize25,0.484375,0.4765625,0.4594267010688782,0.7113184332847595
672,168,5243341.png,0,e3226fe35c55b7bb0288f6ca010b96e513886f6555ac3e20e5e7f1a1441f5f2b,clean,0.0,0.0,0.5341031551361084,0.8765495419502258
673,168,5243341.png,0,e3226fe35c55b7bb0288f6ca010b96e513886f6555ac3e20e5e7f1a1441f5f2b,resize75,0.140625,0.1171875,0.544671356678009,0.8167079091072083
674,168,5243341.png,0,e3226fe35c55b7bb0288f6ca010b96e513886f6555ac3e20e5e7f1a1441f5f2b,resize50,0.140625,0.140625,0.575021505355835,0.7995929718017578
675,168,5243341.png,0,e3226fe35c55b7bb0288f6ca010b96e513886f6555ac3e20e5e7f1a1441f5f2b,resize25,0.515625,0.515625,0.4726431965827942,0.7531245946884155
676,169,5243341.png,1,8ac054b6b4d258b5f35e3bab73be23acfef129b76ed1318d8df92739dd9d8dc2,clean,0.0,0.0,0.5237929821014404,0.8813115954399109
677,169,5243341.png,1,8ac054b6b4d258b5f35e3bab73be23acfef129b76ed1318d8df92739dd9d8dc2,resize75,0.1171875,0.09375,0.5068377256393433,0.8208988904953003
678,169,5243341.png,1,8ac054b6b4d258b5f35e3bab73be23acfef129b76ed1318d8df92739dd9d8dc2,resize50,0.125,0.125,0.5452232956886292,0.8074265718460083
679,169,5243341.png,1,8ac054b6b4d258b5f35e3bab73be23acfef129b76ed1318d8df92739dd9d8dc2,resize25,0.4765625,0.4921875,0.47327303886413574,0.7504856586456299
680,170,5243507.png,0,bd5f75a6500730a8734b291146b7e6b880de3db48cf11823ecee20cbf6be4dc9,clean,0.0390625,0.0,0.49728673696517944,0.8614255785942078
681,170,5243507.png,0,bd5f75a6500730a8734b291146b7e6b880de3db48cf11823ecee20cbf6be4dc9,resize75,0.1796875,0.1640625,0.5208686590194702,0.7535917162895203
682,170,5243507.png,0,bd5f75a6500730a8734b291146b7e6b880de3db48cf11823ecee20cbf6be4dc9,resize50,0.203125,0.2109375,0.5370504260063171,0.7765238881111145
683,170,5243507.png,0,bd5f75a6500730a8734b291146b7e6b880de3db48cf11823ecee20cbf6be4dc9,resize25,0.5,0.4765625,0.4288295805454254,0.6497808694839478
684,171,5243507.png,1,eeb14c0cc70d292b9b2e8cdb1f412c85004695665404bcd9e67456f03cffe49e,clean,0.046875,0.0,0.5713621377944946,0.8570570945739746
685,171,5243507.png,1,eeb14c0cc70d292b9b2e8cdb1f412c85004695665404bcd9e67456f03cffe49e,resize75,0.1875,0.15625,0.5862493515014648,0.775017261505127
686,171,5243507.png,1,eeb14c0cc70d292b9b2e8cdb1f412c85004695665404bcd9e67456f03cffe49e,resize50,0.21875,0.2265625,0.5900722742080688,0.7685112953186035
687,171,5243507.png,1,eeb14c0cc70d292b9b2e8cdb1f412c85004695665404bcd9e67456f03cffe49e,resize25,0.5703125,0.53125,0.43219414353370667,0.6479727029800415
688,172,5243623.png,0,04aeadc7b8dfb8388eb6bcf1a414d36dd45ebb73aadbc16b550ce54ff505f6a4,clean,0.0078125,0.0,0.5526562333106995,0.8794366717338562
689,172,5243623.png,0,04aeadc7b8dfb8388eb6bcf1a414d36dd45ebb73aadbc16b550ce54ff505f6a4,resize75,0.140625,0.1328125,0.5804919600486755,0.7901334762573242
690,172,5243623.png,0,04aeadc7b8dfb8388eb6bcf1a414d36dd45ebb73aadbc16b550ce54ff505f6a4,resize50,0.15625,0.1640625,0.5800054669380188,0.7764288187026978
691,172,5243623.png,0,04aeadc7b8dfb8388eb6bcf1a414d36dd45ebb73aadbc16b550ce54ff505f6a4,resize25,0.5390625,0.5078125,0.41243696212768555,0.708735466003418
692,173,5243623.png,1,4eaf8de49663c261fd03615a39412071dfac42f6160ea1263b0dd92dbc3f79af,clean,0.0078125,0.0,0.5256879925727844,0.8799573183059692
693,173,5243623.png,1,4eaf8de49663c261fd03615a39412071dfac42f6160ea1263b0dd92dbc3f79af,resize75,0.1484375,0.1171875,0.547288715839386,0.8106019496917725
694,173,5243623.png,1,4eaf8de49663c261fd03615a39412071dfac42f6160ea1263b0dd92dbc3f79af,resize50,0.1484375,0.15625,0.5455574989318848,0.7957847118377686
695,173,5243623.png,1,4eaf8de49663c261fd03615a39412071dfac42f6160ea1263b0dd92dbc3f79af,resize25,0.5234375,0.5234375,0.41224175691604614,0.7036933302879333
696,174,5243630.png,0,8c6dc456942a81d01edb8e694a13e0aaa2ba2581a5c14c9d72d523663e2632c1,clean,0.0,0.0,0.5560818910598755,0.8910174369812012
697,174,5243630.png,0,8c6dc456942a81d01edb8e694a13e0aaa2ba2581a5c14c9d72d523663e2632c1,resize75,0.1640625,0.0703125,0.5321849584579468,0.8007888793945312
698,174,5243630.png,0,8c6dc456942a81d01edb8e694a13e0aaa2ba2581a5c14c9d72d523663e2632c1,resize50,0.15625,0.09375,0.5583396553993225,0.8031741380691528
699,174,5243630.png,0,8c6dc456942a81d01edb8e694a13e0aaa2ba2581a5c14c9d72d523663e2632c1,resize25,0.515625,0.5625,0.31755679845809937,0.7618545293807983
700,175,5243630.png,1,f0a6ac74d84e4fe27b773494d524df1284ad6d82a09585ed12e6e7f2a7bfcb73,clean,0.0,0.0,0.5373004674911499,0.8816764950752258
701,175,5243630.png,1,f0a6ac74d84e4fe27b773494d524df1284ad6d82a09585ed12e6e7f2a7bfcb73,resize75,0.15625,0.0625,0.5312777757644653,0.8239285945892334
702,175,5243630.png,1,f0a6ac74d84e4fe27b773494d524df1284ad6d82a09585ed12e6e7f2a7bfcb73,resize50,0.1484375,0.078125,0.5021173357963562,0.8210879564285278
703,175,5243630.png,1,f0a6ac74d84e4fe27b773494d524df1284ad6d82a09585ed12e6e7f2a7bfcb73,resize25,0.5,0.5078125,0.31789156794548035,0.7617431879043579
704,176,5243659.png,0,1ff30bc271fbabbcde5f457aaae993ff2760f7beb65205ab4080a8327dd7b023,clean,0.03125,0.0,0.5906916856765747,0.8930752277374268
705,176,5243659.png,0,1ff30bc271fbabbcde5f457aaae993ff2760f7beb65205ab4080a8327dd7b023,resize75,0.09375,0.0625,0.5997408032417297,0.8492550253868103
706,176,5243659.png,0,1ff30bc271fbabbcde5f457aaae993ff2760f7beb65205ab4080a8327dd7b023,resize50,0.0859375,0.0859375,0.5859959125518799,0.8321025371551514
707,176,5243659.png,0,1ff30bc271fbabbcde5f457aaae993ff2760f7beb65205ab4080a8327dd7b023,resize25,0.5703125,0.578125,0.33349278569221497,0.7097535133361816
708,177,5243659.png,1,a1e6e5f0ff24972a5f187da0670d377732418bf947f2ceae7f10e91599e3ed46,clean,0.046875,0.0,0.5292272567749023,0.8808852434158325
709,177,5243659.png,1,a1e6e5f0ff24972a5f187da0670d377732418bf947f2ceae7f10e91599e3ed46,resize75,0.125,0.078125,0.5208922624588013,0.8361142873764038
710,177,5243659.png,1,a1e6e5f0ff24972a5f187da0670d377732418bf947f2ceae7f10e91599e3ed46,resize50,0.09375,0.0703125,0.5376466512680054,0.8231227397918701
711,177,5243659.png,1,a1e6e5f0ff24972a5f187da0670d377732418bf947f2ceae7f10e91599e3ed46,resize25,0.546875,0.5703125,0.33359411358833313,0.7095507979393005
712,178,5243661.png,0,cbfab41a841a96c6fa05a37552704376bcb7038ed736396f5c0c135a7ab60b46,clean,0.0,0.0,0.4980272054672241,0.8748587965965271
713,178,5243661.png,0,cbfab41a841a96c6fa05a37552704376bcb7038ed736396f5c0c135a7ab60b46,resize75,0.046875,0.0625,0.5453066825866699,0.7996534109115601
714,178,5243661.png,0,cbfab41a841a96c6fa05a37552704376bcb7038ed736396f5c0c135a7ab60b46,resize50,0.0859375,0.078125,0.5226569175720215,0.7909751534461975
715,178,5243661.png,0,cbfab41a841a96c6fa05a37552704376bcb7038ed736396f5c0c135a7ab60b46,resize25,0.484375,0.5078125,0.3446260690689087,0.7121474146842957
716,179,5243661.png,1,31565563fcae70c445c342cd84d1ced1ec9fa7e12d2cfd819416e889eecd81ba,clean,0.0,0.0,0.39922380447387695,0.8631572723388672
717,179,5243661.png,1,31565563fcae70c445c342cd84d1ced1ec9fa7e12d2cfd819416e889eecd81ba,resize75,0.09375,0.1015625,0.4401589334011078,0.7883819937705994
718,179,5243661.png,1,31565563fcae70c445c342cd84d1ced1ec9fa7e12d2cfd819416e889eecd81ba,resize50,0.0625,0.0625,0.4284627437591553,0.7531296014785767
719,179,5243661.png,1,31565563fcae70c445c342cd84d1ced1ec9fa7e12d2cfd819416e889eecd81ba,resize25,0.3515625,0.40625,0.3456922173500061,0.7102572321891785
720,180,5243786.png,0,fc953cd46ba58b5b3578fe3d9b0d1dc2879ebfbffa43f56916d7d8a4c3963a14,clean,0.0,0.0,0.5198665857315063,0.8862998485565186
721,180,5243786.png,0,fc953cd46ba58b5b3578fe3d9b0d1dc2879ebfbffa43f56916d7d8a4c3963a14,resize75,0.1171875,0.0859375,0.5326217412948608,0.8275182843208313
722,180,5243786.png,0,fc953cd46ba58b5b3578fe3d9b0d1dc2879ebfbffa43f56916d7d8a4c3963a14,resize50,0.09375,0.046875,0.5081420540809631,0.8161073923110962
723,180,5243786.png,0,fc953cd46ba58b5b3578fe3d9b0d1dc2879ebfbffa43f56916d7d8a4c3963a14,resize25,0.4921875,0.5078125,0.44481658935546875,0.7009816765785217
724,181,5243786.png,1,4a5d5f1b497ebe6483a178081e5e174924d48f3bd64b2f3dcdcfcd387ceaa4d5,clean,0.0,0.0,0.6357355713844299,0.8995171785354614
725,181,5243786.png,1,4a5d5f1b497ebe6483a178081e5e174924d48f3bd64b2f3dcdcfcd387ceaa4d5,resize75,0.1953125,0.09375,0.6382569670677185,0.8291418552398682
726,181,5243786.png,1,4a5d5f1b497ebe6483a178081e5e174924d48f3bd64b2f3dcdcfcd387ceaa4d5,resize50,0.1640625,0.046875,0.6219397783279419,0.8446393609046936
727,181,5243786.png,1,4a5d5f1b497ebe6483a178081e5e174924d48f3bd64b2f3dcdcfcd387ceaa4d5,resize25,0.5078125,0.5078125,0.44517573714256287,0.70169997215271
728,182,5243979.png,0,923bf9e943866e17759d889a5e3eff852ed07c156c523e3c91b03bac0b5e0346,clean,0.0,0.0,0.5285230875015259,0.8870244026184082
729,182,5243979.png,0,923bf9e943866e17759d889a5e3eff852ed07c156c523e3c91b03bac0b5e0346,resize75,0.0859375,0.078125,0.5661707520484924,0.8029528856277466
730,182,5243979.png,0,923bf9e943866e17759d889a5e3eff852ed07c156c523e3c91b03bac0b5e0346,resize50,0.078125,0.0703125,0.5195088982582092,0.8167635798454285
731,182,5243979.png,0,923bf9e943866e17759d889a5e3eff852ed07c156c523e3c91b03bac0b5e0346,resize25,0.5234375,0.515625,0.43385249376296997,0.6521810293197632
732,183,5243979.png,1,a9a75b64ec04dd72ff4cca4a7398cf72f53e6e69b02b6d3111e47579bfb21759,clean,0.0,0.0,0.5781835913658142,0.8854259252548218
733,183,5243979.png,1,a9a75b64ec04dd72ff4cca4a7398cf72f53e6e69b02b6d3111e47579bfb21759,resize75,0.125,0.1328125,0.5976109504699707,0.7901878356933594
734,183,5243979.png,1,a9a75b64ec04dd72ff4cca4a7398cf72f53e6e69b02b6d3111e47579bfb21759,resize50,0.0859375,0.1015625,0.5849871039390564,0.8213417530059814
735,183,5243979.png,1,a9a75b64ec04dd72ff4cca4a7398cf72f53e6e69b02b6d3111e47579bfb21759,resize25,0.53125,0.5390625,0.4319344758987427,0.6560170650482178
736,184,5243980.png,0,469350c10f145c72ae07370d9da9531442fca3702e05af5958f5cfb510ae3c2b,clean,0.3125,0.0,0.5259873867034912,0.8433362245559692
737,184,5243980.png,0,469350c10f145c72ae07370d9da9531442fca3702e05af5958f5cfb510ae3c2b,resize75,0.390625,0.0625,0.5146178603172302,0.7637993097305298
738,184,5243980.png,0,469350c10f145c72ae07370d9da9531442fca3702e05af5958f5cfb510ae3c2b,resize50,0.3828125,0.078125,0.469794362783432,0.6754695177078247
739,184,5243980.png,0,469350c10f145c72ae07370d9da9531442fca3702e05af5958f5cfb510ae3c2b,resize25,0.515625,0.5,0.25711727142333984,0.7475889921188354
740,185,5243980.png,1,919e78586bb34227097f9c1cfb5acf3e251d5e00e3fda51861d2866aba1ba631,clean,0.28125,0.0,0.4817340075969696,0.8396828770637512
741,185,5243980.png,1,919e78586bb34227097f9c1cfb5acf3e251d5e00e3fda51861d2866aba1ba631,resize75,0.3125,0.046875,0.4878155589103699,0.7592647075653076
742,185,5243980.png,1,919e78586bb34227097f9c1cfb5acf3e251d5e00e3fda51861d2866aba1ba631,resize50,0.3203125,0.0703125,0.45038968324661255,0.686385989189148
743,185,5243980.png,1,919e78586bb34227097f9c1cfb5acf3e251d5e00e3fda51861d2866aba1ba631,resize25,0.4609375,0.46875,0.2582993805408478,0.750056266784668
744,186,5243987.png,0,7b0b86bfe9dbf69b035173f798b6a24d8773509cf1b868341289a24309a3d702,clean,0.2734375,0.0,0.5103185772895813,0.8424952030181885
745,186,5243987.png,0,7b0b86bfe9dbf69b035173f798b6a24d8773509cf1b868341289a24309a3d702,resize75,0.375,0.109375,0.49195414781570435,0.7631028890609741
746,186,5243987.png,0,7b0b86bfe9dbf69b035173f798b6a24d8773509cf1b868341289a24309a3d702,resize50,0.328125,0.078125,0.46144503355026245,0.6707077026367188
747,186,5243987.png,0,7b0b86bfe9dbf69b035173f798b6a24d8773509cf1b868341289a24309a3d702,resize25,0.484375,0.4609375,0.32696735858917236,0.7411363124847412
748,187,5243987.png,1,20482c37ec86c7504257b1ed85091a914114db73d5eaf45481c0b158c40dff06,clean,0.2890625,0.0,0.5352505445480347,0.8491153120994568
749,187,5243987.png,1,20482c37ec86c7504257b1ed85091a914114db73d5eaf45481c0b158c40dff06,resize75,0.3828125,0.0859375,0.5059895515441895,0.773518979549408
750,187,5243987.png,1,20482c37ec86c7504257b1ed85091a914114db73d5eaf45481c0b158c40dff06,resize50,0.34375,0.0703125,0.4811481833457947,0.6870466470718384
751,187,5243987.png,1,20482c37ec86c7504257b1ed85091a914114db73d5eaf45481c0b158c40dff06,resize25,0.53125,0.546875,0.32697397470474243,0.7413827776908875
752,188,5244225.png,0,ad373ecf2b4775c3e7805f3d56fffc37d335d51750ba9011475cb6d5bab1f4b0,clean,0.0,0.0,0.5204391479492188,0.8803632259368896
753,188,5244225.png,0,ad373ecf2b4775c3e7805f3d56fffc37d335d51750ba9011475cb6d5bab1f4b0,resize75,0.0859375,0.109375,0.5140467882156372,0.7868342399597168
754,188,5244225.png,0,ad373ecf2b4775c3e7805f3d56fffc37d335d51750ba9011475cb6d5bab1f4b0,resize50,0.1171875,0.125,0.5113855600357056,0.7889325618743896
755,188,5244225.png,0,ad373ecf2b4775c3e7805f3d56fffc37d335d51750ba9011475cb6d5bab1f4b0,resize25,0.5078125,0.5390625,0.4158055782318115,0.6959531307220459
756,189,5244225.png,1,b709b5e1f6b30218b9df19f9d9e363d299461c5ade9b1cce8b74410f2d4a30f5,clean,0.0,0.0,0.5706278085708618,0.8852111101150513
757,189,5244225.png,1,b709b5e1f6b30218b9df19f9d9e363d299461c5ade9b1cce8b74410f2d4a30f5,resize75,0.078125,0.1015625,0.5829569697380066,0.7988336682319641
758,189,5244225.png,1,b709b5e1f6b30218b9df19f9d9e363d299461c5ade9b1cce8b74410f2d4a30f5,resize50,0.125,0.109375,0.5757614374160767,0.7904469966888428
759,189,5244225.png,1,b709b5e1f6b30218b9df19f9d9e363d299461c5ade9b1cce8b74410f2d4a30f5,resize25,0.546875,0.53125,0.41707417368888855,0.6919506192207336
760,190,5244243.png,0,ae5557a72c3fcf790ce405d4c7034b83149eb1943b43cf22803671f77218324f,clean,0.2890625,0.0078125,0.46622568368911743,0.8132175803184509
761,190,5244243.png,0,ae5557a72c3fcf790ce405d4c7034b83149eb1943b43cf22803671f77218324f,resize75,0.4375,0.1171875,0.459164023399353,0.7086883783340454
762,190,5244243.png,0,ae5557a72c3fcf790ce405d4c7034b83149eb1943b43cf22803671f77218324f,resize50,0.4609375,0.1796875,0.4483463168144226,0.6607875823974609
763,190,5244243.png,0,ae5557a72c3fcf790ce405d4c7034b83149eb1943b43cf22803671f77218324f,resize25,0.515625,0.5234375,0.2766861021518707,0.7468758225440979
764,191,5244243.png,1,e35898da08079b5150228184f64e336f43db760740d512674a97138287409a34,clean,0.3203125,0.0,0.49418917298316956,0.8277808427810669
765,191,5244243.png,1,e35898da08079b5150228184f64e336f43db760740d512674a97138287409a34,resize75,0.453125,0.1015625,0.5159607529640198,0.7281796932220459
766,191,5244243.png,1,e35898da08079b5150228184f64e336f43db760740d512674a97138287409a34,resize50,0.4609375,0.1640625,0.4973087012767792,0.631607174873352
767,191,5244243.png,1,e35898da08079b5150228184f64e336f43db760740d512674a97138287409a34,resize25,0.53125,0.5,0.28153687715530396,0.7445602416992188
768,192,5244420.png,0,a5957080b055275414938f0762ac81c983a5cc4bbf6e7b2ae3e069122d5450cf,clean,0.0,0.0,0.5208853483200073,0.86149662733078
769,192,5244420.png,0,a5957080b055275414938f0762ac81c983a5cc4bbf6e7b2ae3e069122d5450cf,resize75,0.109375,0.1015625,0.5242134928703308,0.7632567882537842
770,192,5244420.png,0,a5957080b055275414938f0762ac81c983a5cc4bbf6e7b2ae3e069122d5450cf,resize50,0.15625,0.1796875,0.5543251633644104,0.7321863174438477
771,192,5244420.png,0,a5957080b055275414938f0762ac81c983a5cc4bbf6e7b2ae3e069122d5450cf,resize25,0.515625,0.4921875,0.46807214617729187,0.6951128244400024
772,193,5244420.png,1,26ba1b2d328c4de528ebb6f867d840daeff5c6d7a598cf8ba9b4d0fc1797778b,clean,0.0,0.0,0.5079991817474365,0.8579500913619995
773,193,5244420.png,1,26ba1b2d328c4de528ebb6f867d840daeff5c6d7a598cf8ba9b4d0fc1797778b,resize75,0.125,0.1171875,0.5460014343261719,0.7291905879974365
774,193,5244420.png,1,26ba1b2d328c4de528ebb6f867d840daeff5c6d7a598cf8ba9b4d0fc1797778b,resize50,0.171875,0.1796875,0.513927698135376,0.7136442065238953
775,193,5244420.png,1,26ba1b2d328c4de528ebb6f867d840daeff5c6d7a598cf8ba9b4d0fc1797778b,resize25,0.5625,0.5703125,0.4669725000858307,0.6971383094787598
776,194,5244484.png,0,514e64d4a0c9e78851bb4fc0b14bfe21c73489cdbb30232a059dd8e0fb3b9079,clean,0.234375,0.0,0.5482999086380005,0.8622793555259705
777,194,5244484.png,0,514e64d4a0c9e78851bb4fc0b14bfe21c73489cdbb30232a059dd8e0fb3b9079,resize75,0.34375,0.1328125,0.5600950121879578,0.7585339546203613
778,194,5244484.png,0,514e64d4a0c9e78851bb4fc0b14bfe21c73489cdbb30232a059dd8e0fb3b9079,resize50,0.359375,0.1484375,0.49824845790863037,0.7084441781044006
779,194,5244484.png,0,514e64d4a0c9e78851bb4fc0b14bfe21c73489cdbb30232a059dd8e0fb3b9079,resize25,0.5390625,0.5546875,0.3725076913833618,0.7320035099983215
780,195,5244484.png,1,5e5c84bcac984a9e0cecf3b85202901b2a5db2751ca47723209d20b69481d51f,clean,0.21875,0.0,0.5445910692214966,0.8501604795455933
781,195,5244484.png,1,5e5c84bcac984a9e0cecf3b85202901b2a5db2751ca47723209d20b69481d51f,resize75,0.3359375,0.125,0.498822420835495,0.7458266019821167
782,195,5244484.png,1,5e5c84bcac984a9e0cecf3b85202901b2a5db2751ca47723209d20b69481d51f,resize50,0.34375,0.1328125,0.481326699256897,0.7099525928497314
783,195,5244484.png,1,5e5c84bcac984a9e0cecf3b85202901b2a5db2751ca47723209d20b69481d51f,resize25,0.484375,0.484375,0.37345993518829346,0.7310804128646851
784,196,5244485.png,0,dcc8353b5a696bcf5c05fe7122d70432997576466e27e0dea35eaea5b6557963,clean,0.0,0.0,0.524347186088562,0.8672493696212769
785,196,5244485.png,0,dcc8353b5a696bcf5c05fe7122d70432997576466e27e0dea35eaea5b6557963,resize75,0.1328125,0.09375,0.516186535358429,0.7722231149673462
786,196,5244485.png,0,dcc8353b5a696bcf5c05fe7122d70432997576466e27e0dea35eaea5b6557963,resize50,0.1171875,0.09375,0.525799036026001,0.7754843831062317
787,196,5244485.png,0,dcc8353b5a696bcf5c05fe7122d70432997576466e27e0dea35eaea5b6557963,resize25,0.46875,0.4453125,0.4337785840034485,0.7050962448120117
788,197,5244485.png,1,71b6d996332a70f136e2effe9200fa3288897fdf7140b734065369d0f0a91e7d,clean,0.0,0.0,0.591383695602417,0.8768752813339233
789,197,5244485.png,1,71b6d996332a70f136e2effe9200fa3288897fdf7140b734065369d0f0a91e7d,resize75,0.125,0.0859375,0.5969066619873047,0.7844231724739075
790,197,5244485.png,1,71b6d996332a70f136e2effe9200fa3288897fdf7140b734065369d0f0a91e7d,resize50,0.15625,0.1015625,0.5881271362304688,0.7948998212814331
791,197,5244485.png,1,71b6d996332a70f136e2effe9200fa3288897fdf7140b734065369d0f0a91e7d,resize25,0.5,0.4765625,0.4339748024940491,0.7070125341415405
792,198,5244492.png,0,62b90f722fec5ce864a87b34bd50e3211905b78394be8a24a4bc93c1b320574d,clean,0.078125,0.0,0.5942050218582153,0.8806147575378418
793,198,5244492.png,0,62b90f722fec5ce864a87b34bd50e3211905b78394be8a24a4bc93c1b320574d,resize75,0.1953125,0.1171875,0.5847812294960022,0.790546178817749
794,198,5244492.png,0,62b90f722fec5ce864a87b34bd50e3211905b78394be8a24a4bc93c1b320574d,resize50,0.234375,0.140625,0.5669293403625488,0.7769072651863098
795,198,5244492.png,0,62b90f722fec5ce864a87b34bd50e3211905b78394be8a24a4bc93c1b320574d,resize25,0.59375,0.625,0.36438053846359253,0.7120862007141113
796,199,5244492.png,1,64d5c0f0fec815d965a4871925c01f862922b1b682929853040ad379080a7053,clean,0.09375,0.0,0.6355524659156799,0.8914819955825806
797,199,5244492.png,1,64d5c0f0fec815d965a4871925c01f862922b1b682929853040ad379080a7053,resize75,0.203125,0.109375,0.6043379306793213,0.819243848323822
798,199,5244492.png,1,64d5c0f0fec815d965a4871925c01f862922b1b682929853040ad379080a7053,resize50,0.2265625,0.109375,0.6183412075042725,0.7830060720443726
799,199,5244492.png,1,64d5c0f0fec815d965a4871925c01f862922b1b682929853040ad379080a7053,resize25,0.546875,0.546875,0.3648739159107208,0.7122842073440552
