split,base_pair_index,image_filename,payload_index,payload_seed,payload_fingerprint
training,0,5233499.png,0,20260810,ad16801ea7c582b2ddfb18438880e7ef3a1a3ff5234ddf2738f414eb548f9890
training,1,5233499.png,1,20260810,27f3b5620b9bf1b9700136ca30732a66df281479c3d042882f478b0e23a27468
training,2,5233584.png,0,20260810,2e7ee3f2ffe6c586757f3fd3d04cea5e82c88443db60963ace45137442df85a8
training,3,5233584.png,1,20260810,7ade0485cf0751f8e7d9604f7777693f75e45c09179e4d6cbe2de02fc3c7d071
training,4,5233614.png,0,20260810,b46498bcd36abffa91a17dd98bdc20a9dc5a749b281a921c9462156e5a2702fd
training,5,5233614.png,1,20260810,e04fb0691ea544e086fd4c712d0a7b56f180d2d126295d3d7260d58507de77f2
training,6,5233629.png,0,20260810,b08d5e237e8396af440529651ee83a210fcba9ebf2bb8d44c1ca18fbca65bc9e
training,7,5233629.png,1,20260810,b521de6c977e795e2a260884e01d4ae4ddec2ada45ccd5cfd7270980d984e282
training,8,5233630.png,0,20260810,e43b60c1657322d584253a6cbd00664b1852d0ecc5c111cda60999041771ec46
training,9,5233630.png,1,20260810,b9277136cde3575a02d2e58b22de50e68688f84b2c2ce93de72a2e6d8fc1feca
training,10,5233645.png,0,20260810,8b0be872a453a7935aa2f48f21bda74291e60af6a390f06f1bb4137a758b29ef
training,11,5233645.png,1,20260810,af0446242585405756f0ae9475cabf1d04878dc853173c4ec34b292370a26b77
training,12,5233674.png,0,20260810,8651e58bb11c1c3be812f46da2fa645434309a242ba2b378a55eec7ec85c1a30
training,13,5233674.png,1,20260810,6ccdba9d3df7f2bd363a52f68bf381816852db3c31a427eaf7cbe25c5631e5c3
training,14,5233676.png,0,20260810,f8cc042237d5a58962728952fb460c57ddcc0b108afe4cadd5c90797acf57cdf
training,15,5233676.png,1,20260810,e1a381bcca4bfcf9bf41767b9a81b82c7b80c03c78db2be8c2003089e0e52457
training,16,5233692.png,0,20260810,d7d6999779e4e4189a06bd9f24c842f7587a9ac72d62747aee913ce312003dbc
training,17,5233692.png,1,20260810,98e5dbcc57b86febf4ac20012618943bc165541be067dbe6f4d034773f97d2e0
training,18,5233709.png,0,20260810,6973cbff3da1aa2e97f717de82c1ad96acc115fa0cfb40a67cf7b9b72923311d
training,19,5233709.png,1,20260810,1f98840552c3f115df47e801940de59a174bd2265f1de8082c9173f9d2463fb5
training,20,5233711.png,0,20260810,1e6930244bab10a33c894d53b64db1fe966ac17a7140843a83775b52e50d915d
training,21,5233711.png,1,20260810,9fbba8b48db90ac85e57dfefd49253d2243a84c3b1cfa02707be3b5a7cb940e1
training,22,5233714.png,0,20260810,398d4ebac6f1a1fd82b92d425d913074d49c03bfc0bb7d9317d238e4a811e35e
training,23,5233714.png,1,20260810,b7b9faf930fd7ad7aefc6f80f8361991c0a4ddb781bd79df40ee14680869ba43
training,24,5233757.png,0,20260810,b05874be7334bf0f9b83113395cecf128bfc25b078b0998fcb5858da6484112d
training,25,5233757.png,1,20260810,8894d594a4ab9d1ee166759af8a77abc1597dfc1911fcdcf0e7f292bceea5ac5
training,26,5233766.png,0,20260810,1365e618843a4c44323349f1eade055d2c4989ccee8cb9b77009853dfcc099de
training,27,5233766.png,1,20260810,74ee03a3489a87d114470a6d83e5588de7f82c3d5f6465f157e4d7bfe58487ab
training,28,5233769.png,0,20260810,e9096da2ef81a04756b2c5feb3c0b474bfd18a33925c2084c2971a58a8474460
training,29,5233769.png,1,20260810,90e36fa96a889f20953d187e3505a691c2a373503a7aae84e91f5036db88ead1
training,30,5233774.png,0,20260810,4e0a3e471852d2c3e26cee16f9b39c4019b402357e37a2dd3f7a08b3bbb1183b
training,31,5233774.png,1,20260810,d18d551fe30d2d624597f67d63e1c048a094204a0399b8100ec1730013b485ba
training,32,5233776.png,0,20260810,2e50b656a2969139ba56f72dd9704ae0f22e0e1ef302766c18f68473ed89965e
training,33,5233776.png,1,20260810,971c75b93adb719dee103a5e477ec0f1ab0a9b23d52e0fb6969094559bafc04d
training,34,5233792.png,0,20260810,4a60e54504d5549e0027a53177840bdf417e6a6ccfec222300e6336d0f999191
training,35,5233792.png,1,20260810,75dc5ae6c94d284f32a5b58723eaceb8746227704278ada7b3c2fab7e00e013e
training,36,5233795.png,0,20260810,649106c3dc9adb39257e02293f59e9b499918bcd077a391ea3d4f9d1302f8bf5
training,37,5233795.png,1,20260810,8b7c616ddca95cd1f580af7b363a2aecf11935f29a1d30f2a43b5f50d66e056c
training,38,5233799.png,0,20260810,3b482f90dd5412f7d1aa56cc162fa0743f8e3faa7534d5058c4bc8d62d553734
training,39,5233799.png,1,20260810,d419eb7e827fceb9e9b2424a1329ab1d38ef9b61616cb825349d7baa7f880b2f
training,40,5233808.png,0,20260810,7d87b2d0f47cdf9c1777cf32709b7cdb72c368ab916437b93fe0ef4bdba7194d
training,41,5233808.png,1,20260810,305a92446883e0c38b80dcc0f8093ccba774745aee1ad60be689c549bf5ffec1
training,42,5233823.png,0,20260810,53ca969f76669544314e270fb20a6aea61a4187fda6c9c92c7fde4ff9ca2d9ed
training,43,5233823.png,1,20260810,0325bf5c253ccac3cb3a82143bcd5518b65959fa7258f792bf9e738ae2254a6a
training,44,5233828.png,0,20260810,2add7a9ca444718578af872aec97eb6e2f0ebe79fb18337f0e1458d6f1bddcf0
training,45,5233828.png,1,20260810,e157a46982a993dcf83f5b2b7245121619307c9adb9bdb7806768fea44ee0499
training,46,5233843.png,0,20260810,db97c02b0a368d1a54702f850df5c5c8eda437aab8550f0012291c3571a40d28
training,47,5233843.png,1,20260810,db6b07cfb5ce058b3f922247ce29feef86f8d88d949d0860f7ece7e08e10485a
training,48,5233857.png,0,20260810,78eafc007c9c02d7a74c3512938f2b25568a9da20d325d602839dae216d8c353
training,49,5233857.png,1,20260810,d937e1eaeba8e1fdb7f723cf2f82c59acf8943dc4c4526adba56a771b515273d
training,50,5233869.png,0,20260810,fbdce411cecf441fb411b446a11fe5f5920c79d341123433e04857124ca90e3c
training,51,5233869.png,1,20260810,d6fbafc2e0a304f4b33c3c679891064ca93cbcd76382e9ecd4f1b862d8c87a93
training,52,5233880.png,0,20260810,9e79ea852508497845a4e0bfb2562dbd03c704fc082b21a35e4ea717cb1b12ad
training,53,5233880.png,1,20260810,06d693c8ff2d08e3f6bdb304d24bb20968602251c8aa3a22779f5983fe658afc
training,54,5233881.png,0,20260810,f3015a41dd4ba2ec50dbe49dd4dbdbb9f78bcf181f61d33f2aa63ffc0d7dcbea
training,55,5233881.png,1,20260810,ee3448b112d0e99462dba9991d14b47424ea67197bb7ca3f2a592b5826c51fc9
training,56,5233885.png,0,20260810,630bf1825b1b3095fbec8c7416702c98c55bf3cfef566a855d9238f0ba0bd4f6
training,57,5233885.png,1,20260810,75c04bb0b345c57cea0c52294568a969d697fb1e41a6da43d067c1dceba6185c
training,58,5233933.png,0,20260810,fe1e843b5b0a5553ce3370ecf85d06569854a1d7e4ad9828c111cbed3b2c4d78
training,59,5233933.png,1,20260810,1c0771d8e7c2788c231d6daf73e297b329ab9634afe292a4ca00c3b6a1f5cdc8
training,60,5233935.png,0,20260810,5f00a5e95a6fbfc8af395f2cacb8f6147381f5eaa134540eaba779078f13de69
training,61,5233935.png,1,20260810,2242ab1cb5ca1c2634210d612427aeacca58ec49b7cce6d61a46a992d9da6939
training,62,5233955.png,0,20260810,5aa285090377a102d657cad23015003bd399bd8611cdfe7ef2163ddaaf664dd9
training,63,5233955.png,1,20260810,6e0464ce7553935880ef0e06ef76c4f78a439da48f4687379182f1a05db23473
training,64,5233962.png,0,20260810,4e8100f2c6a85d1ee5ecb67afaccff52cb25b1e3fb7a46838e2a9c5d1a06a83c
training,65,5233962.png,1,20260810,b64687f9fc1309b462a002d33b6db2d68826419367440cce7742c0428c02cdec
training,66,5233965.png,0,20260810,b83380084555804981b350bfd9f5a44fabd02cbda0688a1e688dbbb491f5c358
training,67,5233965.png,1,20260810,812230464c4c21e3c919dd3999cd010970cf460123170ad65826f31c8b2d87f3
training,68,5233969.png,0,20260810,edee845a232267a0a837a8290d9d7d4e540c3a0f243831e7ebcb10ad5d03399b
training,69,5233969.png,1,20260810,400c29c823a02ae9b95d9213d2ccc43ea5b739adf18d2bbb1acfc05e5eb5e2d3
training,70,5233985.png,0,20260810,4c23e86f5722b1057cfa019b5119cfddbf533ee3617690e20f6624d8d01b8892
training,71,5233985.png,1,20260810,c22ee7bc66f48dfb5383b9f3fdfa6f92cf083dde374f2f0043bb63afa0144c22
training,72,5234032.png,0,20260810,9968d194010a13253d259927665d679903b5411c1c27e5646a5c3f523cb0dd2b
training,73,5234032.png,1,20260810,3623352a09df525f78053f1c952218a06529b76d8527a45b007af7607af61d9b
training,74,5234045.png,0,20260810,55e50f5c5112cb4703adeecfd4c9fba99998492b72cd8aec6eb281e4155414fd
training,75,5234045.png,1,20260810,47309ddabbbea647cb8b4af14488fd433ea211ddf19a4652a3ce905c7b948204
training,76,5234059.png,0,20260810,fa34e0d2d2208b639aebd178cd42e0ec39c316f15fd5a1a66b9b29af2ec079f8
training,77,5234059.png,1,20260810,90b61f570b890123f7daf353ad2c714fa261d29fb12d84e415f305c45099de2d
training,78,5234067.png,0,20260810,12c4fbb873d46c755c059915c73ff8ace865912ce417eaa0f88b4a39773f75bd
training,79,5234067.png,1,20260810,981bd6c7c0d3d712c63394e13e1f0bcc91bb8b1afd46388a252954881e8f044b
training,80,5234074.png,0,20260810,3f22631bc0198cc53f6fab6570e71d2c66e5ee7a226969494420b919325d23bb
training,81,5234074.png,1,20260810,fe144ea2ef38377dfbef09daab660e74c00da0dbe4db3abfe8dc95387c027f61
training,82,5234079.png,0,20260810,d920b109c8baeb0eedd0b20af6fb47ce2538d0f79a2ae75c106e82981d48430d
training,83,5234079.png,1,20260810,ff1ee270878e4527b0e70effe5998fda26dd06285ee3d31e9a0d953449855f5d
training,84,5234102.png,0,20260810,46b8b79d0f4e715905bcecf74a2fad9a92ed9a51bcf582f82a2fb51a31177513
training,85,5234102.png,1,20260810,a4087fcf4a8a0e8f72c20f0360521a5ae9d30e05cf1a2874cce8c3bcbba17967
training,86,5234109.png,0,20260810,6bf6f111273cb83b1d188a5e7c52e0076a37303d490409f6a8fc5cd2bf1692bc
training,87,5234109.png,1,20260810,bd1835d25332847e8c11c76a37c7f59d71827c3e2be07f73e7e891abd38acf56
training,88,5234116.png,0,20260810,1cf0c010603a3bad347d7b75cbd28570b4ffe6becfd43a0bb63b9f12d314a681
training,89,5234116.png,1,20260810,1b2f71c8bcc8180b84c2a7acaa516872ed82bb32e8f83ed1af72a72a33d9aa8d
training,90,5234122.png,0,20260810,5a07405c659e07dde77f581e33f14359b425397bd9191b2ba24bfdc293c1970c
training,91,5234122.png,1,20260810,d68b960a8edc36f499b493065f7b7f0340f51272c39da0e890235d6fc56b7841
training,92,5234214.png,0,20260810,a47494bd811026d7cdb3d6e7efdcb0f8a06821483534d3208130a52347f821dd
training,93,5234214.png,1,20260810,ef22d0f7b66074baaf2737c6ed3cef820b893ffe1b5849c3f1c03b51793f1d37
training,94,5234223.png,0,20260810,63a1d35982c3a7e6819458816e19ef533ac496effa043c37630c033264f5b5a5
training,95,5234223.png,1,20260810,e793f9a8e5e9a91560c1e742cf2f5425b00c5ae404287a4a53d2815f470f5360
training,96,5234230.png,0,20260810,771333174aaf74b336eec9142a4bbae07080c207e509b1bff3ba11f2f29c7905
training,97,5234230.png,1,20260810,3e6e2e8556a068283f5879ad14140b838cbb888d4c66b5e4721f76272532f895
training,98,5234256.png,0,20260810,3ac0fa888d0d0440d9c3069f72d72cd40e714cf3cb232c04a82571182ecaa541
training,99,5234256.png,1,20260810,a71c3739b75dbb05c791b990d300457428f02fba93a92cf31fc5d9a7d8af68a7
training,100,5234262.png,0,20260810,1c3084b4fa021bfb79230eb438f1280941c89781062a45990b6aea95a06d31ff
training,101,5234262.png,1,20260810,19364a9532deb20e61d05a1ccf4dab9d3f2f6bc9c5c1b2b01f3bca8980e79bd7
training,102,5234294.png,0,20260810,7f81b818099c08d35f1328fecb9617310ae594956c9d8ee85d8665b64dfae5e7
training,103,5234294.png,1,20260810,4abf359b87a6229417a8354e3ecfc95d87aa40bf7084b62b1ef32d6c0020b186
training,104,5234295.png,0,20260810,6771b2850edb911495d8253002112aa9e81ec27aafb14103563137918b0cb2ce
training,105,5234295.png,1,20260810,23543237c71a4d82da84c692f3eeb3d51df4928e838f56c8666a65a960efa83a
training,106,5234331.png,0,20260810,e504e8964133812338b1e6ee607d2d4a32a2dc7ffd66b3657c7c1f079500a419
training,107,5234331.png,1,20260810,b1bea5783d91d8a47d82167f27c8262476bc49f0a3304d9529d09578c2eeb4f2
training,108,5234333.png,0,20260810,d03d66a4208ec4155e0dbe9f23bde6ebb952a77c77fbdffb1cf441531b5f8d11
training,109,5234333.png,1,20260810,c88fabd557d7f4149c14616c7592d9186336134ffe4aba0117a984619d1609cc
training,110,5234340.png,0,20260810,746155b5198b4dcb4d193066f92cfb0781d3626faad8041062502608397bfbb0
training,111,5234340.png,1,20260810,019b5387aff72375f9c399177d08920212c35e60d5a325c9dd56d58595d9975d
training,112,5234388.png,0,20260810,f6518ef6a5c8aeccd00b8a1d6aaf3b9b348d31b4bdd15172d3aac616a114389b
training,113,5234388.png,1,20260810,34a247738ed22006ca55f171732974ea477c5d4e2f4ac457a50b33864b8e9375
training,114,5234449.png,0,20260810,eda5dc30f4ff7344172e707a79755e138d0647869693ff46ea4a65080380fe4e
training,115,5234449.png,1,20260810,25ac83113ce9c99d4f9a85d7adfbfae771f30f89a3adeca26fad4e2020fd9b73
training,116,5234453.png,0,20260810,755e295e55e74cfee906645be023b010f30209c4e853cb08114d6c14c8d95b9a
training,117,5234453.png,1,20260810,0b4a50dc4e0855b976ba1811d87ee054d8fee1e24b89c024d410d5d54352cdd4
training,118,5234455.png,0,20260810,a84424a6a3cc97a18a0db612311d8b114d1570db16efad7eb87fb9e7f376ac34
training,119,5234455.png,1,20260810,cd4f9aa29b00d5ae6ba6c17c6541dd87975e5213f7c682f9d7b32c4e9432bd47
training,120,5234460.png,0,20260810,c647804cc8f4618d686b3b961f943b51bec3499f54e7e97f1343311210f22cd5
training,121,5234460.png,1,20260810,543d7dbb6f160412d23327eb1a892959cba14d8aaed6c6e7ab4f10b1d765ab48
training,122,5234487.png,0,20260810,24e35a26e17509617063fe33b109dc7eacd830c87379a57d4fe709fa5efe1a6f
training,123,5234487.png,1,20260810,65cf3cf1c855b4f6b6365bb3db7ae43f59f3cad0ca7effa330a44033c24563df
training,124,5234503.png,0,20260810,42ef3cf3b5420b94e48511bbe5578f54b3b967801b19708747ea5a75f7d6f075
training,125,5234503.png,1,20260810,5f1982128686d71bdd07505147f4bdca5cea23ebacfd1a34e606015671fa4284
training,126,5234574.png,0,20260810,4aaa890fdc84c31ac4385b9f0e953ac01ae4984f0fb8d10faf81ae9d435c8602
training,127,5234574.png,1,20260810,4b66f6cbf9862e4fcb991202d7ffda19759c5085dcad3c91841885357dfcee80
training,128,5234579.png,0,20260810,0619e0b6b14c990f5d57b2461d67be623778b8398193a582c5ed547e02f5366f
training,129,5234579.png,1,20260810,270701035aab982a0d7c315b3b9d864354480225318ec29cc7a991821eecc75c
training,130,5234588.png,0,20260810,6e30357093ccfbc8e389d0fcd3e4331525c6b3b157285f6e5536eb60fb8ecff5
training,131,5234588.png,1,20260810,08a5a13e3ed3e24b22f62d8dc4e5eab95ba837a27661d0952972a405872a5090
training,132,5234595.png,0,20260810,c61e9cf90c668c855c50207419d475d749bbc4282f3dbfa68a25ef27011e8ea7
training,133,5234595.png,1,20260810,ca5a8edd334c5ff0c8a40354c99d1d226eada888e332a13a324919d3c96a85d0
training,134,5234598.png,0,20260810,2f6c1dcc5fc1e70df5b398379ec009749b992462df693150276f89f72f9c0b40
training,135,5234598.png,1,20260810,b516f2c74ff32b481e020051ec4816a76eed867c4233041128d894e6a0599933
training,136,5234609.png,0,20260810,96d7167811f0e17d1bbd81854d4be5ffdafd663d1849baac6aa0f97c8a799f85
training,137,5234609.png,1,20260810,6ec66842f0dc7572582e97cb1b18216d1add4dfa90e4fb8debf4b86661022766
training,138,5234665.png,0,20260810,0dbf98caa6f1ab5282dfc488c105e4a80fb1fc753204b0dd1ba9f35b382a133e
training,139,5234665.png,1,20260810,4861c2d126bbd2e4dc24c0a1a576d49409c29510f39e43631e00caef3e22e897
training,140,5234668.png,0,20260810,a81c85f127d970d11ed42e9c2b1926ac73500f0df5f5b75a4dc1a2dc6f947d56
training,141,5234668.png,1,20260810,bef6d0daba39c7213e0f1ac77df60d9cca19d0103958df885a828407842da438
training,142,5234715.png,0,20260810,d0aa8fff1df387e76b12e0b4f0593e59392117e5bbff31474604c3845a595a35
training,143,5234715.png,1,20260810,0c4bc157232d961e9cb73767f5c0566c36381aa0328a4f73b88e03affe621ebd
training,144,5234752.png,0,20260810,48a1384eccf8d91c2c888844889ea417f1dc051bc961372d438c1db313677149
training,145,5234752.png,1,20260810,0d1631e1d2bfc23477bf423fc322ac462b3b3edcd8eabf167563423d2d308e03
training,146,5234758.png,0,20260810,b3480d97a53fe1771bfc484ed9634f6a6b6db13e1c079829b85dd9703b5f5d15
training,147,5234758.png,1,20260810,729b3e0311939a3ed2b2487b356f155590487114958a44d754e6e54625beca2b
training,148,5234763.png,0,20260810,812516da723e7ffcfc3d357c6b9f3961285b3deada8cee77f18ce43db693032c
training,149,5234763.png,1,20260810,3648bcd46e06975feba91d28ad1c488b19db44fc60ba04b3431865c9efc25346
training,150,5234785.png,0,20260810,09e2c45cfd5fd807bc046154cf2e0012f02d3c084959999079e1fa60944b0f67
training,151,5234785.png,1,20260810,000429d43d42478118eceef3a8a02144f79db5abe3cdde08fa4a41de77c4406d
training,152,5234788.png,0,20260810,98847288c9cedb078d1d6867fd7590493bb1aec17ebb293812adcdfc155b400b
training,153,5234788.png,1,20260810,535a9847c4f40cf03864d96d5e0d28e8b949c17b61bf8bfdfa8d990629cc8363
training,154,5234828.png,0,20260810,d686f4f2619460753ec465292434899e4f61312fc046fa5343f2f782d3caf21e
training,155,5234828.png,1,20260810,67f3360ca6294834efc6d369d18c566e737dec29c54ea9aa64fce977b1c10ef7
training,156,5234834.png,0,20260810,65d568d49e4dcd5508a387f9b3434c9ca611d723af2196c487324f6efe40195c
training,157,5234834.png,1,20260810,66751b5d36e9694f2a81bd6b9f13713868e35638f09647c1ce39c0e46dafb30d
training,158,5234880.png,0,20260810,f878ab634a57add72596d6660a8909a1fda0b5b7ff34970e264846739d8f88e1
training,159,5234880.png,1,20260810,c8fb1092ee38a9aae1535f5588371c4d684fab469e3f69e69ddf1941a8eb5cc1
training,160,5234892.png,0,20260810,aa150825c3d860b260f57cc9dd589c9271bfbdeea31ec6bbda1bd9108d318b22
training,161,5234892.png,1,20260810,0c4f08d12bf426027f9bb83339339f992e053036babed0b41fa0fcce2026dbd8
training,162,5234902.png,0,20260810,d665d871d59ae84a96a543ea8bc3ac6784583895d9d9378a25fd890859705e06
training,163,5234902.png,1,20260810,35c518e6c42a835011e5e503057da8c5dd28d0a03976e6f1c5ec3130f9a3ae4f
training,164,5234920.png,0,20260810,a18796e305857097a0c15f7f66e37b3c09204cd40f05be20cd83f154bc865895
training,165,5234920.png,1,20260810,30e8dbfe0c436cc867ec4105094588ff1434b7041e519ad61d71f459efbeb7f4
training,166,5234942.png,0,20260810,327fe4313284e0e20b7072d51fc066b5cb6d24739c542e64f6dd5edfaa9e8c6c
training,167,5234942.png,1,20260810,dcb0a081344fb0fd20892c06d7e71512eff024de18fc4d4c16116b5247a45c6a
training,168,5234965.png,0,20260810,3057cf506e09bd544d6f4f01092336f299d549bde10292568d318b183b9f11f7
training,169,5234965.png,1,20260810,d32604885be10d2ef2e94af460c7c9457db5229d699320d369c28fb5a652758e
training,170,5234971.png,0,20260810,0c258bf04ecf66c3fb20f6f992dde83f25f138ed9895959663e1286dd2e4bb2b
training,171,5234971.png,1,20260810,b7e9a27f40a194fa28984c2e383e17e393697edb0a090cdf3d5eb2cccd99ec3b
training,172,5234985.png,0,20260810,7a493193f50b59db1a83fa81a0e50c1f012c007c0236791a190bad4cecc364d5
training,173,5234985.png,1,20260810,1c3fc0d24d7e3ba78faa73ffe758be9cf1cd693e6b9f6691a4218219ebc8ab68
training,174,5234987.png,0,20260810,bd58375efaa0f24fa0d40abb8b4171e52e39d5d3c825d492997f2dd36e42261a
training,175,5234987.png,1,20260810,8be3d4b4bc4d89bb662f4957eb29e37d90f493509c9b3a4171446ba9eddfb40b
training,176,5234999.png,0,20260810,67bbf58150370a423e451f5092f4e2557a7af9002eade46fa514b09b98bd2bcc
training,177,5234999.png,1,20260810,bfad620d5fcb7ec24a1f7561bf9e5697b19e7910498092507ed1db882be1b44d
training,178,5235010.png,0,20260810,698f03c7b983ce2b70ab0fe36924764a6f23da1ec7ca21f85dac5e8166771330
training,179,5235010.png,1,20260810,cf4263bbac455d05b46575f3a4a64b123cfbad862e7e5d3d2462104f88fad734
training,180,5235076.png,0,20260810,03776193f47a7bf616a539665ef345bf144839e80c74b3fe7492cd397c2caecc
training,181,5235076.png,1,20260810,3aba0bfe90af5c9e610c8a7ef699028f4eeeafcb2f50b18424f6025528a4961f
training,182,5235081.png,0,20260810,eb14add41518bfbc73c26fff2324e6fdfa0051934fc695792ef08841c5459a34
training,183,5235081.png,1,20260810,4a3cae19c76a9e84c1e07d04b2e5ef5c62ca207e3a88c2ec2a85c79c2e7c6bb1
training,184,5235090.png,0,20260810,739dfaaeb81f432323e51150c360494d5b7e7c8eb1dcd507d240dcf3253c7e6a
training,185,5235090.png,1,20260810,deaf094d725cd10e71d715c4037f0609700360df340aaf103692f31eb1465dd1
training,186,5235092.png,0,20260810,043cf1be16d048138b42b783dcf809f298b13433af6168af34fea325bd26792f
training,187,5235092.png,1,20260810,79f1db43bc73bb4d68067b80bad9a56392f8900afe072cae70de27a42bb97237
training,188,5235094.png,0,20260810,87b6ad206050db87fa697d72895d154119872c16dc38bfa5df7814d784f67794
training,189,5235094.png,1,20260810,db9a85d93be6fb5737bce380527c1955b69289506ea1583fa3b45badf4f360dd
training,190,5235096.png,0,20260810,18786d115207537e05bbce9f5b19a629c579f16e567377cf90b42d4e703c2835
training,191,5235096.png,1,20260810,bbb62fa78a5b38042a330103d69f476f6da9499a453f7f05764942ee3077767c
training,192,5235116.png,0,20260810,462f3b523f48cd9862ac979c2d8eda05525dcdf80147e2924a61f9ec7f0a9f30
training,193,5235116.png,1,20260810,3a84e81fe34c2feaddac3f2f64f90f1e4b9974b2881877e41d2e256109948886
training,194,5235142.png,0,20260810,4073d74a891922fa4b1a50bf5dd7db517d0f79d1ecf12b0157bcec0653e3b8c0
training,195,5235142.png,1,20260810,8feb2dc593128292616e053ad6ee595fc1d29a73a5208d61159e726e267134a1
training,196,5235144.png,0,20260810,2c7582552ab37a44b7f61e5100fcc1292357d6056bd8efe6ecd3ec92bb04838f
training,197,5235144.png,1,20260810,95c3d5432787cf79fe9a210e48334a9dade650a57897f1c513d94c812eb95407
training,198,5235183.png,0,20260810,433a2d9d84799530be58826ff5082cf46ec41f120a54dbd440812edf6e9084ea
training,199,5235183.png,1,20260810,9b9e4c43a6f28c84c01d6d4076bf67da409e2952163a1fbc3a33e0cecc979ab8
training,200,5235184.png,0,20260810,a82deb81c8cf012385f1b48cb194f6ec4e79aeb9a62263797eacee03ef6431d9
training,201,5235184.png,1,20260810,43bb26af5c9f00ecbe7ef00795d31ff7a123a6f08797231a2722fcb36b1df610
training,202,5235196.png,0,20260810,65cf7977615d89f4c6284a2bf4bd1070131952813f848ea5e008d1e846e6ef3b
training,203,5235196.png,1,20260810,d058ae1a88e99330dc793b700bd08613d6827508c298c2394066baae2a0aa894
training,204,5235213.png,0,20260810,acfd6ae1057ba10e718dde01d999b811b58ede3e35189a589a1d5d8f1d483d5e
training,205,5235213.png,1,20260810,6b872599c946e9f05c24251bce96857a2d051db4f7b489870d612def918b8ac8
training,206,5235236.png,0,20260810,0ddb613b86c4ca9cff9e6e1670f9c9a20861f36278ce436b54598dc94d785d6f
training,207,5235236.png,1,20260810,1829b6e0c2782496a76291e707ca71a1ed6ed06ed1477db479923062803bc82a
training,208,5235246.png,0,20260810,5dcce8276640573881d11d58f16c24adc3a28c79af65d2c918d5831e161a907a
training,209,5235246.png,1,20260810,71b90c3099f0df0a33a3d45e37f0ee32178d44d490c6056fa68cdce6dfaf27bf
training,210,5235258.png,0,20260810,fb7239c29c2ef7990406183cf6ad6cd369b324949559d125fe8c1a5a5009c779
training,211,5235258.png,1,20260810,d10e919b350d1898f8d424be5a97006dc92d7324e3d3dbe6328fc676bf74d5af
training,212,5235331.png,0,20260810,f45cb3b8362d3d58aa142b863209e92bf4d1b460c4cbb52e3b669c6356a7eb0f
training,213,5235331.png,1,20260810,775d390e9b1227caca36b000c628cc2b39faa0bdda650d4e3ac8bad0b97cc825
training,214,5235333.png,0,20260810,a1d93b5e19ec3fcccf0e5e6f7097a2dbc4ff8c6077a61e37c0fbbe20b9136b86
training,215,5235333.png,1,20260810,4eabf4fb62b87594f367b06934dafe03ac17e109342bc7e024addd5afd5e5386
training,216,5235348.png,0,20260810,9f114a505112f3f42da3da576b7bbbc5355ec882431472f636272cef24453780
training,217,5235348.png,1,20260810,b1615e146b72723061bfce22f4b1c832a95fec74aa3120b11d34a5ef07a07d46
training,218,5235372.png,0,20260810,e16fb7b1ab8d4bcfa0d7bbb575cdcbc2160612d80ad7cf3f3ba3436c67043dc9
training,219,5235372.png,1,20260810,ddaf9ede1da797a3874dac1da1d36086388ba80efa8bb24c3bcf24bd95a3dfcc
training,220,5235374.png,0,20260810,4a0415036a60c9070e5adae7fd9476250dba95fc069e9e9d891906b80bb4b732
training,221,5235374.png,1,20260810,2666a662ac43e108006e939cae2298ef30f0d7ee4014f8273e8d642211d3a82e
training,222,5235376.png,0,20260810,e2067c91037601bf7e4a09c48f14f4769e19fa1ddc16869d7ccfb6da3fd68f7d
training,223,5235376.png,1,20260810,3914f427a0c32ad4e3ab6f20f67391838fcad3e49b3b636b9ab1f50fcd86a02c
training,224,5235427.png,0,20260810,a0c485577578794cd5269cdc77b227aa89cc881b1b5e786635eac359dce9dcb8
training,225,5235427.png,1,20260810,bdbe7d71cd58b3ec0869fe91dfe3817cec4515e5782aa7c172b6ef62b2aa82a2
training,226,5235443.png,0,20260810,2b4eb77d303f325bfb8986a323aa56aa166cad352a3c5dedb44ac09794aa88ea
training,227,5235443.png,1,20260810,5b98634392d9fe2c67d3e41db2446ff41aa52ee884c65bb7f80faff15d721314
training,228,5235472.png,0,20260810,7f996d85878d57b1e7421937249a3714fd0c8aecfde2cd79cd0951313e26a265
training,229,5235472.png,1,20260810,dcef389accc179b5416ee1bca45d54822679b0d300d1bb346169a40eea0203fd
training,230,5235531.png,0,20260810,662beea8584f3a6327574a46bdc54162c1cd8f6bc83c6527331c001031966072
training,231,5235531.png,1,20260810,0eed32a2376c10c6f63fe47e819a74a8deccdd610f188c90ded4d7e04cb792d8
training,232,5235543.png,0,20260810,4bedfb08379ba30a4a173b5b97658d6915c7119752c9c31de76843203355d27a
training,233,5235543.png,1,20260810,a58960dcfdd4ac5d6b9490104b5a4071cbf83d6ed36225389c29f890a8ebb037
training,234,5235559.png,0,20260810,989f40a6dc2d3fe953d5c3a2082978bb8077c25d0ff3ae6d31939066c3c4a872
training,235,5235559.png,1,20260810,330f87ac9d681dedd84cd9451c9f2dc07bc18095a35ed79d09f670f62b7ea8bf
training,236,5235561.png,0,20260810,5bd8319fcf8bdd0bd85dc48eb5019ec9ccb25ce452da1f60fc4633a677c78c43
training,237,5235561.png,1,20260810,2ad5d3e287b30d9ce7428c2acea47b28f716b9cbd2c789e9f940f22fce691705
training,238,5235587.png,0,20260810,8f83906fdfc69a2282510c58dbf02a46ffbd17a19c33892541a0d647f802b8af
training,239,5235587.png,1,20260810,5aa5e0cbe8c7e183c7d495d78d3dbe73a6c60623c3b892038614b24907b6d551
training,240,5235601.png,0,20260810,d95f50d2fb8842d3cbce7e5b9dd4b215373573ae80ad7f3aa18a707014fa3b30
training,241,5235601.png,1,20260810,edf1f3cb891fc28b7e3107440c2498086e832dbdf7d1b0d007d681830a07ad1f
training,242,5235614.png,0,20260810,1625032756fa9a8b8b1dc299290f6492a9a01d744e159885076d972eab06d316
training,243,5235614.png,1,20260810,c35f6a2fa3f216b98dd377362b2d751367d2b996da075faf7aa3e35e0024ce45
training,244,5235634.png,0,20260810,057dfcf741405cfa7ca4398dd4833eef4b3f53cc19671e30eeb5ae16ffa84a90
training,245,5235634.png,1,20260810,56ae4a4f9c79723bcefaab46810381d546ea5ab318f87c51a08bf6e3df0ef1bd
training,246,5235654.png,0,20260810,7f181c43cf3895f8a61671683925b362daf819f30e08e26c87deee3bf26676d8
training,247,5235654.png,1,20260810,4adde5b3a88c8178f2371696e6267dfbd177e96bc8975f0ffce5b9faad9ccf37
training,248,5235671.png,0,20260810,8b0113f24a37c6c8c274dc6cbd415ac6c6f1c5852e56a4f6afdea23ea1bb7e9e
training,249,5235671.png,1,20260810,46de5a3c474478effc0b5951d09e8587e28c13033e80b0ae6c98013a8283aefa
training,250,5235700.png,0,20260810,ae2cdf3fb253d99095ee867dc3abde8c5e2eb5da1ef5c70103fa592001e0c466
training,251,5235700.png,1,20260810,e09556fca4402544b03f78ba265edc162dc6f51d857504692b285cf1a993af02
training,252,5235733.png,0,20260810,ee1b88015e7d04a17b4e11285c80ab996469b8b1aad143706e1514cf521f2acb
training,253,5235733.png,1,20260810,701b53cd94dcd150c8d57394a90b327022f0dee09b2e533192c2bb4211620825
training,254,5235737.png,0,20260810,2f4d147a414feb9b43261e36326c4cd6bb82e7a567b2e1a6c35fc96c3d5e74ad
training,255,5235737.png,1,20260810,6dad4c61e2e4dbe5ec2593dbb9b41c28776090383fcf52bbc43ab63c89b005fa
training,256,5235748.png,0,20260810,c90c01ddad223650e6124d2da742535ca622a5cb119eb4d8a2e93fef2b7b7ade
training,257,5235748.png,1,20260810,e85e3cfec4d473bfc31e71175b0b979a9c3ae4b685ffb806314bbb4fda4e7ce2
training,258,5235759.png,0,20260810,4a973852b4e925f2ac214ce978eb25b9d315645dd87d9912013bbb4a3d729717
training,259,5235759.png,1,20260810,1d4b10107e174d537bfa1b7151646d76d4a167562b1b63cbf4ac33a468a24637
training,260,5235763.png,0,20260810,195e2cc8fde130050df8657a0de0eb30cf420a0908885b5610b3d466bffec9ad
training,261,5235763.png,1,20260810,545149eb8a8ae54015f9f92b2c123a050c15de66bf244ffb856f04704492489d
training,262,5235767.png,0,20260810,6c2409293434abd80e20507152cf6d8a2936ebf4bc1e4fd8ac542b78b0831a7c
training,263,5235767.png,1,20260810,e79dd4dd5097989ddacf44340d473ceef61cdc69b9c542ad399f3ff830f5cd6d
training,264,5235797.png,0,20260810,a076093e82fa3d8ab668ce94123c59d0a759fc1f68c937e3c84e9e78616dc3d7
training,265,5235797.png,1,20260810,e910085773ad39dc1593a664c05b7e3a7aff395e1bc18ed59a5a46df842ec075
training,266,5235798.png,0,20260810,d9181bc5fa1676506c52310cdf64657225c7faa73d1bc75c769d8b155f81cb1e
training,267,5235798.png,1,20260810,6c4fb1d75da58dc302a416dbf9465bb459afb0147de2838a6c9637cd2d824d5e
training,268,5235819.png,0,20260810,4911f4fd901679ba76ae617306390ed2ace5fc82676a80f174138f2f648638bd
training,269,5235819.png,1,20260810,aa542a4b7769792a75b779c741a7da8a5ba57b04c43d8ae2102cdbb14d3d9519
training,270,5235823.png,0,20260810,ecb92f531bc49d1a3a811c32b6d09fc8aab39c55d0492610d772c4b57fda29c7
training,271,5235823.png,1,20260810,731ee5dc6d05bdfae4cbba45d270aabeca659c91ed9f7045aaf6d4d683e3e061
training,272,5235863.png,0,20260810,88d3b6315ba24bb6100eeca05ab1a74f3a875d94b39606e4a042170db927cf49
training,273,5235863.png,1,20260810,c5e1b46de6d0cf1e9abb0937bd80583e7001d80f8897d1a585de9c39dc8602bc
training,274,5235877.png,0,20260810,9bf5b27777c9300d98a5198c2a5d61e7821415f2be1b5d7c721c9f624e4154ba
training,275,5235877.png,1,20260810,f23417cfcec1b0ddf5b1bd19ffa73e3c90ba74e3c598be929bfb9e2fa1b5d78a
training,276,5235893.png,0,20260810,ec58bd8b4be21ff4981a59e77026ebf54d1df4273ac9ce64c6275143f4878b65
training,277,5235893.png,1,20260810,3de1a3971870830538ab14aec14165848d16941c2eb376bc5a68c90b7c97053c
training,278,5235898.png,0,20260810,91eddb89b4c67b96b79887737249f385770966368bdd2ca0c1b0552c2cdee596
training,279,5235898.png,1,20260810,b4b307e4c55871e3cbb6e78d8351aab8197240bbf100f9d02b14e21c3a415baa
training,280,5235912.png,0,20260810,c700fee6c9e73915d72c8121940e01a53b21be31362bca9d70bf78f6f232d89a
training,281,5235912.png,1,20260810,4d05ae86aa6a52129c53b45d36e6a78f2183230d4d2db0222c5c54420b345b72
training,282,5235927.png,0,20260810,0998f231eb5b8f90c8e0af1ef72b33b5e652990eb061fe22b36a4d8c1be9582c
training,283,5235927.png,1,20260810,2321e8924ae73118ad7fb3c20415a2480e96310d6d5c4da2863a2332126b62bf
training,284,5235932.png,0,20260810,01d6931a8f3144dddc786bf85f1337ebb60c5314038899549c3fe33838cf4ee2
training,285,5235932.png,1,20260810,2d47eef8d9c01e9f22e12db424c92aedc749c64ef6e5dd58e972e5f5cdd68856
training,286,5235933.png,0,20260810,49812701ea37f6a0761e61ec8bc9bd6a2322e43aa87f58c5f34ee5a1e2d5ce41
training,287,5235933.png,1,20260810,4e8581ee79571d7351c4e453ab9a5d16db5bb6c6f4ecf4fb3a6c6cb1d4a4a000
training,288,5235939.png,0,20260810,b4a6177b5475cd841b2d2a2b5a1651347135278935c7ecc3ac3d7bb969bc9632
training,289,5235939.png,1,20260810,403c2a3b3b94c8281a2e1a876c8f52f892722945f8c662a6b60f5b0d8c2be2c8
training,290,5235964.png,0,20260810,51dd44c73c4f6426857ff8908a124396c37574237f05898dde70468e0b1a1e5f
training,291,5235964.png,1,20260810,4a208fae052f53eeafc2e8ac5bb441aaf5875de3c67fbaa6520ee978e1dc0724
training,292,5235978.png,0,20260810,939f7c73d50e79cac99c2ed3b062054cdf03cb95d16985f839c2fe83af69c6e8
training,293,5235978.png,1,20260810,8117cdd1b119334b0b980acb3ca21a2ba2e019dca4ceff9cb24a4fbe29df5d1f
training,294,5235984.png,0,20260810,68bd7cf1610f737c59ba28940ee82838df734527be3f0559984a754479c5a0d5
training,295,5235984.png,1,20260810,2b4cea65fc75541c405f3f5e2168e165cd05dd799802b8e288d12a3d961cc346
training,296,5235992.png,0,20260810,fe921a2de62b5f8d56fcf9a3823bda77baa9b2e2797abcc182f2971c3adef9ca
training,297,5235992.png,1,20260810,689fbd58bc00aec36b7cfdbef1df6b808046c5d169c68e05cf46aab525482e20
training,298,5236008.png,0,20260810,5b2019e84c4f830107eb6d88c4318b35fd9133bc316edcf9bd1614d421cab6e7
training,299,5236008.png,1,20260810,db781015d1cefee898794e3e7f72a0dfb25bcb43f4ea9ff39f53be89f37ed80c
training,300,5236037.png,0,20260810,fd2d05bc94d0a49055418da95db39129860ea961c3be1685ed496b0f96005cae
training,301,5236037.png,1,20260810,6e6f9d569c0660066be31a151f5678478b0543aabf097091d29a4fca7251bd1f
training,302,5236049.png,0,20260810,db879b6e6495628afec1df5e3515b0df8be29958c5ba78b2a90179afbafd2b1f
training,303,5236049.png,1,20260810,2c236441aa7abb201b9cbab9a52b627a00b6e3f55100a3cbc3733e3f083f0f7e
training,304,5236084.png,0,20260810,82f46ba7ca77a28cfca2b348f2d63f70dc71a93c5a78d38309f4e1848aa18c05
training,305,5236084.png,1,20260810,b348fd6f22727d44b4d242007fa049380922c48533bb1d0aff48a598238bfa02
training,306,5236094.png,0,20260810,4a0d7c1fd082d2fdc2f640170ebd4e44bec9c925832e4a0d1e5ecfe73076e931
training,307,5236094.png,1,20260810,715b4616d3909c191816427d40c07f02b52276773f2b0a1fb4c2a8cbb40df9ca
training,308,5236112.png,0,20260810,cfab64af0d3f710075ced51c31886f933481537edc457d6921d2cb8c71728ae9
training,309,5236112.png,1,20260810,992190df34e47b9af7fa587db3f117da8052b6c9d3c2722603fec39bfcc6a739
training,310,5236139.png,0,20260810,9aa31f188e042533332925f46cede1e4303975eb7abd58b58b049305f05d6e9d
training,311,5236139.png,1,20260810,61d86dbc43c4260c78af13c22ffd3972dcb7c25c949318520ab35d2e1a754199
training,312,5236147.png,0,20260810,2830448ec4c3acb3c438605419471121a850b36dd7add3cbbf5f5abec2e4c983
training,313,5236147.png,1,20260810,08ee381749f4756509218e2c00b59f31db4b48b890ee9cab16472ee130fd4969
training,314,5236162.png,0,20260810,99ddc757247be7866c7b45e4607f0d4f9ffa119859f0b6442ee31481b25308e3
training,315,5236162.png,1,20260810,89990d2c70e6136e7229af149421599d7a624846d6b06e8f5580f30d17ed4b2f
training,316,5236163.png,0,20260810,7de5f77ff557704ebaa4e937c6c0eaa640078ad76cc813c2029204a3cd02c86b
training,317,5236163.png,1,20260810,a2ceccf202863d00e692f3ed9497480304ee76a0d7f975fd4182fa3221666a87
training,318,5236167.png,0,20260810,2e0c2be908c5c79e9536296cc4811ee2a1ee3831d1aa5c014b322e9c46019c1c
training,319,5236167.png,1,20260810,9e2576184df9f5de83b5382e4cce4bf5f5f4e7b425e378e3d8d1c85f63bb5947
training,320,5236184.png,0,20260810,a15a89f438a1a66d1a87c694d3231cb0fcd06cd157c9a25d2b7aa97041340d7e
training,321,5236184.png,1,20260810,bbafb159db87b06f7b15b3d2e959ccf001e32c092dd1763298a00bdb82909f39
training,322,5236186.png,0,20260810,4ffe992d8a60da51075c2072b6fbc39328612a1e4926be4628941a754a090160
training,323,5236186.png,1,20260810,44f3a7e2fda8934e3ca4d13ef9045e1d1ec621c473aff1e427810864ee92c9f6
training,324,5236223.png,0,20260810,a5dfad523b12106b7a07b4bc217ad7f7e4d35d2e3dbb1bedbdf429c60263ebee
training,325,5236223.png,1,20260810,b08d4535ad0cf1626298dcef3de1b03e0e804dbc884b6ae1069ef8a9da0d61ba
training,326,5236232.png,0,20260810,8484087248b3859ea21ac4bd218ef18029c4ed653d351eddd312efdc77f1c98a
training,327,5236232.png,1,20260810,da90e217eaf6966f934095a83829027a39d8cdfcc11a56984c32f86ffa02d106
training,328,5236248.png,0,20260810,004b9a0dbd729e25628448c3128f6c39ba422a5095cd984598721a49d8d9689a
training,329,5236248.png,1,20260810,069da4dc1dec415803369ba7de0df6fdb31af862e7320fba0522809084ebc289
training,330,5236249.png,0,20260810,40955451437f146442c1d9f7e54661eb4905904a88e5305af8f2fff8a38d785d
training,331,5236249.png,1,20260810,ab1b5b7852e997967a29e2169df44860428e664f7528d1cb5b7b77f1eea49d41
training,332,5236272.png,0,20260810,d8f8ba6c4b0f244aa824eb7a9d05aec444e1dec250a575bcedc00a9edc403030
training,333,5236272.png,1,20260810,942c2d1b162230ece91c206fe417f0709ecac98d90a797a95c303a271478feb7
training,334,5236296.png,0,20260810,b8c32f3a5ae0f42ccdb58a1450f40946208d936b9c239a1bdae061b304b4866b
training,335,5236296.png,1,20260810,afb09f85db3edd39035310eee54dbc3cd301dc7f282291a2c83658e58daa6a73
training,336,5236312.png,0,20260810,983da2e36e42a7fac838a27bce56c61ec0633eb3776de121e828089330e0f633
training,337,5236312.png,1,20260810,13faebdb851857b47b6fda91a002a4abba33954b6f37c2a869d3c2d67e410e5c
training,338,5236314.png,0,20260810,12a98537d7ec47d91dfa437f5cf99e5a0045fa0514ba1f3b79ebf14b9c54a21e
training,339,5236314.png,1,20260810,28449c1916d3076f09c30080b05d06cddada2704312f5b1c59ab469b9fd9c12a
training,340,5236321.png,0,20260810,32c3d6651c9b6a3376eb0d9a2c67720b959782eba3911aa100ddb6f00975cff4
training,341,5236321.png,1,20260810,6760c4c63796208567fcb3bdc4b42f77555bf6804471628e581998d5efb9e64f
training,342,5236402.png,0,20260810,110fd7fb0ccfdfe40974d783074c0b9511759a53550e1f0936ca0c2c1fa24087
training,343,5236402.png,1,20260810,d9e5bfebbc1205b6dd8b31c5b5fa76a6ba1d1528cb4e9cdd6156a21047743f55
training,344,5236404.png,0,20260810,315a7454ab40a624ab1838ae5f0b6a24f498c2fd68fb19616f164bf6cd1cd148
training,345,5236404.png,1,20260810,05eb4a1239a5f4ed3708093f09338532a6ea71605c7bdabaae2ddd2db6df5c30
training,346,5236414.png,0,20260810,52b8341d4a1bd9bba255716908ea437d428c2868a6061785148dfc2a7da160be
training,347,5236414.png,1,20260810,e9f01aefd39d8e05f3b66abfd20d8ede2d60e9f25f41be6c08931b29355f6fd5
training,348,5236474.png,0,20260810,d2a351b6866d8a9ad6e482b43ef415f18a4d613a7d1bba730c454f1631e3b508
training,349,5236474.png,1,20260810,b133050b1d2d60998095aba524b68ba33ef4e794922581c4b073e94306812d4b
training,350,5236479.png,0,20260810,e72e4050bb4ecafeacab4d005fa5b21dffd90e4619f51146383514ded5691586
training,351,5236479.png,1,20260810,730219c9805dbe491a720535e7320c4c555c41955e971e74e48420d7a7c1805b
training,352,5236480.png,0,20260810,0e8071e727acda917f0abfb106fbea4314c9831bf56f151c09c723af9e223b88
training,353,5236480.png,1,20260810,9f3d584abdc0c80844f128eea308e41129c5b4e64739dc82958e32cb2c2f9e91
training,354,5236484.png,0,20260810,2af8adc048814db0d06a108e7bcf8b5a752c4207c48a1ef0115199e65b9ec76e
training,355,5236484.png,1,20260810,1a1d7de54e93ea7b534b8d7dc78ca6de64d7453ec068775f7aedd6c466aaff67
training,356,5236486.png,0,20260810,1b5fceda1c78a942a9265255fafca0f8837c01f0d3fbd5e9347abfc689fe82bc
training,357,5236486.png,1,20260810,4bd79987d3d4c716f15fa5eb588ae2249104f9f4cad8f03565bc35781152c683
training,358,5236491.png,0,20260810,8f4ff98d586f1410bf61264e6ac2acc4726b128a8ce0bc197bb249d0301a8cc2
training,359,5236491.png,1,20260810,7f80b5d2fe63b611d0c8e8528b74156451bc98d3eb338bf93e91d35e921283df
training,360,5236509.png,0,20260810,99e18f3e22cd00e11fb849682d78d8bfb1868d72ac285727bce2068c962fb8e5
training,361,5236509.png,1,20260810,963c0577960ea44426ef50c4f9bdc1499e20d20c28bfe7f49590e3a2ad52149f
training,362,5236532.png,0,20260810,d3efcef90801268fb082242b1d4249fa5e3590c3cbaded4a04cfee430ec07172
training,363,5236532.png,1,20260810,1e57dd668c4c90949a562dd3fe244a23f5c4f23e76ea1a0d2156e18aa233e7b6
training,364,5236577.png,0,20260810,44c6cce3024e2de4ed9596c0c45194384922a11e1bba23a1ec39563a35584df4
training,365,5236577.png,1,20260810,46e6744de4d0930791dfd90e03d5decc88447e65486d004eff08620abb620d1c
training,366,5236634.png,0,20260810,18e6bf574a84a62e1fac0a3b26edabfe3b78ea617c96279c0952d5055e9053ce
training,367,5236634.png,1,20260810,39619c89d39b713466acfc3552875b9e9e86918dff1fef974b752cf660a6ab89
training,368,5236654.png,0,20260810,af8cf96738ef6c2a5995d81380e4b171940175be276354bedd48aeffa3e835cf
training,369,5236654.png,1,20260810,f8652cb415de98d349283087eece314dcc48e178964c239a48973d22267cc8d0
training,370,5236686.png,0,20260810,1aebe4bd26e5521d498e6605d6dbf5fb3abcc5fe854c38a8425560606fd7041d
training,371,5236686.png,1,20260810,a53031e27b17282446e21626572affa94d246863efe3596fd9d8b990bf68597e
training,372,5236688.png,0,20260810,fb239a464afd10bfd5ed3f2b760761a7a814085181f9ffb9e2bae4abf05a7104
training,373,5236688.png,1,20260810,372dfc63db70cf0c10c6e0b3bcf8d6f62b2ea44234c4f59ceb9a37ff60bdb918
training,374,5236691.png,0,20260810,4fc930709e349eaee61912dd37c1ec3b3b4f7e98fd1000196565a1574c4d66d0
training,375,5236691.png,1,20260810,6164e77fc9379b88d6af5436d661d7426959985b113d88da6aeec3f99995221e
training,376,5236692.png,0,20260810,022521ef3a18ee648539cefce43b6995995e8201d55583676da6509166c5e04e
training,377,5236692.png,1,20260810,dd86f9768a40e06820c0b2b0814c23f4938c5066ddb987a1c5916e0aa8c6f1cb
training,378,5236721.png,0,20260810,278805e68f1208ff000dd36aaa8e042c0097f02b43e5f21e47a2789580491ca6
training,379,5236721.png,1,20260810,a514fec4abf7e3c4fdc624f2896471c57d3e1f5a2083c4eec69c91236dc105d2
training,380,5236724.png,0,20260810,9d561bd61c2d4524b539cc39077d9e6c5ef25916c91a3eb8291522d811c2fcea
training,381,5236724.png,1,20260810,74c211d848cc3fe8bf67672a892a1d6600c8c4bb823ce82068d616899369356a
training,382,5236737.png,0,20260810,b6ae0b9ffab563b0f22b31251c60b991e51a3fb4971d8df4d148326df82ccfb9
training,383,5236737.png,1,20260810,adc302f422b1c951b4e7f6ab5ce31900898f91a6b89f7993b6bf78577ded24af
training,384,5236751.png,0,20260810,23d1517877cbfe00f1ae2b136d8b2468b8a7b4da03d34a567a89c0ce47b14990
training,385,5236751.png,1,20260810,768c1d9a0f5252bcbce29217ae851b87fcc8513733344023677dd00d22237811
training,386,5236758.png,0,20260810,02b590dcc1af8ebc20e273683720f266d7baef4904a8af9f7494b60f6ff8513b
training,387,5236758.png,1,20260810,75f8a9bd9158b75e9382650e8a2d5f63dcd1807b46eb26a63508afa5508927e7
training,388,5236763.png,0,20260810,692859523fe702243b288cf3c1c345f9028ee748e79963c5317c9b6bb4aa14f5
training,389,5236763.png,1,20260810,6891c54d7c9c124d0dd49f6b20bbafaaad8bcb0fe6b1ee57e16ed5c65e51036b
training,390,5236767.png,0,20260810,fc744c546c8b8000cf3330a3ef7ea101fd783984bd46ec123620df59a2e62dcc
training,391,5236767.png,1,20260810,f86829e1dd3a7ef11df3a0edc0d9643d8d5ebcb37496d8b0070c097520d17859
training,392,5236769.png,0,20260810,5b78ef5eea22bae1e617b96b73963510d6d7c545970cbaf207098fcc210a6cfb
training,393,5236769.png,1,20260810,d80919528f7eefabedf605811106d43fa3899b8965885e4a8dfd7648a80d4065
training,394,5236773.png,0,20260810,ecd8dfcc823a8324c03d1dadb8b2752183ec5cb5b86a09fb5b1bedc9dead72ab
training,395,5236773.png,1,20260810,376d94ad53a7076d42a7e0167e8a0cd942ecd748c93d16a1f9a1841a2ea6e832
training,396,5236786.png,0,20260810,81dce4394ab9411c47dd3ad173456aa88b64a74fa990c679604506a1edc44859
training,397,5236786.png,1,20260810,099a2d418862a5d405fe819c46671879ec9909ed1c02839001e8e3e36d61f2f9
training,398,5236787.png,0,20260810,4e0f8fd0c8793a351abb224ddd095500cd895e3177e705b1b9c6caacc8788419
training,399,5236787.png,1,20260810,b8984f0b1efe6bd7df1ef23dc149934e8b30f6e81a6aae2de3054f11a733484f
training,400,5236797.png,0,20260810,d3c106c9e41d6246ab3371b7f3dc7134bf6dfa2f1dd068c7dade86b659051497
training,401,5236797.png,1,20260810,107f268870e46c5ed4c8e10c1bcbe57ca492aa72e26f6e6b45b3df9158d065d4
training,402,5236818.png,0,20260810,b17f823cef52203547ab0e80a14cd6f4663afec430c827bbec81f68dce58d423
training,403,5236818.png,1,20260810,0952ef89325fff35ecc44891fbd747b52595b757793a3eb5986a6a61530346fe
training,404,5236877.png,0,20260810,63908ab2ca520e1dce447b31a7e6c2fc90f91ecb31b798d293384d7ca95e0ecb
training,405,5236877.png,1,20260810,45a98495b5e18334b8233dc6932fd3b336af76c9f0b8f9c1d473ea07a589fefc
training,406,5236883.png,0,20260810,9f9bf8a3b52aa46054f1b73e9591e2cbebc662a05ebbe445d2b32000ec3b6341
training,407,5236883.png,1,20260810,e6a1d9299cb210af9973f4a11f74ea371e570022a686b85ae3a8296d3ceaeed4
training,408,5236893.png,0,20260810,daf82c8867ab30f6a5f9e954fc61956e38db62a41f404f53ff905674ada3118c
training,409,5236893.png,1,20260810,e3ea11a69ad836ac3c3841e51775a2953661bbf6a01b57cace2e55bf2b4015f6
training,410,5236897.png,0,20260810,4365f0f407107e938e701dcb943b9bbbad4cac538de158574e265cc16c8b81d0
training,411,5236897.png,1,20260810,295b99dcea08e035dd895f9126067d0ec4a56629062703515003562ed280094c
training,412,5236940.png,0,20260810,03def76d3f9753fd1ec15a2c50fcf5da69fbe3e71cacb8f6fe1465eb898e38f6
training,413,5236940.png,1,20260810,212f17e3033a32f97e48aa3d6406fa97fb2769680023903aba96e6d4a7d05064
training,414,5236943.png,0,20260810,8357f833e707d6b263afdf105c4437478bdce5653bf131f9961ce9f09afe8d79
training,415,5236943.png,1,20260810,eaa060af863ba5868df1585370b9caf35f06fe2c2d954a61702285a973d52fc0
training,416,5236962.png,0,20260810,21021bf2709f24132bb9ea76998b875f914a5dd52fa2ba5f64801d16eb137179
training,417,5236962.png,1,20260810,b5c141b31aec29e0aea098d95b3849bf197d3a9e6a78d15cf539274e1f54ffc6
training,418,5236971.png,0,20260810,c63dd9926a0d541d13cd77188eb292cc4e9546c66b2d4e36ae654d0158e06f5e
training,419,5236971.png,1,20260810,089d2b354a58d4dbb8a527309d57341349dc1d09d4e983886658df6264ea3671
training,420,5236997.png,0,20260810,e7fd4bcdcb7a132eddfb97607f00a60b9dd1c39f866170e37e11294c15425fed
training,421,5236997.png,1,20260810,4c171fa079282fcfe5d246ca722e91e8c05261afb3b4bd8f54bebd6fa8948aa2
training,422,5237033.png,0,20260810,458080a73047109df8188abf3ad2be2a7f0d9b88730b60c20f4eb130325a0987
training,423,5237033.png,1,20260810,9b8adee6a880f13ee09a0e2613129a16b593505253681456e22f8a560eb41f7d
training,424,5237036.png,0,20260810,79f2fe3a2fbfaf47c8b83a95e771b173b67a8101d27bd00eff3e4d12354309ac
training,425,5237036.png,1,20260810,71da212e90d4a20a032c6f23784f4e17ac1e75e1c7f70601061ac05a50954ead
training,426,5237050.png,0,20260810,5b800c7b85a4c64f7ef56d4626ab7dfdcff697356d7af3f4eedf7d096992ace8
training,427,5237050.png,1,20260810,096d9eaa83631ed8d3ad8be6b4f7e402d3918d9156fe917c59e0cbbc4ebe5a26
training,428,5237053.png,0,20260810,226fb09226cae06115e272007539a033a5c8af9e83b011b9ce98f2ed824ef7cb
training,429,5237053.png,1,20260810,7d0f3baaf6f4bc6500c23b615c98c44efb52a3362e29a39abeb2dfe003dbc654
training,430,5237054.png,0,20260810,a84197f8254d861c67fbcf2927b37989b2a00179ae2a2eab06c6e9e5f7d6a64c
training,431,5237054.png,1,20260810,a6dedc3615fdc7289872c6537ea3e6e81e733b22f04ecf4a7494806eac3846da
training,432,5237056.png,0,20260810,e4a903984d19c23108eb9de2ec294dbe5a3f58fa5d71cd8d05aae5709710d9af
training,433,5237056.png,1,20260810,388f76e0a7d85713fc0928e0187f3db472ad50adfd07c7c2a38f0383c1e6cfe2
training,434,5237081.png,0,20260810,116bd4506656bc8d120428c64d426cc827caae16909be0254c93559cd32d8735
training,435,5237081.png,1,20260810,cd7fedd470583c06ccf384113bb2dc39112afd63f7901ba722620501a3e43733
training,436,5237090.png,0,20260810,0d02bf612d16bf8b647ebb2eb1c48f0e3e197ffdcd1531b061ca23c91d4c325e
training,437,5237090.png,1,20260810,16f9685a141e77708a6146313c7f9588432a697ed8265aaf5915a6ecbfd064e9
training,438,5237093.png,0,20260810,5e366b413194cf12145f4ffd5cdb422da465dfcf1edecb2fadf30dd8bdca7153
training,439,5237093.png,1,20260810,ca1d95a64aedf547003ec9102e30cfb0f8a9c0d0cf8bde9ad6f41c67a5da0b23
training,440,5237106.png,0,20260810,8e5155a28fd41dcffbb3fef4451bdd5c9e9f4ac2e351e3190d373f36af260b32
training,441,5237106.png,1,20260810,6e8a8f7a043631cba8341178f84ddc4adac8323a29079819b422a3c7adb3ae01
training,442,5237122.png,0,20260810,879b2307ac77b857e0afbc7da76fd21a30ee23dd6d22f785aad4f5810eb365ff
training,443,5237122.png,1,20260810,801b1ee7fb8e60662eff0418ff7587278d46e497afd944eea01afbd2af4d0d15
training,444,5237144.png,0,20260810,20e835f192baa201570a4d7ddb85a8c79fa634bc60b4f32c49e523cf0cd13653
training,445,5237144.png,1,20260810,2030a32348aa01da11bab82e6f8b8f5d38df851b17ed7c37f3703348d27a7dff
training,446,5237190.png,0,20260810,56ef8df0b2ac5f9196517b6d69510ce9ea204a38482a498a9543cb92b50b5b20
training,447,5237190.png,1,20260810,81b32ab5293d8ba6db7498a93dc78cd7a0a609759d9687df1637d05cefcabbc1
training,448,5237204.png,0,20260810,8523cbf3e4dd8d1879afc2b401ab77949e1d14adde65ebc4631565ebcb268316
training,449,5237204.png,1,20260810,6a56b8b5305e7a0bbf228910ea2ee69cdf086ec50f6e6b6636f360734abbd270
training,450,5237205.png,0,20260810,f801c7b8d20964abdd14d06590c82b104b1d3ba7477360d429125e8470822497
training,451,5237205.png,1,20260810,1cdfa6295629924da84266d97ff4ae6d2a028abf2aa6d4f8a4e0a479a806d1e6
training,452,5237229.png,0,20260810,2b55aeb227490154fc6e37dccb27beb51cce1c840762f7ccba02c2fe49960883
training,453,5237229.png,1,20260810,7ad0264d38edf87fa1d31431b89c4295ee6e40f3347060a468ceedbdc0e84a60
training,454,5237247.png,0,20260810,965537015b41b11863598a466029b0d080d09b57d65a248b4a3fa377a48d249a
training,455,5237247.png,1,20260810,6f31beb657853455446aa302c97912b3e3ef91047e5c2804cb2d5d7d20bd5eae
training,456,5237249.png,0,20260810,ef8e3f6a31441f9e48b42e3f7870b01390078380c2f89627a0782dac23394562
training,457,5237249.png,1,20260810,96ff70debd68ebd5b2da95a17116d28153291002711fdce0d410f89409d663fd
training,458,5237251.png,0,20260810,2479833c2fa051e74fa473dd90a11adafe362f505d67c12f0f985bbf4c21ff5a
training,459,5237251.png,1,20260810,56922badf1ae4b6be6ab5b46f030026f94e5873529fd587d01f2bf6581ddd4ac
training,460,5237252.png,0,20260810,ebc4d282c8bacc174a53ec512c2ce84f04fba38636bd6459bff5a6d425f36a35
training,461,5237252.png,1,20260810,7522f070cf29227f55fcabe3f4d014dd30c375a1c5c0d8bc31d3747d9d57b521
training,462,5237256.png,0,20260810,a57003c53610332506864373fa8f4cc6350545a6df4b3ee6cfa39afcaf861ade
training,463,5237256.png,1,20260810,9320c21e790e771f857fe127e37e45cb35d437dc935028b7605c358a5bdbfc99
training,464,5237257.png,0,20260810,6cfedb66739ce4acbaf6810a76a9d35ae1975dd704766f78d0d8a7d70b73dd8f
training,465,5237257.png,1,20260810,19fa9eb7c76fb42a6efbf5a4660d5a4c716ffb9d75b9ead9c36663a7efbdf20e
training,466,5237299.png,0,20260810,55034f3cb062ebaf5d68e997d79f63af3959b8c7a325819017a427a1d3cd5f35
training,467,5237299.png,1,20260810,96815277ff2916e9ad937b36780036abf09b9be918378d10eecbd54877ffd3de
training,468,5237314.png,0,20260810,f13d5d7cf1702c356df50ea105fc8b3d5057109619c355d7e68e083185064ab8
training,469,5237314.png,1,20260810,eafa879128ce71b350a483ac8e51ad6b5a59a5a96ffd1a96b34f1f17d31153e2
training,470,5237358.png,0,20260810,2e513291b7c99e06bf9918ee492ef8816118cd810806d16af43cba399216ad92
training,471,5237358.png,1,20260810,1f163675b296f684a7d07a1fc7f1f9330e36fb4bf6026dcbaf874108ba0c7576
training,472,5237360.png,0,20260810,819c90a090ce09a36564be3d9de702cc5d038267a2aaa7988844156a1821c39b
training,473,5237360.png,1,20260810,47be24a9fad49e2a1606c0918b32a891dade86663aec11d920de82a1550c1bc2
training,474,5237373.png,0,20260810,3a5dc5f9564b797c0e4c0bad5308de253dda2e431977623cc21e7aca93746a88
training,475,5237373.png,1,20260810,44f9aefe9487ff597a7a53e1e48bbc11980ec6754710be9131ec6c9377c153c1
training,476,5237406.png,0,20260810,49c95a8cfe03730facf8ec7388f01b780922975868297ef04cc520af2619db4f
training,477,5237406.png,1,20260810,8cedab00bc3f8e3a46bb99a46393602120c5aa20ff09536a0bbb3111c994ebea
training,478,5237415.png,0,20260810,27af4b79439dce6dd159a39d79885bf4919aa1661cc16c76197ba1fab5376fa1
training,479,5237415.png,1,20260810,73b7b7a74036d30239a363294c76db7717b8ee2bf7e8fee9a6727c1231eea216
training,480,5237429.png,0,20260810,86ec74b066a3767a21f8aab8fda69b598b469124dac16d8819334671c135d327
training,481,5237429.png,1,20260810,00d9153b818be83682b088a2dbdc0c5db789e81811654e27c78fbeb6752ae8cb
training,482,5237438.png,0,20260810,c132c25f548dae1716a902474f3e27419ad4bfe939bf0adddb06d8ad9d156feb
training,483,5237438.png,1,20260810,5c91c84ece5eef3fad9119053537c929b7b8ddc5fcf2adc9623f6757ec2e10a0
training,484,5237447.png,0,20260810,b3b99511a6b6578da694d025293af51e5256e58cb7130088a0eacdfe2f294fa4
training,485,5237447.png,1,20260810,be762e7fc8a2914c115c1af77d9a2d70a10cbbe68f50979fb13268ed7da132f5
training,486,5237449.png,0,20260810,d1b714ee0f6e87be9d87302897f044528231cca4ba1898f72414cd47d7f7735c
training,487,5237449.png,1,20260810,3a0b447dd15a5fa319150c0e6bf3372b3f3d8836dc6bce90a6c7fc6e0aff73b2
training,488,5237469.png,0,20260810,f56116ea8a729b998677c8359d74c96a336ac537f61a2f8032cbf6502b0e16d1
training,489,5237469.png,1,20260810,bd1d16d510623c8616a978b7d88b1df830736fa9ed9834493a9dcc782e1ba281
training,490,5237472.png,0,20260810,cb06134b70875904a9aedc4e6fa9ba306543f80b8e6556f18e7bea2aeefca39f
training,491,5237472.png,1,20260810,3f55a3680a0b29e137204986792566190bb667e49f3b78661a8a35137dffd849
training,492,5237474.png,0,20260810,dbc2b3e2a96b3a6b7064861bb9b47c2ac44301c265882c36ff8d1ca3a6286ac1
training,493,5237474.png,1,20260810,41860dc2529e38b1d7920b38b18dc39c8bcaa00e346b1945e38195955d0a82ad
training,494,5237476.png,0,20260810,574ffd4304008643da2f50fd9933a5be397c8ca05ed3a830290964994080adb3
training,495,5237476.png,1,20260810,3689a44350433bbe85122afa06f2c9c305940b0188cb0e902aa5a6c31c190417
training,496,5237480.png,0,20260810,d737d88f691b0258c22aa5a76ab023fe421427e2381a689c76938fac55bf984d
training,497,5237480.png,1,20260810,40ade1693c39d696ca5d4e4cf8f5f30f68829783abbf0827d7e8108520a8bdd7
training,498,5237485.png,0,20260810,cecfc1ceff04aab4933f545fd00b159d72ae606804f8c4caf6820836c136c030
training,499,5237485.png,1,20260810,4b483c605e4d1daff342dfdbb90497ca2cb2dd7ae5fd1a6744b2371184910476
training,500,5237487.png,0,20260810,77eee8aaeba174655305931ae34100d1b5a4cf0bccefde84d2856800af440850
training,501,5237487.png,1,20260810,151020310ac5b78c9b828820643a8baff8c0a058fd0e9a4cd7e392229f7550e9
training,502,5237490.png,0,20260810,02c09eb537d9bd20361d8b5663a7ea5835ba93612eb25d09ad9a2cb372bdff94
training,503,5237490.png,1,20260810,2f55c4a8f073bee9eb81a05170d6c490db2e9b5a5c7116b7c03b36f447d8b32e
training,504,5237496.png,0,20260810,25ea1347f30042a3a5c5bd1f46dff7d9d1cfbaa773f95873c2091790b98e3261
training,505,5237496.png,1,20260810,cc4e0226c62a632db94edbb38b5185aa7b80427322d784fb2a2952063f1ed6e2
training,506,5237508.png,0,20260810,8addbd4128e155b5bab9c2eaa217432151a1ee1774663779f3ca189cec6d5b28
training,507,5237508.png,1,20260810,902f7f0b3e33b94b4beabb51b22a3cce0ad751ba39516df19119fb7b2004a20e
training,508,5237540.png,0,20260810,ed8c6595df3e2319276b50ad570b42ad73e11376bbdec89ae87302d30a21b8af
training,509,5237540.png,1,20260810,f5b9680fc02a734c76000df0ddb4c833214730d9e13eee45d4bb8bfa346d09fd
training,510,5237588.png,0,20260810,f594d8a240945f41ab0cc498b0411be5c2a71b40389fcfb0eac1a33ac0ecc733
training,511,5237588.png,1,20260810,af850e65b2807f2f7a043172889eb8ef21ce3f9828bad36fd8fdb0a2c217e443
training,512,5237595.png,0,20260810,ffb66a8ebf242d2ff6e92b9656e048154904b3157ed3456982337eeb9b2c9d27
training,513,5237595.png,1,20260810,60826932fe6e5294d711fa4df05b82e3f11cecf96ef359cb51a33ee89dcad4c0
training,514,5237644.png,0,20260810,159c12e8c6d1c96f22339db7d839bf85cf1e1ee2d769170ff44e3eb37a3e42af
training,515,5237644.png,1,20260810,e3a7a56cbab5a4ef1b3e3921779145794d7a2e42991cfb4f10d3670acf9c8255
training,516,5237758.png,0,20260810,ee8e936abea28f743ceacbb93ae11d14546e62e6ee297a35273d39ffa9924945
training,517,5237758.png,1,20260810,a757cee02414ebab1c48dff24b4427a272e373b7cb033647d2b719ce139a2737
training,518,5237770.png,0,20260810,eaae7824e80b4c4c2b472f1564b4e9029b163d612f7e98b887f2bd0201c77c92
training,519,5237770.png,1,20260810,b70b4d8f941d548bda0f6cd221ee3a52e405058c8123edca61c4e4952240f1a4
training,520,5237771.png,0,20260810,3cd7e0c892e99b5ef33656a49abce6ed6a35377e4df7bf77a2cfff7ea6a000a7
training,521,5237771.png,1,20260810,4b6adb3e0d4e2d087eb4e402a4fe70ddad3ce03c732454e8e3137a54e43187d4
training,522,5237774.png,0,20260810,c8c836f2d7dabdb31d5e2e00cdfa383becfdf771b3d1fb1c550e1dd47bc5a1f2
training,523,5237774.png,1,20260810,a0644f9eaaf3ef4740a4a65ec37c9238dba86ffff6441b595ad9a3030f15c774
training,524,5237787.png,0,20260810,f424a324f7cba706f95cf778326d591aacf7121127d06369362c1c520e74565f
training,525,5237787.png,1,20260810,d3cadb821e352946a2d076b5e27e5407cbb2d024007b0db6417c0b0b1a582e01
training,526,5237789.png,0,20260810,c67ad1fdc91be752a7d17c73259a3482d05ba8ed361cbc8624b128e576c94a88
training,527,5237789.png,1,20260810,5a33b9a3b2aa357070c88b206aa5997971f575a048f7ebc84819e12126ac92b8
training,528,5237801.png,0,20260810,2fd771f04a1d06fe7bedfb65accd56cb84322d96977b7814cac2e57d5ea5552e
training,529,5237801.png,1,20260810,d8a0568d4655b7d1bf46ed4d3a2c54fcae0456098c1a3d6e392565b50712f27f
training,530,5237803.png,0,20260810,4bd9d3b08d7e9b532338a2dccb7688623d75578f44a80b6187ee7326558afeed
training,531,5237803.png,1,20260810,29151e52a639bdf81a2893da7768237961ee69a26984d4120ede7d3bbf1a0b01
training,532,5237808.png,0,20260810,4d930a011c9dc7830ef435cbe2cf92c1c5c48db70281befbeb4dddc061267751
training,533,5237808.png,1,20260810,1b6abe0f726c92f1c24379101a0964883f6abcda2be41302b9fd7b2bd5d0ebb4
training,534,5237816.png,0,20260810,a788d941af2e7bb7066b023da53332e3f0021603ca74ace3f03a7a199fd70b0c
training,535,5237816.png,1,20260810,f9a5d7eb6e51ff66a3638ff03e6d166ffa8b3d42fc95414e8eb0679576d49bc1
training,536,5237828.png,0,20260810,c7fa32e7f8508f960f2fff31fce45a74055c21da15824f26b6a98a5edcc65a51
training,537,5237828.png,1,20260810,9d2998159fc03e08051cd517c9b40575baf7363fc36a23299872dcce1060dea6
training,538,5237836.png,0,20260810,88f49322ba1adf6ff3d61eb16c00a1624d592f4378d95290f523aa91a89d7838
training,539,5237836.png,1,20260810,9c321f9c2d1729922123c83b774202587a552b584b818310d42591aca5cd6300
training,540,5237837.png,0,20260810,207e3dc03e6a6cfd4deb80c037005d3b5c4dead2007b7b89d8257c6986667e07
training,541,5237837.png,1,20260810,6b5282736af4d8b57804bb7cd84244a9bb5c22c3078e5a255654627a4d518aa3
training,542,5237841.png,0,20260810,c2760bfcd432be776c66c93900cd48ab316c23bd0adb5591d0a24011f2efcea9
training,543,5237841.png,1,20260810,b9e5c5428700f878b9a2488d3aef5350a9edde29a76b71359e64d8e569406ba1
training,544,5237843.png,0,20260810,19c709b46d3dee80b5e15f96f4aa0df1216d2c6d217f0adfce281add9b0bd41e
training,545,5237843.png,1,20260810,405b34eadf8c9de2fad6f64f766ea9c595f11b81096072f8b412793f813d715d
training,546,5237854.png,0,20260810,55a85befd05ad7dde4147c345d6b7787c494db241971e418c708cc771af3b709
training,547,5237854.png,1,20260810,ab2be231a79139eb33b936bd89b990f437e6deec1ff549442b132d9033a97b6b
training,548,5237872.png,0,20260810,3d840ace097313e8d94450abafffbe0e7a56d5887259a33febf28b43fa9d07e7
training,549,5237872.png,1,20260810,6ea178c5283bcfc7170c7b833bfa55b4f55c0a70723833368ccc343924bdc911
training,550,5237883.png,0,20260810,9ba1faea762fb88f1c0b64d23bb5abe1418d3ef1a5d8eaa8f7f4b12b85eac478
training,551,5237883.png,1,20260810,e63c352e0414b9cc39a67333c3bfe507479e692ccdcc81df5dde4ba021c57cc1
training,552,5237887.png,0,20260810,1592dea96ada9d9f4d646a1db13ec5a35f0977eafdf4cce8ad4633b088868705
training,553,5237887.png,1,20260810,f7792c21dae602a7e444071cd2b24a2c9639fc50c06d2550902c8ccf00fb2117
training,554,5237889.png,0,20260810,f68a8a4eeacbdc934691a861cc39b99ba3e29c24c569e509f3114ded42920a80
training,555,5237889.png,1,20260810,eb309c5d59f0477d8c36b4e02a6a8cf138287c035d527d66c8289035ae6cf206
training,556,5237891.png,0,20260810,e9f1184958a2b459ccc2135bbf0e6c0e41c1d8d0299db5f6f3b0fe6e795016f9
training,557,5237891.png,1,20260810,4f36f2ec060eb4183f9ef137b153c04740c7bb4dd9d5da5d567d0b14a35e318c
training,558,5237912.png,0,20260810,1af775ca9ec8181403c624483cbeef531da9198ae3aa15581f27af54d0bb5ccb
training,559,5237912.png,1,20260810,8d0256a39322a7266b4b21bab9978a40f725a7a734d66371cac3a6547533c5d4
training,560,5237926.png,0,20260810,656f389fe88c436cffa51bc3977b5b539563d2e76759a13e91ef332c52484392
training,561,5237926.png,1,20260810,d43acdfff2fa3318cd56ba40b7f8b93ef7d8e2194a51df202f042949f983242f
training,562,5237930.png,0,20260810,1a5fa3f578a1c82617c0fae19ccd107d34724a3312f80f78e9d91901ea9ef417
training,563,5237930.png,1,20260810,bae9b53dc3e3f46a559e3c1b659078a34cc77fb0d72812bd20413a83c188a813
training,564,5237933.png,0,20260810,f65b8e767aa5a561edb3508453cbec58005c5d6d5406077c8067c745c23baecb
training,565,5237933.png,1,20260810,c0ac82ba110daa75e15617f11a0e83af947c8cd5e9bf3f193f130fe36b73ca1a
training,566,5237952.png,0,20260810,2fa6024ca55181aa86de90b4d3dd6470f2031e4a4a4d28580d8fcffc232cc44e
training,567,5237952.png,1,20260810,177b7fc54623cc37ceb9a5a6fdbef6578059ab55e4be895e782828e61c3b41f2
training,568,5237969.png,0,20260810,bdbc1f393316813c985b73723ccb4c81dddb2fdbf1478d20a9d592714c636ea5
training,569,5237969.png,1,20260810,de06ef1a546943283574cb741894fffdcd55a07bf8d9696e290d706eda43511a
training,570,5237985.png,0,20260810,c5188744b17c41716d53836a7a147e7b71ddf700177fb112b6bd1310c5f6972f
training,571,5237985.png,1,20260810,b3b2f79f20e9cb61c8e7c1d2ef72a0081ead4ddf99871a7c839f459211217b1d
training,572,5238006.png,0,20260810,ffc124d1a907566876a69557de50918c24d5572a520faf63c45a7824522644f1
training,573,5238006.png,1,20260810,b7e4e8d749578e41a8d5fb2fbb258b7a74f5f5f0bd23042f358de2323d663a30
training,574,5238008.png,0,20260810,618242e18cadb097d919721c006452ccc836fc3235b588526887bc817b53d89a
training,575,5238008.png,1,20260810,26665e2482ce39738b5c493e91f643707e32d025d35df2ac26bcf7795d78b385
training,576,5238080.png,0,20260810,ea0762dc7092d7162112463b03f88ab813bab83df2d284904c9f87377e127b9f
training,577,5238080.png,1,20260810,e14a5be18c58a6e4d13c85ba83bf9c147b5fb8ce20b7f60903f223b9a84e3950
training,578,5238093.png,0,20260810,dd787a166ad41312d94c37b0a2917b0c6aa43da44b6c8324742bd3fbfcbf88f4
training,579,5238093.png,1,20260810,9ddaaaac79edd5c545de852c6ae9480cca23038482626c66f7e37c4c9e8753b7
training,580,5238097.png,0,20260810,11fd5e7165b068cfb6a168377107ab7174dfda5927d790b3496ce833cdfaab10
training,581,5238097.png,1,20260810,55dc27147fc8fb86be4eb73c0386c8aad02ea3a844c23fde1a0d567726a3923f
training,582,5238116.png,0,20260810,1cd88b0f1ca0d4856a8fd5e459ff83f207394f93492c1ed7604131c0194a4324
training,583,5238116.png,1,20260810,674fb2b737956a9dbe74da36cf5b053b5fff48cb59f637665961ff28c3b6e69b
training,584,5238132.png,0,20260810,e1ec4410bb91fccc00ea929a789e5fda9e0d77f620fc17514fb1eb04dd540231
training,585,5238132.png,1,20260810,b5ef382f3db00e63ea43922c66a2ad9faca0c6a0fc0713fa9ea886967e95e930
training,586,5238139.png,0,20260810,415eddbe111e54366575c6acb22a6fc72aa0b2fa8ec83b5b9dbdfda88e9d5d01
training,587,5238139.png,1,20260810,242ea95e5236f9a36d8c0984fbada9b524418f60667c7dd99e69090e7b9ed7b9
training,588,5238180.png,0,20260810,cc8fd9820d75245185499355f94b7dce7366f4e88b13384dbfe8e73206b85f70
training,589,5238180.png,1,20260810,dad9bcbd345e156ade76695695ae80abae4b247da545e5f4a3322ea62160f893
training,590,5238198.png,0,20260810,60f141a1847dab47bded214151cb28db0c8b5cf323ddb667b85449d810ed7a11
training,591,5238198.png,1,20260810,340a3e153a022354b6aed7a84c8062af0e8300b88fc19646187ab4c409b2ccd1
training,592,5238209.png,0,20260810,b53c9d30e452cb575459c414d58a129d0d1e2f10a442797e4ea4a50a57d535b7
training,593,5238209.png,1,20260810,6b726020522b98ad4ea21433206c7c196ba80f9ae561c89f8c06679d4a0be7c4
training,594,5238211.png,0,20260810,7f89828e2402fa49a2b1b46d40e06e275e17eb4c9938a956153123eef81ad7ab
training,595,5238211.png,1,20260810,e3da51a55624a8d50964b17fd12a8c0bbd2aaa920bd3a847b17cdfcf7ea23536
training,596,5238220.png,0,20260810,98585e0d769cbcdbe0f9640f3fa5beb2b8ae0f4e0dee639fe047bace0208adf6
training,597,5238220.png,1,20260810,524aadb57a2d1a345a7ceb46665265040881b26768cbb8ffa60500e6d87876bf
training,598,5238236.png,0,20260810,403397a2d0cb2875168e5d0184188d1ed57beee239b7d37d58cf52ee79ff7543
training,599,5238236.png,1,20260810,dd9d9ff5600e6c32fa4f9ed4b90268d595580bbc5071073dd823033cc71394de
training,600,5238246.png,0,20260810,76da195de7cb1c5831e9c042756ba1b35098a02934dde318af17536d95c31a70
training,601,5238246.png,1,20260810,ca0ce24a5bccc7c82b3c85dbfa2b98a85c2056faf5edf1a530ba1ab5f1122249
training,602,5238247.png,0,20260810,827881c8c91a0e6a4a36281e55c2ed9bc583deeba5b4ad85d5f056e45c4280b6
training,603,5238247.png,1,20260810,2fc707257fb476e2f6e7e4ae5787cc79c5ed07f7ed01dd34ed637212047e5f75
training,604,5238258.png,0,20260810,86bf8c9c266d850b1d564656e420479119c143d462c4c81aab262a566381e283
training,605,5238258.png,1,20260810,554a03feb57e4ed960221256bb468e5e8980466e1b41bf396d9038c7789ae87e
training,606,5238267.png,0,20260810,f5fe4c5a49080b63a8c4f8a81c5b3c372f5d21e78e6efd947362f368b2a16552
training,607,5238267.png,1,20260810,3b4eb9611619de20fdaa2d5dccad3310957f50224b3e82780805bd75f56b3151
training,608,5238294.png,0,20260810,fc7a91179881eaf26e834215d40675fe95ca7c2b69bd6415aff6348f48d9064a
training,609,5238294.png,1,20260810,de2d0c0277e02e9152ae8e3e548cac4f8e55af5e17eec9de7996de57b4c0f4bc
training,610,5238296.png,0,20260810,f1347a26414c60715d1820204468d1dd9a9c6f72dd2f0cdd023ee93a7f754f33
training,611,5238296.png,1,20260810,083523d4c6b3e1650917b83a31b3caf24af3596eda1a06bf12d097acb1ef9566
training,612,5238309.png,0,20260810,388d63bcb95c57076664bcaed2ad1fbf46f4d2c440b4d673faadc58b1def2094
training,613,5238309.png,1,20260810,92a3e75fd8c30bf090ed5bcb96945d850dc9eb8d096eee87605721ddb756834c
training,614,5238332.png,0,20260810,e004985ab6fb3d31040421ebc4b28fe1e9256a5f50173c28aa0d4bbcbfa82cdd
training,615,5238332.png,1,20260810,ea72e46951b65a2fd807a355f6e9b2bcc6ff0367fd40cade2ee7f8a9ee4709f8
training,616,5238341.png,0,20260810,031165ab61819bc80bb8df1172b49af9bc7ca173ce3abf6c515d3b07993005c3
training,617,5238341.png,1,20260810,b706aa2a7ed840f0b991acf7e665a33333706845d598c873c7ebe08af827b564
training,618,5238358.png,0,20260810,98d44ac20164d63671696c769e3e5a67c5a7cb9d4d76fd83d1162010cf6e0aa2
training,619,5238358.png,1,20260810,212460ca0722c46894c4d3d0d8c1677534a0fbf9c89003bd13f3458976d16d73
training,620,5238376.png,0,20260810,eb6c3498899fa1adc788c1c016187a51a79595dd314084a38edc66010f032c7a
training,621,5238376.png,1,20260810,7e59ac7232ba3c5b5c03adc7ba32f3749761b51ae87b6af3db49158ed958ea4b
training,622,5238381.png,0,20260810,e87f03fd39be65273e32c9b479fee390292063ad6a6473ec31078d5a21efa33a
training,623,5238381.png,1,20260810,a0aec532d804ec8ebb1036051bb7ca95a84679632082ce6599795c45af18bbe1
training,624,5238424.png,0,20260810,1e70b2c6484af516c08e8ceebed2aefaebe1749f2b9994c07086aba7afb738d6
training,625,5238424.png,1,20260810,8791b8c0bbe0ac734025e1d4591b4536183e7a1b41317fd72f77f9655c2ac36e
training,626,5238427.png,0,20260810,47bdac46f90d445126fce48defb398f1056f7452e7e981c8be3ab1d6da6c0436
training,627,5238427.png,1,20260810,98ab422cb3d6511ca10d10856fbd58f9d57124f7301a488ab08df5a1d2243018
training,628,5238429.png,0,20260810,dee26b176650d9fe7045c010c2b04d51fc84d985b64788c96143ff61d95fcae9
training,629,5238429.png,1,20260810,ca10effc9db56728dbcfd079225505b1e2cfcb8e68a2d0e9bdd7657c563118e3
training,630,5238430.png,0,20260810,0cd6c2da89ef0e2cfbe7bb2094e355727a8416b62ce7e4e2051a62bdc47c0ae9
training,631,5238430.png,1,20260810,235e36c3b6d211dbaff7652fcf215254b7b4e75963693d6cabeec9917fc369c9
training,632,5238509.png,0,20260810,cfb1edac733c3d418a945462fe593f1c9887c7f2c904e7c25962917732a1dafc
training,633,5238509.png,1,20260810,4435e5dc9b332fcae840180e48eaec898ec0044c48ba5caed82e5dbb3260ba57
training,634,5238526.png,0,20260810,e0aaf2ce60f3d64a72548ccb8ee74621d3af91d4d6cc1a6d0a57919b38ce8af5
training,635,5238526.png,1,20260810,51c8d91aced3ab684515353a6b0a07b5cdc92146a4550fa71f4af84fcb3445a2
training,636,5238586.png,0,20260810,02d0f39ae106fd0d393b145949280979a51396c16709d9e553e25be17468b549
training,637,5238586.png,1,20260810,2a64e5386e6fe38654b2f772510cf7708748eff321c8794ddb256d0c9ed186c0
training,638,5238593.png,0,20260810,f1401baeb43b2d703d0771cd8e9858f6fe50bf912bd034044b15feff4d00c60f
training,639,5238593.png,1,20260810,7a1e9d3875471244a79d879f2978a751bed333200c8a8ef912b88ea38183c597
training,640,5238598.png,0,20260810,98aba1ccac2dc8756ab33a6ad42cf059fc9fbe5f6ba8c24a506a969588d0e4a3
training,641,5238598.png,1,20260810,35105cdc0514fc69cdcd82795ed20d34cf06f36e75d21e3abef3cb71bb3e456b
training,642,5238602.png,0,20260810,d923da5e549e80b091db24688f0756e1eca40cc79a9b2a13a48ebdecf6f9ac50
training,643,5238602.png,1,20260810,cc62b34e3db0ccaf389931c582d7ecfff34e62fcef782feae47b186b0e90b289
training,644,5238620.png,0,20260810,59469cde7079ce170a1305d32b45c889e9dfcce865f4bd62eff8d3c426868311
training,645,5238620.png,1,20260810,dbd32fe7af9586b5c68985472fe49916e00a170db7222e0e5f963e453c6e6b92
training,646,5238631.png,0,20260810,132fdaaf869f44ea11300351c89ea3f601bbf4345f4f8e10fd6986acc92d5e58
training,647,5238631.png,1,20260810,19f34bb3b9f0e53495b598a7508dbd841973d685b7b19e58b72cf7079f9ad3b6
training,648,5238644.png,0,20260810,4ca1f47507532a6986f368a8e4a41ca211bb90d93f3dbe893f69fc0b8ce0e1cd
training,649,5238644.png,1,20260810,f9121efa7f8d687c6b35c8f1343ac52b204bb9ebb3938783d2b7c425ea1e3939
training,650,5238668.png,0,20260810,388c59131417b4082c7246e3511d8ad730e5bcd672a694a6275904e0d4d40e61
training,651,5238668.png,1,20260810,fafde878019db8451e621687bdfca003b10c49232723864a21b3d4a86f823d1a
training,652,5238676.png,0,20260810,9ce5baa62e91be279671c9ed2d26ee785d564adde1eebf4d1c42ed6428f222a0
training,653,5238676.png,1,20260810,d4a6043c38eafa30a678cea10d4bb114ad16116f00ddd681c1e3439b65e9b3e8
training,654,5238683.png,0,20260810,4f2d9374576920ca199695ba16f3f1ddab69cb16fc1a3237b669277957afb1d7
training,655,5238683.png,1,20260810,e15d36d96421ae36e7ace86c8b793f646331fe0db7f23ada90f28bc2f8dac60d
training,656,5238705.png,0,20260810,8be49da36789c9863c35ca42ef39a2955e2850399fdfeaa6013b9b516b834788
training,657,5238705.png,1,20260810,c38647393d9a78f9328341d448dcaf904dd6a72c963a9b8f9b5af7157e478a3e
training,658,5238710.png,0,20260810,cd37d0fd97968ef0931be6ef9af3b48fee5698f3f094518a5c428b025a36c70f
training,659,5238710.png,1,20260810,77cdae5751306cdb4f56e2e70bb5deead4b9bd55a7a7561f6616d93ad98a534a
training,660,5238722.png,0,20260810,302f73006314f2c0a951180f8f5512da14feba58bd6c79bc1386057b6bbc5020
training,661,5238722.png,1,20260810,362fc6b3ec901ac8dde421b55a11215d8498f6012471c47354ce80bd53884713
training,662,5238724.png,0,20260810,c8a1e31e0e573be55836a1516c4bea99c197d11e3e9915ee962e3efc52efd505
training,663,5238724.png,1,20260810,5b98f249627ae181e800f34cab21c8a500842397b96add5961772e028ceeafe0
training,664,5238755.png,0,20260810,7ebbc059a5acd11b451d8aebb1c41db17a2fbdeace3072293a62ba4900f84e7c
training,665,5238755.png,1,20260810,e517d9d444ab054c9a34932cb83a4b839a0e156f1baef1fa03b0248e1d9eb8a3
training,666,5238763.png,0,20260810,fbadcdc5b1129c345c023cbb026e88ee635ef84011cd6649f6b85f2018ef55bd
training,667,5238763.png,1,20260810,cfd58f6a1a126d887b3f0e1f1a9c7b21f99e16bb002102abe57fc058798b4eb3
training,668,5238764.png,0,20260810,f151cef64a38b162dd069bf6953c3a3e92f16d8ab4f6008bcc47583319477a4f
training,669,5238764.png,1,20260810,8241c804a71071f0dace485ab2c817407ae33512955ec973c7aec37ad187c393
training,670,5238766.png,0,20260810,7832a4a3729f6bf6cd70e5bf335b9540a87d82746dba0303b6b0c1f48ac1105e
training,671,5238766.png,1,20260810,7fda9ef51df5186134901b7a072536459d18b394c3fed344bdd2171643e66326
training,672,5238796.png,0,20260810,1e66d19a9c7c88e47fac929c0d65e5168a2eebc43cc6aebf9413b1b82c951e1e
training,673,5238796.png,1,20260810,058fc69b2f61b9d304f9124981e7085da36194a9e7da6d2b89a608d74f599648
training,674,5238815.png,0,20260810,5fbe93fe7689f563722ebe380a143bd1f5e3f9f2061890e7bb637547265e8b5f
training,675,5238815.png,1,20260810,6474b7e03611d5bb17bbd5107b1aa691e86e8de4052a70e4cec1d53a4408f35e
training,676,5238824.png,0,20260810,765b27f59440223fc05c9b5ce5c1f2abf15217559e7a341d8292a68a2206882d
training,677,5238824.png,1,20260810,22c8c22f12871e47ab4c27d3c789932098ad1b0a3057b9db214cb5f8ad2e16fb
training,678,5238850.png,0,20260810,d2e0bf3411434e01f570d25227845ca71c46cb6728e9553bf1f1ac92fd3aef0d
training,679,5238850.png,1,20260810,136c4b4fa61ee2194212c47ce1cb436365b63ff01494ea334fdce8446a31c227
training,680,5238857.png,0,20260810,e44f3f7782f2f68f8faac8575b46f5706850c965b5310651a3160fde068153fd
training,681,5238857.png,1,20260810,38cfa01fd71b15e73a3ce4491afd82541b7eea2c4e60d88259695818cfc21651
training,682,5238874.png,0,20260810,e8b5df43a2d37a4f827ba50a3a69df0661ade9cb1613cd71c88ba0f41b649e5b
training,683,5238874.png,1,20260810,4ef0db6d33f417374548df8e60c4b6db33e6aa36f522a15712ce2512c615954f
training,684,5238880.png,0,20260810,22e39f851f3073efeff8bcabb3201da65594fb8d8e2aa09a206a124ac0666e53
training,685,5238880.png,1,20260810,92c87b68c58c35ca2a449d5764aa297789663be5c41c615513401cfca113a8be
training,686,5238973.png,0,20260810,19197a833455f9975d921c96a83815cb715e1fb5f990238d49a3367dd2d2d78b
training,687,5238973.png,1,20260810,026367606a4b9ee7ec57f30686598ff00b0075744ff9be027bee5c45362c5785
training,688,5239039.png,0,20260810,c316f7a93ef837be5fcf5e545ccdf12a6cadfa35c42e6099d8b728823839bbb0
training,689,5239039.png,1,20260810,cfa2d1abd49289d88deee772a9ec075e0b2e2e8ec9f669a19254249f24663226
training,690,5239042.png,0,20260810,8b089a050c869f24b8a576664efd66692fdb20236a2b09721a15bfc036e081e3
training,691,5239042.png,1,20260810,705d31e276bca583f475e58c25e8de21e8fa6f44b4661f7c911e06736270c659
training,692,5239052.png,0,20260810,352625b509e58c73844c64335420dbc39070894c57c0b5f8b94c9f4e639f86a7
training,693,5239052.png,1,20260810,8582bc625e6f037dde02bbebdc40b3537a7554981b2efdcbf247cd9953a53a43
training,694,5239056.png,0,20260810,23042a5e2eebac1f26c002fab946b9c6fa4aa7f3590ebdbfc87d242fb1ac6a64
training,695,5239056.png,1,20260810,ff0ca7f050e2e8aa8b31fe0821709f30a35b33fd8fa3d46df76da5205f8df34f
training,696,5239074.png,0,20260810,abbc99abd96d11be7ac1062c4374071998551c832e7c25570c3239aa110e01d0
training,697,5239074.png,1,20260810,85e3fd2721bee5166a54ea69a1e8f89db7755d6e0d81f44222c904f03ad287a9
training,698,5239103.png,0,20260810,40823ce8b7e6d354c62dafb92828e8155e0a54f3ad3be67e515c30e938722764
training,699,5239103.png,1,20260810,2fd49385183c9985369ddc56a189bc8d6882c6fd7cab63d748fcfe38997a90b3
training,700,5239155.png,0,20260810,73a9ed39a0520ee25278747ed221bac2ef7016538062bc137d289dbd8cdd9644
training,701,5239155.png,1,20260810,aa094c918dacd199fe8fd3d1eab7684067b225f40b7c7546f06a3e7c77efa3f8
training,702,5239161.png,0,20260810,9c2f46ee8030aa830ce6611cbe3de906a938ce27daecf8ac65f0a922f608a21e
training,703,5239161.png,1,20260810,e40468abd77a9fbb2e9a33e64c5a49eef6772c4fe5bbae1d70bc3b76ef3e8178
training,704,5239187.png,0,20260810,9a8945021b8f5b41d62ac7c04619de0056b31a15e13f19a815f0062d006c9d1a
training,705,5239187.png,1,20260810,5d6b45f11c485e8fad99695231d588d99ac0c34769dbc7bebcb23136b01bd05f
training,706,5239194.png,0,20260810,fc253880d0a819747950824ca9d558929ad934e2d8c8204601d86237d0b880bd
training,707,5239194.png,1,20260810,444bdd3a3e2877fa3a792dae10e2d663a32c87c24688f42506fc3abff8680e66
training,708,5239210.png,0,20260810,6eb2760ac674954f4772919965ef04de79380b6adea469786c8c2e59ce8aa52b
training,709,5239210.png,1,20260810,1b1deadcc7bfbff5fcd58ce36adfd9ca5de83b3ae8d1e729398d1b9d9dd13d84
training,710,5239296.png,0,20260810,0be298b51e895cf63ebe4eeb4c3593a00a9cb26693ed5fa4930d2f79e53208e7
training,711,5239296.png,1,20260810,7923076fc2dd320087eb94ab6245b2ec5079661ce9c30608898ea77e093b6e3f
training,712,5239299.png,0,20260810,8fba833d8426d6d858cd76e59f10c35073cb18e7ca124ed06a686dedbcfb661a
training,713,5239299.png,1,20260810,41c5c7169075c615cb96fb95f87ebe6722192eef1089de7bf03036dac9e20488
training,714,5239300.png,0,20260810,94e45aa403215bcec5c51b383320d87b4fcfeb19c6f25761fc40e20df5a1101a
training,715,5239300.png,1,20260810,7baf5addbbdf05b0cca4cd62009f9e1189b398fe25ce76043a89d7d7e4f4f241
training,716,5239309.png,0,20260810,8ec339e57dd08559b107a9e9cc5e458f5747aa27e5361148f1c9aeb9e3dfc7bd
training,717,5239309.png,1,20260810,984515c9b15b990314397a021b4e9e52d837713a0dd0c7ca115daa45fc8b37e3
training,718,5239314.png,0,20260810,04cc0761ca39f0c2926d0b245e6a7a03728856c6391603200cc0a66991b7ef30
training,719,5239314.png,1,20260810,797e2c62e5848cbcbb5439fd8bb5ba241d84042487969bbd3a6694117cdb8270
training,720,5239331.png,0,20260810,d03e4e57bb3fe91f843334543fc2c75dacb8ac2f0187a885e3df57ef079a4590
training,721,5239331.png,1,20260810,edf6c3162cf3f62e26655d50b0863851f6ee7d3751e9f05fa1b9305281a234bb
training,722,5239333.png,0,20260810,415da21e920a540c59997a246a3a584c036ca93cbb4b57242ec6fd8fbfc4d199
training,723,5239333.png,1,20260810,d9516b397a38d64728308a5a2389d51f7569208b251af491d19a5f4409bb07af
training,724,5239334.png,0,20260810,4a600366edf1d82b83682ff801837099a3841c35cb7c9b96142a50de722af992
training,725,5239334.png,1,20260810,073cdba7ddc6dfa28c4f059881482273ce34ea5deb5cd53f7cff05b2bd1fc99b
training,726,5239340.png,0,20260810,4dba56c9aff443a31cfc5adb16030ac74279b9162d3944a6e29d0c3e5598d25f
training,727,5239340.png,1,20260810,af96bec64601d1c6a05420888f345e136a58f05b000b89009d1c8b65906ec8ee
training,728,5239341.png,0,20260810,f2da73f43fe7791fd7f8d4b4b5b4ab161276dad9426b713928d4e0717388bce2
training,729,5239341.png,1,20260810,8d9300e1fe9a190a38206309e5cb7f93f5f887d7205e6be7e5188b769038368f
training,730,5239345.png,0,20260810,685e5d8a247c0f13adecc18436e65f07927c768ff8475cc35ccb6e10dd617886
training,731,5239345.png,1,20260810,2a4e052f3127d521c9f453d4717cfd49549e3b36b813ffba1684540e6980d80c
training,732,5239370.png,0,20260810,b36407de76cbc9253e88b25542a516350e0dc259f959787a52de08e76316644c
training,733,5239370.png,1,20260810,7f5e2cee0d1e7d4ecb529171a40072ed02725e49d5021b0eceef60815c3f106e
training,734,5239371.png,0,20260810,d7b6aed6ebdccc0ccf28545da3bf26b0c79bd1bc4e48efaab220168f328e9654
training,735,5239371.png,1,20260810,6eff35d2bb87b9c0d1071fe482512f3963f3aef2bc74745060dea26754736ddf
training,736,5239374.png,0,20260810,249de353a9f76eb3dbf6512108ed0d40652007c88b0dfbe0d8ea8cdb2744f335
training,737,5239374.png,1,20260810,8ba06ea851d181f9b47088d1776e1bd6f220ea920c8ddbca5d9f9ae6152278a1
training,738,5239382.png,0,20260810,a806c9e342e8dfd17fa879bb17d41159e9c19d25b003a103b247dd58c07761ab
training,739,5239382.png,1,20260810,d8ae0bb0d91fa13cecae96e7d4da4f592495b7d9b9cce5bdcf8dc8ea9e260b7f
training,740,5239389.png,0,20260810,98b49107363a7576638a82921101f48426c07044f398b4c9e0413472295097d9
training,741,5239389.png,1,20260810,880dcbb762d58c55c1f357b4cb3938de53ddf8954e7372368e39fafcac95ef50
training,742,5239396.png,0,20260810,74afe0cb2e799db020b19351330f83f1683223afcbe7b950ddcf9307367a4642
training,743,5239396.png,1,20260810,8f3b7fde35af0103616cff046ec330e70c92dca93fc2b907e847df2387f2818d
training,744,5239413.png,0,20260810,b31a8c57d46b9a4e5d3c5cb5d14a8415c516c1a50a1f4d08c5c78df0d4564925
training,745,5239413.png,1,20260810,3a9106fdf9f62381a4f6419c7e2a9fec39e9d019aae495c1a2cd266312fc4daf
training,746,5239418.png,0,20260810,c626cbe658bc0fba0c1ec6b8dd0a71e85156bbb1de69ecb4f13384950a6deb4d
training,747,5239418.png,1,20260810,cefbc82f783d06877e1d3a4868367f5b288818bbb21fbbd57930bf07499ec5b6
training,748,5239435.png,0,20260810,4cf304d9ff8efa9f79af00bb32bc4ec0016e202c5da156b99a285a4642014987
training,749,5239435.png,1,20260810,59a5f730e909f6a4a544e71beb58537daad2309ce249556df937267fed3189be
training,750,5239484.png,0,20260810,256e8b8019dbc5ab2bb632312fb4d9a596e05219481778eabc72e4d3f58e8be7
training,751,5239484.png,1,20260810,23c30bf1cc31d0b86fced959cb389f23f198eba62733792a487bb002103c8688
training,752,5239490.png,0,20260810,1584f07dde7cf32feb1576c2b0693273a3890634c00d169c7e5e4a1ba9605f19
training,753,5239490.png,1,20260810,ca581b97423bc9b7b74070cabb2a2a9b890c1dee4347f3fd7bc82abf2d0f96fc
training,754,5239492.png,0,20260810,34cb54745952013975d2d53fd0035d021ece0fdcafecb6449627625d22c49bd4
training,755,5239492.png,1,20260810,e3b0c4ef4db9c52a16d50abd4e096633524fd17ae88d9c8809ad3a6e5736ead7
training,756,5239508.png,0,20260810,6e893c68c817101029484372dba874b80ed20d94f6bf5669402055978d9bcb0e
training,757,5239508.png,1,20260810,c67530af953464dd75219c756a66e16428fbce555caebf8834c46f317825f447
training,758,5239540.png,0,20260810,bee803bc3f0b4822844a171f38cbe31f75a78212d973eb38171b9e7762949f4f
training,759,5239540.png,1,20260810,4e97c590d00e89b11f87c1d13f872869820da29c5f2c1f402859f65b4ba0739d
training,760,5239598.png,0,20260810,3365984baf41894a3b3858e7c9858b7e9c11fe2d761428f78bbf71add217cf1a
training,761,5239598.png,1,20260810,9e779b93d5bbf4ca4c6277583647b62c08930ede82698fbffe69d255edf6a538
training,762,5239599.png,0,20260810,3dcac374dcc09857ac15c80095fd16021796b56721167a4cddb36cd9d351960d
training,763,5239599.png,1,20260810,8fee83488210ffcd9b2339dd7a526c0bdf12c17085b6d789da49d221f5fd078b
training,764,5239603.png,0,20260810,9eced5c64619c0bcddbf8b7eb5995f881a2fb84f386d061ef8a0520ab424b45e
training,765,5239603.png,1,20260810,024b17aa169d8a1a96c48074012ffe631445a1abb5f752ecdf2bac46bc0f8bd5
training,766,5239612.png,0,20260810,3c7b9221abc5da5a6e05ee436943c2bc4305d3bcc27e2414a8136a9d66880b8d
training,767,5239612.png,1,20260810,37bd18893ff707b17a5a649d3346a9fe2bb5801a841dbc911aa0fa2d39298518
training,768,5239614.png,0,20260810,009b54b7479a658cae1aa54e7a10e8569b7c3f94a02bd86129d32002801f5cc8
training,769,5239614.png,1,20260810,2d8d3767f0927fe8150fd7d814a96ce7adda110f7994a50e87c08eba92e5a9e8
training,770,5239623.png,0,20260810,32ad7e746cf95d9fa7234134a37fff6fa488bf1c3b629aadd3df03235b6e916e
training,771,5239623.png,1,20260810,f4d2f36438e22ef6ce985c10ea00debf17607af4bf891f4ae84cbd4359ab3fe6
training,772,5239640.png,0,20260810,9e9b6c75cac6a63498cfb064db5cf8538f1d64adebd3e2d9df5599c90d633227
training,773,5239640.png,1,20260810,afa43357ecb36ef899dfb47d2cc5001dbe90b8be1c9dbb566f3d7fc9465b437e
training,774,5239644.png,0,20260810,2f5a862eea2bb4c155b932b6fadb017e7661be18c4e5303b8cee1b416a974c30
training,775,5239644.png,1,20260810,dcc774280443eeb54fc48cd0b51dc920aaefd7839df9a30c2b2814d9add978fc
training,776,5239650.png,0,20260810,d71ecefab11a3caf196cfbde8070ed2f1b513fd6e260053421a0a2762100432c
training,777,5239650.png,1,20260810,141711be09321c65cdb88958206013ecb29cb19a6e1820cae108958929d0b36d
training,778,5239661.png,0,20260810,8e7815d59d05215720562eeacfff4b02b3d5ca4a8bf998eb3904d54a659e8f09
training,779,5239661.png,1,20260810,c34703c4aa55b3ba3d9ef398e510950e75ce991e606935e2160183752e12510d
training,780,5239671.png,0,20260810,5a392acf9441b71b22bbcdb3912d7600c3f1b3b143340585ad44e3e3992a7537
training,781,5239671.png,1,20260810,b9781eedd8fb2fef36d706334fca970b9f766758a2a655e4ab99837a96cff8c7
training,782,5239674.png,0,20260810,f7c5d15913c69b6584dd840ee0c67f148fb5e4e034fda9a2e9d6350ef20e7264
training,783,5239674.png,1,20260810,f2ae7439cbf18df0f1ef400f1035b773ba041d2413d9cd8247137a19e7644094
training,784,5239676.png,0,20260810,8bbf85b20cf0213d1522e359da5ec9df7dcb1ac68a645346ae110ef4bf6ef497
training,785,5239676.png,1,20260810,9bc58a79989fb504e425d11ba185e41f83cb2b6490fee29974d5403536a927ca
training,786,5239679.png,0,20260810,1c1d996b026b8acc60a256d6a5215d22943cf3458e7e9e355df88ca64ca023bf
training,787,5239679.png,1,20260810,f7fb2a721a8f29c95074569b8a093e7261fc5146638336c4c97684f2ee6444a4
training,788,5239686.png,0,20260810,950566595df9cb8ebf590561c02b12b01d1cea5d195dee31f32c200a6b396014
training,789,5239686.png,1,20260810,bd093d5232235dbfe7348f056e3355cdc0c096f836667158d08ef515437a1c6e
training,790,5239702.png,0,20260810,335606bb3b5ff744e329112ecc7f9bd8acddc73144bb73c3801c4bbbfdffc750
training,791,5239702.png,1,20260810,3d0c42bbd467bf7c6af85196b05d1773283653314be0b63145cffdb928be0ab1
training,792,5239720.png,0,20260810,37e7d2987d278bd0f5790419f3272a15a1960ed31151223d50a8964032b62f7b
training,793,5239720.png,1,20260810,05ba8814032199008f9cb87ff1d31f67e98d46c3f8d38307bb0c1ac137d7b478
training,794,5239722.png,0,20260810,357facd324dd96e17ae24be0517807304872fa4d0b35f25e45b0cc7d9181c130
training,795,5239722.png,1,20260810,e66435e63f67f7419f32bb79fe9b9b2faab587e0419425284a0e3cb9f48ae07d
training,796,5239725.png,0,20260810,b55cf9914ff8c05a5fb2ee09d908d38d0b9d69b7d15e7831d220346136b16eb5
training,797,5239725.png,1,20260810,1d8479f69e4a6118df35a73106e7b4a56a75134051400f39852a1f4269f226b6
training,798,5239729.png,0,20260810,9602464e57080cc98d854dc708332de314a92e6a86633d30a1810023ba105dfd
training,799,5239729.png,1,20260810,f2cc3056a6de133611e0c2a802d07a78ad7b25591276ad8d0f77683c5fd1aea0
training,800,5239735.png,0,20260810,d280ca775394b3afcee69d321472284ccaa498a6818d6c293467418147d0e9cb
training,801,5239735.png,1,20260810,9e1384719f0953bf474e4304cf830032815b9758716e90f205c3ca247c3c84eb
training,802,5239770.png,0,20260810,18c03cb0caf3fa309fc4455b6c660fb79051637ac64177a16fe6373b6f9508ef
training,803,5239770.png,1,20260810,02134506d359e31d78bfbe66f1f7bdba6a96111db508b6e88fe2b25c1646bb90
training,804,5239797.png,0,20260810,6ddf0701ee66b1b6c9835071b2b5b96f269f78732d5146cf8a5d75ee646451d7
training,805,5239797.png,1,20260810,0db0f69cf4d019642323a7b68f2530aec228aa2190d78497acefbc07592602f0
training,806,5239798.png,0,20260810,4ee317757e2cce51fe01905e5154b1b6e3a2024518da7177ea002d7682d2a7b6
training,807,5239798.png,1,20260810,292a67db3d24491d2e3ca04a0ea2c0c0fbdda1f19a85916df4d5e91be8bd3fc0
training,808,5239799.png,0,20260810,5cc5ba0df265759b382c20540b12cd649590f286690869305b62c5edcf96affc
training,809,5239799.png,1,20260810,9390be43493cd7065308b19d27dd100df5df289f913769f07a4e2f6fbe13e380
training,810,5239800.png,0,20260810,28c5d2edb17402cf913e611411dbf96335dcd5f3fd633ee72f7eab8b5820c352
training,811,5239800.png,1,20260810,227b9bd2d34995cfbbbe093e7520f7fb054558e991ac1b3448a03a2155b919ba
training,812,5239843.png,0,20260810,ae5342c0dc3dab203eb9da2bbab165333c7ef71a1d554079e5b42529c35e7309
training,813,5239843.png,1,20260810,4bddbd484be2317b27d2a5ade6b99b332a223d098a94afa2e9a8fe622fdd69ee
training,814,5239844.png,0,20260810,746bce833c72b4310b8ea87c11cf654edabfa61e3e222d0d36dd8a9841273b15
training,815,5239844.png,1,20260810,ac47acb8540675ebd4d98721208f70a4037693ce895ebe68937a73ad2d5080cb
training,816,5239861.png,0,20260810,b0f6e12bbb6d12014be81de29d0e886a641e6df520a51efebbce04df67396db0
training,817,5239861.png,1,20260810,f8dd7e13ced377cb56defc83af7cae379c5d0c15ec5400b2545e7d21e43f2fd9
training,818,5239911.png,0,20260810,10f8c4de00046bc9c355d117b396021ce9cae74f545dba3ca6a7749c0457f950
training,819,5239911.png,1,20260810,3f6980a85ce70595eaf50d215a42cc93e0b71ec9a2660ed98daec00bb62e7f94
training,820,5239913.png,0,20260810,4c04e9d34cb866d4feaf09a615a5258e823bb2508f562c57821a3bf12f2389c9
training,821,5239913.png,1,20260810,00a7e872a6873415e876cf7d3b3aa2bd56eccccf6a13da3ffe2a05766a7ae936
training,822,5239921.png,0,20260810,edcb8d6e499fc223b8d34487ec596e1c700713ea1affeaeccc4e58c74474eef9
training,823,5239921.png,1,20260810,bad01ae5087a1cf9422e446f1bb1a692fd80b3287c28f26d992662510ca38d83
training,824,5239936.png,0,20260810,5ac70dca192cf1b28e6bf61ca4539d6b5086971fb41bea3f4f478a505235d0ee
training,825,5239936.png,1,20260810,2538323dbcf20b7b1477e1ec0a320804a0733f855fdb37cc109c10f56ee8c7ca
training,826,5239939.png,0,20260810,e8dba33efc6b36114e3dbc5725eac3d468199fcab2173355c56e86a3532a10e6
training,827,5239939.png,1,20260810,2bc8c09e92bae88dc19640571c28f913ce4b2fadd8c0bfeaa1470d8eaecea43a
training,828,5239990.png,0,20260810,cffe051ddd4cdc91c4bbad55135d2b0d884a9eb5a9f56d319f0fa3dde526f568
training,829,5239990.png,1,20260810,25595859c58b4386e0bafce08c5266d6e86f67c0e7b775866406af7524d7150c
training,830,5240010.png,0,20260810,1c3ad8fb2af6965469cfee5ad3b1e8c0248053a703ecfa61618d16a108a41131
training,831,5240010.png,1,20260810,de25de7aa3b4dfaca951d2883042aded66ab51ecb2fc8e8d891435ca9db6a7ae
training,832,5240036.png,0,20260810,070ede7d29f54115da4325f64b7b9267232000cf518797f7a2f5a44e3c0cd723
training,833,5240036.png,1,20260810,bad8e4bbbba12122dda483057cca30ed504aacc22356de679588bb71f1ec9dad
training,834,5240050.png,0,20260810,8ae3a698ac92329178338d03385ccb24661d897091c51735a5397eb73cb1691c
training,835,5240050.png,1,20260810,2fac19ef15bb99f32d858116bac1faa63bdcbe20c209fed5cf8fcade9b6c38cf
training,836,5240056.png,0,20260810,6e58095065dd680eeb6ff787c060cfa68d4203b2822328a19e84888ab6a46ecb
training,837,5240056.png,1,20260810,04da5821e2d695f6d18ce417cafceffa7b0f30e06c0f4c7bdc27f0045d37be93
training,838,5240092.png,0,20260810,9982ef3a8992654c2843ce386804bd861ea5d51f2dec4981f16eb1a28b483c50
training,839,5240092.png,1,20260810,dcb0edee5bba6534fc0065435c1237f8e5311d04d8552eb60e8fe23eab0c6ca1
training,840,5240106.png,0,20260810,514df1a64ba14edf34aeb4cc9f84dae6903c1bc3c10ae32ae1e4e3120ed2bb6c
training,841,5240106.png,1,20260810,558887102a9bba2cceb0950023b39fc3083c2deb1cb399ae194d5cf774592b28
training,842,5240128.png,0,20260810,9dc76985b78b9ec308271bd3da1f438156cec574cc4b75462c404a194d993cd4
training,843,5240128.png,1,20260810,0d4f7a58ad1fc83960838862c25efdc3590b08b59c73baf55d9dfc6a89c0fca5
training,844,5240132.png,0,20260810,61abe234f6acc74ae1e6aa28ec467e65cbaf240435220838dca26b7af417426e
training,845,5240132.png,1,20260810,7d8f78146f2ef7a3c1e40a3d1d563bdb8b1f70957575f760142970bbff9b90d2
training,846,5240142.png,0,20260810,36d0fb6dcac79365b926b410b504eca96224677478c8373e41b08747de71af9a
training,847,5240142.png,1,20260810,f70253fe5450632028b7269676c07863fc17fd93c5d3f5a0d01ed6beba556d1c
training,848,5240152.png,0,20260810,7eeab9e6c01b7c6bd0edf851d68cd3f7985d35e33a187a14765b73075fe13c7c
training,849,5240152.png,1,20260810,fdb31cb778ff79216dfd7caa218fa5578d1f56cb0f553e180d78f40141a1dad5
training,850,5240157.png,0,20260810,7d226029dac124f0110a0d117e41b401fc8e79ba65e2ea7cba33674d5c1c0030
training,851,5240157.png,1,20260810,540b13d24268a7b6639369bbdb0bb0ce2fbdb24e873d16a24363240963afece2
training,852,5240166.png,0,20260810,8de1aad46d8ed33c0fcc53f97f218ce93326d07a732dccc366b115dc5b07cb29
training,853,5240166.png,1,20260810,33278e428fae3953972b444ddab59a1670bd2676e460220d05625a361de76d88
training,854,5240187.png,0,20260810,643b36528f021929dfa6b78cf501f6636960cc3a9e11edc87e1c348b90e78beb
training,855,5240187.png,1,20260810,0b70fcd7f01407cccd8c1816841ba1ad7ca0f429dd4472c1cbb0bb523a89058f
training,856,5240235.png,0,20260810,a97ad68a8bca5f46f7ee541967e58fc3f2e6f0be9ac361b2bf6a9664b3a019d8
training,857,5240235.png,1,20260810,5e5e388348a7dd6d57ed45bd428f3fb48328ab49d9319e044884be230b2f6f6f
training,858,5240244.png,0,20260810,8cb9421217d498b31c70dffcad3125e127f7a1e378ed6c06e47157f01231b10f
training,859,5240244.png,1,20260810,c28ac3b7365ca2ad39a595f4a06529abfbbc75f4b047e2fecf5fb120d14f4657
training,860,5240256.png,0,20260810,a704e07d0dc8c61f1d7458d88d9f1989a58c78d3d35ad532d5c4dffa46f85c0e
training,861,5240256.png,1,20260810,cfe3a9adcc9fcb9d2f7c5c6cfd7f1e1429c5378ea5c0273fd2face001f00b085
training,862,5240259.png,0,20260810,fe120cef73676739cd9cb22ea51e7df4c89c8c3de820a74adb3cd88a969ab985
training,863,5240259.png,1,20260810,f31db2c863d40e88f219dc55bd20ee82d611da2ca5e129547afb3106ab824a16
training,864,5240262.png,0,20260810,604e038241d5957571d501dc5f9b4b28f43f6e15d6d5609117614a60d68cc25e
training,865,5240262.png,1,20260810,0a409290dfab5225586f6d2deaf57736c57118bad4142d975e03eedcf27c9878
training,866,5240280.png,0,20260810,48bd5ad387ac214cb89be32bb76af076d5cb15a146e802d01d646d07fcf360f7
training,867,5240280.png,1,20260810,51cb36c1c73fd63705c2c5e7a68e805566c7796d62c6097439d7c5cd12758f05
training,868,5240282.png,0,20260810,f16dbd34679e17bb008a42222c2db195a1a3cc458cbc6f860a871373db6804c6
training,869,5240282.png,1,20260810,0896f7ad51f946f67e8806f6133bd044b42367c258fd2c3a223f6d7da55f72d0
training,870,5240313.png,0,20260810,813b7642ccdccdc742190a60f53072188c8a4fc49d55caf7428a22fc71c601d4
training,871,5240313.png,1,20260810,ffc40bd8cdd3f27b12dab037c434d03db5c0c7ae73c5a236d749977689e86bcb
training,872,5240368.png,0,20260810,c6eb9d2cd858e649545cc259c30066de99d1c888782e12875ebc516c7035c4f8
training,873,5240368.png,1,20260810,fcb2c0b40b239ff59d4be0c44071dafcb27c87b8664d3804ac103202dba1c565
training,874,5240372.png,0,20260810,d3ac6943ad1339c9f8cb5ff49c8fad7026624b0e15dcd6ae5ec2b6718a9f89f8
training,875,5240372.png,1,20260810,369ffb2093e8db838c6739d31fcd0ff4f8d94f474321727ff8814cf76d7cf107
training,876,5240374.png,0,20260810,d898de3ab46bc03b03ad7c29c8603da053bfebff83e6d401ba6a7933bbc47941
training,877,5240374.png,1,20260810,3a15f9c016610e5e1e4cb08ef5f5105f75b9876294f695cec17edde121269b01
training,878,5240382.png,0,20260810,a30c6b480470c8621f3b343537b423e7309a1e35d6865096db36a39b0ef15ccc
training,879,5240382.png,1,20260810,082ee5867354e0dd0ff3e9b7e8f8e51a24fac096515ce044ea37ed9df1ac1ad3
training,880,5240386.png,0,20260810,92f7c682e44263a9d30f6563e34042e3ef2b353842c969a2348de339ba9fc797
training,881,5240386.png,1,20260810,3f01bd20f22ea500be7cb1b9dbac6e42680d89f9a469749b8ae9ff55fe543423
training,882,5240388.png,0,20260810,d8b33fcaeea81e737ad4197186832159eb27c045622b8a36dd38d6305957dd04
training,883,5240388.png,1,20260810,ee786e2758b497e8cac518a128d3703bdfb8c1b824b2887350b2bb342e6f5f81
training,884,5240389.png,0,20260810,a06c306305e2c5a509c9fa32633b279e3a94afd4bd2d47582ad467eb58103943
training,885,5240389.png,1,20260810,2b145a74390d5d9b53ec0adfa2cc0cba6299693c39ef3dd641c949f66830dca0
training,886,5240401.png,0,20260810,50f897e80b3293bbb3dd76411ec238cd3b0d80ac3f731548f82e178f5e181cd6
training,887,5240401.png,1,20260810,b4c6eb9f22475a54b6f44f73bee3b2fa2ac7d38a354ad5e8d21456713360e9a8
training,888,5240416.png,0,20260810,252d874f46ef1751be7fa19428e7fe6d634ddb86e9632b46eccb7c7531845db0
training,889,5240416.png,1,20260810,0aa82e37500137cfd14e7b124ec271bd37bf69ff04fcbcea7442de4e5718989e
training,890,5240428.png,0,20260810,c9182b6f70aa42a05c31ce9a404b00f2c2e30a9e9a9ab033a8c3136a27e9cabb
training,891,5240428.png,1,20260810,c2d4146e606f298e5b47629428f9ef72a2a94b3f8d22fe39d7784e0e7594adc2
training,892,5240443.png,0,20260810,6fe13df7eaa37343bfc8ccc7e2fd6da2f27b6f7f9babf9a9e0448e5c193354fe
training,893,5240443.png,1,20260810,af506bbf809826b15b759474789b3607c23467069ac4e16c354b9e3a9784ada6
training,894,5240469.png,0,20260810,babb8b9e2b0ec23e43d8bbd960575d51a96ced2f0dc4c51a2e17e88eb4e71541
training,895,5240469.png,1,20260810,7ba72750da25fa47dc9ce3316c5dfc55260de6d5342eaa54ddf49212f5383144
training,896,5240483.png,0,20260810,928fb911b3bff6eba5bce79aeba3bd3476e0f7052f2c92874ab0fa6bf5646478
training,897,5240483.png,1,20260810,e928204dd10b71c207654b418728ed721bd330ba86262f24cf8c91fdd3dc216d
training,898,5240485.png,0,20260810,c63b8becfd1881fa38ebc6f3487d57b36b664858427a7cede61d7fe4ea700b4b
training,899,5240485.png,1,20260810,b3dc62f8f27bd0ed6cdcb217d4ab0df88f464e167a849444cb84a2832a24ea7c
training,900,5240490.png,0,20260810,bddb2a14daa15b230f8416e74763faeea5c51bbb44ffd79997d3cad6aa0f5cb0
training,901,5240490.png,1,20260810,6475dddefa487e1406e2f78dfc9078ef7a341daf190f892ea360bab7f12aa5b2
training,902,5240509.png,0,20260810,bf2b6b491f833775f0bdf57ed23510b0e98ba521d301de136c9b63b4b1c2283c
training,903,5240509.png,1,20260810,e0f9fdb07fcb8153681dd3ebea1c42a941aeaa3e9dce97ea0f02029d98b73549
training,904,5240530.png,0,20260810,6c99fba1e2ac7e7ad59465c1302f0fa74b984c4f700708c035625a5120195bbf
training,905,5240530.png,1,20260810,e4418bd7bd92f28c9797cf76d4918d229be1928ccc1056dd5bb592c1401dc07a
training,906,5240538.png,0,20260810,c8b4ecccc951c112838a6450a035f4cc6e188f1346e687ccb3e1217798966374
training,907,5240538.png,1,20260810,7dcf732bb56801f79a2c377903a3f8140eb865f02fc5a20fd033fc6d3b1234bd
training,908,5240567.png,0,20260810,a917332f4b7b0bfff008725acc6793d399791d231a079ea9887e7d493a40edd6
training,909,5240567.png,1,20260810,c92cdbc06905c4395d94ff949682d2bd8b01dfaf31fc8ea4502b5ffbcd0bbada
training,910,5240577.png,0,20260810,c539ab8e20971db92ef14039cdbdb48d9e8b22d7d3a9ce2c3935b075c3eb0086
training,911,5240577.png,1,20260810,f025b9868186296d976798093411da0cf75cf68ee86e8394d1eef7296f704685
training,912,5240580.png,0,20260810,20a3684c4d10ab8f9ab34a41e25dba1088bf0d73bc5bd84bd9afc8e165b3d2a0
training,913,5240580.png,1,20260810,8630a47aba4bcaa6eb53cb0a88139c027c5e1ab87acef2188bb299f051439279
training,914,5240613.png,0,20260810,e60ba5a12c1aad6682e75f862229b2aad3a4bb05bcbe9a72bbb1b5b4268f307a
training,915,5240613.png,1,20260810,52910b2280ecadaca71f8c7941ce2d1560d8bd856e5435d8c19025865b712169
training,916,5240627.png,0,20260810,3acee6b79eda24c57ad166b50236722bfcf4f5306b9a0fd62306cb2bc166d8bd
training,917,5240627.png,1,20260810,277a466be19e4229a5ef32a3945381ae7947eaca7125fb2133ae89416480b649
training,918,5240640.png,0,20260810,ebf92d1177b19c9fa374713b7030fa823a620c91f948f55595f362cd54514299
training,919,5240640.png,1,20260810,ed976fbbc7bea7daecb8f877c0d6e6da5d2bc1f67f95434bfa1c2d18cee828a5
training,920,5240724.png,0,20260810,80992151512284716c6a3a8302176ba0b98e2197b5c0aded40e1e5652a7e1e8e
training,921,5240724.png,1,20260810,ba4d1f7599f979287598b70cd360266f458412eaa316a563c5f564f2f530aee9
training,922,5240726.png,0,20260810,765361b401042634338be88cd143d7d518838c01ec5441de2a0f6473967011ea
training,923,5240726.png,1,20260810,aa4198e93af867b5211701c87e8028b8bc52d6fd6392c9a9712319d941789894
training,924,5240764.png,0,20260810,b98076d156192f93c64625616affcc94db960274ccfd45966024683385754832
training,925,5240764.png,1,20260810,fd04a2c158f3e51ecbd3c764aeaed819fb44bc8924f33323d4dc7a3708b622d4
training,926,5240778.png,0,20260810,ff45c88852e33417e2f9268be438edd21f8e14f27ef6b3613c9879d3835cc853
training,927,5240778.png,1,20260810,e07fc7cbb39d5e73123f487eb6824ba36d7d922a4df1a9abb5e16a3b18cb4123
training,928,5240786.png,0,20260810,10b5016ddbca6d878ede492bbb26ee4e873b225aa70b8331a77aeefb12ee87f2
training,929,5240786.png,1,20260810,cff9f4cba8cae4f6f9cee848cc8e492078a14805637ca54b6dcebb6d11c6a8c8
training,930,5240792.png,0,20260810,471d3ae408bdffa1f1c93173fe412a65d178e8930abe6bc0f44dd2fce3e0c2cf
training,931,5240792.png,1,20260810,7b034555f320c1d5854704d9ba48e701c6a5629b96bae7e0b3d4602cb8826034
training,932,5240806.png,0,20260810,48ad458bec64c2f10cbc124c3ccff42061a71ac142d3ca934c3f103b7cfa8cf8
training,933,5240806.png,1,20260810,fceed7cf93e7494a756f505899ff260450ecadf777f59542616291432a00e92d
training,934,5240815.png,0,20260810,31776be4300429022cef747432516e59a22db6a38577de0021fb5de7330563ee
training,935,5240815.png,1,20260810,7e03f3b638138d9327697b13ad1fd8cf35f9ddcb0d8637eb36162d76edcc7b86
training,936,5240823.png,0,20260810,b9abf65a08cf266fe28fb2edf5a28198d23f58d825ed12bddf252cac245240d5
training,937,5240823.png,1,20260810,b8f094eab7ac7f65dd03de449c6ac55bbfcd9a53b33673a6dcd63abbe62325c6
training,938,5240837.png,0,20260810,b773021bcc5bc2c941e42f5ac1bab4cc37b130cd1266084dee491bb1665e1532
training,939,5240837.png,1,20260810,bc9046a17ea55264e71cc4ba6270d82195b7550349cd64c41b77b122c8af3e36
training,940,5240838.png,0,20260810,565e8a91e646bf28a87f40205b22f00074fefa2ab9b36cd298cbaef51de1d1f4
training,941,5240838.png,1,20260810,ff2b6ec9d8554a592586cebf3bc5351f9201d6d565d159b6301c90a25afd4558
training,942,5240841.png,0,20260810,2c43478c6599b4e08eeb3c1933d750542b2eb5ebb79bc39b2fdc04d03d8a69ad
training,943,5240841.png,1,20260810,2abe8293e9bff077db29100d980697cd4069251873a8e18953773f815790bd25
training,944,5240844.png,0,20260810,2106ac08545d9033aa8ce0cc90efd8868f5d96c7e834a0cb0975d48bf725426b
training,945,5240844.png,1,20260810,e0b81048c6746c04832926eaff841f31824248e2b3e0e3e189c2802cabe54cc9
training,946,5240856.png,0,20260810,019cf6fcb9a7aa163ea47396a87d2305c5d371dcde0fe74a6c82f9d2f0e9543f
training,947,5240856.png,1,20260810,8a3449c19ac2c66df69b02133a06d7dad16c60cac4c0cf26d1f07363c0362640
training,948,5240861.png,0,20260810,836eb97777ef4464f935d7c1c1817ce7c36f4a869adde4cba956071461ef924d
training,949,5240861.png,1,20260810,bf7d26128659e275037864d5d84b20093d357a4138cd77b6b816cef9db9876ba
training,950,5240880.png,0,20260810,acb7631415a7526e77ae1cbe6eaf976348caa6dab90909cfcdc619124e127590
training,951,5240880.png,1,20260810,70e7a42c0e19273593a5bc8744ea943c38af20f11ac360d986cb58b51bbdd1c8
training,952,5240881.png,0,20260810,f7f5cef73fc711e4464b02dc01e69cb39c5950226d753f3ac3973706a988d9e3
training,953,5240881.png,1,20260810,cd711e1af36acb122357b78ba514380fcc8f13ef822e2c69b3e654e1840a278e
training,954,5240885.png,0,20260810,1c19d999832d3b21f043a6b30faaae8db910f22dfc6459a855587a3d8607a51e
training,955,5240885.png,1,20260810,f19dd41f519f3c6810f13d30152cefad5e18087a0ff46d710b0eced50e702ed9
training,956,5240893.png,0,20260810,579a72199fcd3e999776a6521cc9ce2b82e07d45877e6587070e340873a566d7
training,957,5240893.png,1,20260810,42e16adb10de0c4f2d9de98fcfdb4eb7064984c01d0ff5cde03cdca7836016a8
training,958,5240898.png,0,20260810,2f3d49ca814878499b003509e1df0a66590d1e972e6f32ae313e035f1cd59be6
training,959,5240898.png,1,20260810,21b76e75f61f3b29ca69679957766149f1b5d00d09be46475a797e815391097f
training,960,5240943.png,0,20260810,2beecefbb41ece4e4c122e7b46f91dd5298a7e22eb8ac3b6895d642743ad243d
training,961,5240943.png,1,20260810,fb5cbe5eb14088df77e74cb095527fd20e6b57be8f074fcec519c7d955322410
training,962,5240948.png,0,20260810,2b43c4e3c19d9e376670c1113bc96643e69ed8c1176e78f7aed12e59a452bd83
training,963,5240948.png,1,20260810,66a0e689a7c53f4bbbf473b2f9181d83bbbb63b64a067b97823b4aacd49cd797
training,964,5240951.png,0,20260810,e8376791ef1a4f5c01560e1264e90de1072394d1e6a8bb40e3883aca88c9504a
training,965,5240951.png,1,20260810,f2980c6f9296f5c5f18a9aa04eb525d06dd18c4476a42fa39aa642bc5a5d71c4
training,966,5240955.png,0,20260810,0b3a93e6eb6d76d26b88b284b2451c3cff199554db5ac31851a7f8e5045dacb7
training,967,5240955.png,1,20260810,56e8e08a28658f66ae7d62ce48648950db8055658813857462eedbacdd232bdc
training,968,5240959.png,0,20260810,455aba34b6536afebf86c92ab5340f5f3c8f5b59d3f3016ef9aeeabb643b7ab1
training,969,5240959.png,1,20260810,dd711531f55e19982a51f938f723db45c89ce343ab883d2aca1c3aa7c8f2444c
training,970,5240978.png,0,20260810,c4023a6c50ec3701aa9219f7b9a409e8c17457ca2430e679ed1fb472a1be5c37
training,971,5240978.png,1,20260810,ed85450351076b0e08a3270c1647c7b582428a5fcaa2ac3ca78d5d452b866379
training,972,5240981.png,0,20260810,46407e6a62c02892852f12cb480cbc9d96845a586d9aef5bafd40f51fd17dc02
training,973,5240981.png,1,20260810,d33ab2a1d1caa9bddc3c290f7f99395cb256642e7b7147beb83e9255ea9402ff
training,974,5240984.png,0,20260810,d0c294225ae1e5478dce40a8a78a0b8b97f2d7df6e5d6ba731ab6d4e8519fbb7
training,975,5240984.png,1,20260810,2fad4f09ef77a469d825d6cc4cf9b48b0a4ad598cbfffc9a1fa327eeb44ceb43
training,976,5241010.png,0,20260810,4d00dc7c6f947c1a15c5cbfa528c8f28814f1b1c8175863c744bf32d30656075
training,977,5241010.png,1,20260810,dca1b826ad81b1dc8be92855d819e3b75b59b2aae9df280db7f2f4fda590715b
training,978,5241147.png,0,20260810,e25d8fa01fa252f7090c53a6526be12ae283e321af0059d11b1889daea22467e
training,979,5241147.png,1,20260810,91e1d10598081a4993e5d5ae4cb24cfe107445121675db4c3caef4f87cb93dc9
training,980,5241194.png,0,20260810,c7dca66e27fa5472fa0f72731024a95450239337135b5cf05aa10327a4c48cdd
training,981,5241194.png,1,20260810,0522c1e70dacbd7dfe72a4ccdb9cc200b95f129aecefb4f65867e66a4929e776
training,982,5241200.png,0,20260810,694e023620e9c1be05bac95dabc3eb85d4028ea69699ec3b176cf8d6f1741aa3
training,983,5241200.png,1,20260810,b21ae0a1c65e668174d9aa2d67563e76796efc5aad18cad9da1934311efb16bd
training,984,5241211.png,0,20260810,a3317e5e70fa6106f5b162cd32096ac8c555f1c2f7775e1a3235e4ba9326ad5d
training,985,5241211.png,1,20260810,991ceeba57df439ef639d2080979c75ff493c859c208bb7bbc537abb88f6a54e
training,986,5241212.png,0,20260810,003fc12c068a337723412d83f10ed7f6e0552af67d78c66a11357f8fa73aa609
training,987,5241212.png,1,20260810,c2d891b62549e76abba2740d5b1cd0bd73b0d5bc7cc89c311c29ad6f6010cdf5
training,988,5241214.png,0,20260810,ddbf7449ebc6715d890c06e4e5ee31e90924d1af134841513f2c88742553f76a
training,989,5241214.png,1,20260810,287b4177ad74037963c21c5d58e96b8538762ca2cd9231673fb572c74be403cb
training,990,5241257.png,0,20260810,89a02a135b0071f7d0cf4b746e1f798e696994d1fc6a82adca4e68efab11d68c
training,991,5241257.png,1,20260810,a3feabdc7caa3702bf456b60acfcaf39dde04e7c78086cce28a8198544608861
training,992,5241268.png,0,20260810,9129ad21f9f7bdaa09ffd5298c5041bfd43f00387f9a0cc87474555396784be5
training,993,5241268.png,1,20260810,a7662bd5306e217e9123e858b330094719b9f2904005bc39fa0e1586e7c2c068
training,994,5241273.png,0,20260810,b4f72c75f553fde5f2f6d19b2fb2231b1414ba67de05eb9b2ef97d05639efd56
training,995,5241273.png,1,20260810,c5bcf3378c30bad95d392519af8b0b2d2bedf32a08bc049e67f605c45eca36d6
training,996,5241312.png,0,20260810,b46cf886dd71df7095ff3e5a9a2aa03d5af72444309b1a58e15cc529569d84fc
training,997,5241312.png,1,20260810,3972aa51e343059a12a89c9ebef5f849bbbb91949d4a4cd1ebae5305ab39c122
training,998,5241314.png,0,20260810,1148f1f0576d6474e363327ebb6e478423b3b9346d794cae019c23e95f387a60
training,999,5241314.png,1,20260810,80e70928ff169cb2eaa8e0fe549840e5531d920ebf6ef44806621eb46a704f39
validation,0,5233540.png,0,20260809,bad6366e8f83df4d68b7418183787a2527d66929e81f8a968f5357607d8890cd
validation,1,5233540.png,1,20260809,d67d3e800bfbc2b70221bd798f679a95f90eee7295f55b6a24e47f21ded45f55
validation,2,5233654.png,0,20260809,b0d9826d06721939096f6dea3e61f2b55902fea04d3eb3a260495ceb8f127fc5
validation,3,5233654.png,1,20260809,57136fba8284d589b716664175e5165e5d38b77b6d73d40d0f85e327f1b455e6
validation,4,5233837.png,0,20260809,bb569bfd73c3e6ee2d84cc970f4ff5c882cf5612c49bc2a371224af1bb819ce9
validation,5,5233837.png,1,20260809,47e11f6d892502097da7c1f1b2501b0885a6556d80cfb8884c65e9ecebffbf22
validation,6,5233987.png,0,20260809,5de5e59c62e96c80f3ab33967f5e386a8844879a984061f2f9a3a9f6571c441c
validation,7,5233987.png,1,20260809,562ad2f2109cae3619543092025635e1e62165029cd1d988637f4f895bf445be
validation,8,5233992.png,0,20260809,eb9e572d2bbbfe7774b6733206b3a62fbee85473a19531b2c3065bfc327d639f
validation,9,5233992.png,1,20260809,6334e0585d4527ba31e4cb2387bf040a7d95da486545bd4fb064b50c4da92f11
validation,10,5233997.png,0,20260809,3d21315e3a262473d99866ce2b403f5cb7cbd121aced9e0d45ab436e4eb44ae1
validation,11,5233997.png,1,20260809,856c00c660e07dd3261494490bf5e0ea19fe0fd757b50c67cab357a3be12b162
validation,12,5234033.png,0,20260809,c47d135ea75bfce02c57f551080bada0deb20335f9f7f9acd88a66e2cb92fd6e
validation,13,5234033.png,1,20260809,a9b4a7244b9eb4a3b7ff880e398b7899f9be3b42c51ef2efa7de8a6271a5ec75
validation,14,5234037.png,0,20260809,52dd3a51cd82923d422e7d9cf8228a2408d2f3081eb5b7907a4b96cbf4f1736a
validation,15,5234037.png,1,20260809,ec3b3a162cb55298a0748ce072d60af383b06f6caef79c2a85b8ef3850ab739e
validation,16,5234084.png,0,20260809,52eab2067cd8aac83f6f9190cd91e1e8e84c6c4941c380a8a7865d79d265d84f
validation,17,5234084.png,1,20260809,ef03b0755ff2406f5349ffdcb61648049d41ec04d1e18d52bc8970b377ce233f
validation,18,5234162.png,0,20260809,1031e9c762cce5b22d17a94a0b71154c085314df4140707eafb6fe33a0127ff1
validation,19,5234162.png,1,20260809,631a7ba0a6bc92cc280a958afb02376cc57fcedb92d3b199977fa6ff3f9da379
validation,20,5234215.png,0,20260809,5027e7d734951cca4a78d5f782c0e46a1177c584161e936e0a49a3fa2f560684
validation,21,5234215.png,1,20260809,96d42af75d4630341392893b7c991c6c3603ec84d82dff5a215f28efeb1138d9
validation,22,5234269.png,0,20260809,395c5bbb903ea600104109c8d07b5741213a6263ae128c5cf4c12ef152832960
validation,23,5234269.png,1,20260809,240e85a318bbb21ef61df6b29067417b5580328ed60429b547bc378548388108
validation,24,5234270.png,0,20260809,2af8f5c434c8164ec62f107ad7959fe0e34858e7a0ac66e27997cfde25961d6e
validation,25,5234270.png,1,20260809,a8b27f29fe3a45c4455b90a0ceec637986b6bc2fce9c9264f7aef4be3c30436c
validation,26,5234273.png,0,20260809,6f70ce33d61a0e22d0f7524525c6741a03b3fb7f674a530b1c2e9ca87a588557
validation,27,5234273.png,1,20260809,6559cb22ad82d0a4a3b71e5ba1777e187d35959f2d0c2526c0b80dc13e560f5c
validation,28,5234277.png,0,20260809,34fce9703cd5f6a01091bb5f9f4cc1f7480ebc467bf66971f05936091f414692
validation,29,5234277.png,1,20260809,ef454f8b5c1fa9c1332daf30a4028a186d8bda3c58495ddc6c2f55937bff98af
validation,30,5234313.png,0,20260809,27dfba357383295b28718e4953d603bc21fcdbfcbaddef5689340cbb1cc76d1d
validation,31,5234313.png,1,20260809,990d7fc0aba5120fdcd3ee0f57955dd6c134f4baa7a5511618d264062329c81b
validation,32,5234366.png,0,20260809,9457c8bff17f7d8f6d8c46a5596b4f51c82a8d83208e82593f0d7ee115ebab79
validation,33,5234366.png,1,20260809,b8b69aa977e0b5312ccc850be78cc433d7bc2a1eec5b248e68f13d4c1edc3427
validation,34,5234368.png,0,20260809,f3b58a2cfa56ddb41db2c25ffb593c7a315ae15a6de73c4dfa5cb2b0e8f5727f
validation,35,5234368.png,1,20260809,447d07d94a8ace917e6330943bc6a0ea0af48786a64e0ba3d1840da7821ec895
validation,36,5234369.png,0,20260809,946378672bde909bd113743a71b46727d6b63e0086834f7f73305573fcc3cc89
validation,37,5234369.png,1,20260809,40949fcec71509578930a1565ec61eae2d1d51fb2df9aca65c77fe80d89999e5
validation,38,5234370.png,0,20260809,431823646792ea801a7c83efd429fa3bfade45661586a1c95c8ee5e74308bb88
validation,39,5234370.png,1,20260809,96aecb1b0e35c4ce8af32036b5ea3846d5327178c3eaffbd56a577a7024b70c6
validation,40,5234371.png,0,20260809,db16897b4aa7b8a8a4fd05985d094d978b24c8da0b792598dfaa57f3a2c0b8e9
validation,41,5234371.png,1,20260809,c66ff019326b7cca3b8e7bb6b55065311017cc1ffd03dbcfc647191a467f987e
validation,42,5234372.png,0,20260809,3d5143201c8903d1b63038ee680d8e7d78a6898300ad12f0732574e65d5741ca
validation,43,5234372.png,1,20260809,d1b1216edb6a1ad65b3c97f7d6100371643614aa0da9c32b07706bd1b4dffa0a
validation,44,5234373.png,0,20260809,91940efdb8e50dda66ad5af343fc6e5bce8fcc1f371e77170e1fd49f6fb0817c
validation,45,5234373.png,1,20260809,624dc1a50a80bb7ff86bf4cddd9a65ed97c2869d2b965b9d35cdebf0b7dd531b
validation,46,5234374.png,0,20260809,f7d3b999f5b1593a618fb060849a474e5d29acbdabbe3d7c5a64885457e1e63f
validation,47,5234374.png,1,20260809,31ac56b53eff50b8af32a21b7594bb14d3a2be94f9088ce8f4f4057e9ccb3a53
validation,48,5234375.png,0,20260809,ad7a47636c91f6d9441da593bd2f47fa66a541e07ac1949689fc3d722ceb9109
validation,49,5234375.png,1,20260809,a199420e71da194996031a89ac2677baea331344f7226d130c846e51a47f116f
validation,50,5235108.png,0,20260809,dc847af0a17d34357728b33daca031fb5beffce01422bac56bc8a494026a2f4b
validation,51,5235108.png,1,20260809,f7b3b2d0a70b247c78f5b2d14bb8708bb0171a33651dcb092856e3d6bcaa7b1c
validation,52,5235401.png,0,20260809,4150a45e8c19f4e70827f10b3ec878a432402d2166385b0d03eba34733220f52
validation,53,5235401.png,1,20260809,32042fb87d42fcb6a5b963b720555bd63999675f862619d6ac84b33882d91bb6
validation,54,5235405.png,0,20260809,7dd67fe191d2a4edf713500af45096f1c315f456e561257597850a075e7c2d39
validation,55,5235405.png,1,20260809,f00f377ce316883061272ea6cd1b370b1dc7a4b6f39ec66cbd684f811f302f96
validation,56,5235420.png,0,20260809,8a35c1e8e1c8a3f726ebe79a3d61d273a8e381029cab29a3233f4783ae5fef0a
validation,57,5235420.png,1,20260809,031247de08494eff491a20f2924f8c80d98d498231dcd98cfd3f48b9f9c587da
validation,58,5235474.png,0,20260809,6eb9462e6101a63767a8f2ea9eb41d6e0cba4f6c610ff2ce2851614e687f6c60
validation,59,5235474.png,1,20260809,e982dd16344d839aef885b2e5098704e829a733a886143c3e992ccf67b3ffb7d
validation,60,5236242.png,0,20260809,3c4ae95b5e8046bc242dc9f64b7a816c2902c5018efa14274976ce1dca8d3661
validation,61,5236242.png,1,20260809,55fe853bea1005277c5e21b370a53cf77f474e7458f441bef7d63d8f6455375a
validation,62,5236261.png,0,20260809,8e694dcf543849fdf63e81bc4778186c0abb178b315f728ab82883ed64fff6dc
validation,63,5236261.png,1,20260809,a89f61e169e91da083648a228d3e149475db75e05d935ea5151283c13cd66a2a
validation,64,5236424.png,0,20260809,3aa9b58e9d7feb21bfec8d2c621e903db8ffd9dfde7f9cdf0687e351c46f3d74
validation,65,5236424.png,1,20260809,c1796d89164ec77fde28067e8b11ca365323a00062ec501e1cce7bfcd12ec313
validation,66,5236602.png,0,20260809,51fed358940ce5971e1908516007a37b1ba1c2e23d574da0e0f72ffaad062c22
validation,67,5236602.png,1,20260809,6368d68729754069714488eb929c5200226d9d569b4a7f724de343cd3b2b8b62
validation,68,5237268.png,0,20260809,0bda64e37d6ab586a57591ab7b47963e6f18d3fc2591b94631873abdd0694136
validation,69,5237268.png,1,20260809,c326409afc885a947df984d48437d7ae4e76cdcfaf251f1dc51642cde3009775
validation,70,5237579.png,0,20260809,5b2c973956706f249b209d8fb67d76c4082ffb0b2ba184a6d51721fa34b98f8c
validation,71,5237579.png,1,20260809,504120a2b90911eccd45721c5c9f3cac59e2ee0655fc2537250057fc1d88fa0f
validation,72,5237580.png,0,20260809,b5b5347f510052a2e11a8b3654f67cac29331891b1f14d51db7636f234470d45
validation,73,5237580.png,1,20260809,bf02af43e7982e510796f24804f1efc059a89f554e3e71ae77be8a4375b32bc4
validation,74,5237785.png,0,20260809,518c1a6c576a712c30b719bf7cf0f27cbb9e3dbe52b701ac2d51270a7ef8240a
validation,75,5237785.png,1,20260809,0aae0040f89f1cb23ef603900d9bbb3f12a76a81a5b3e7d1486645b936a189f1
validation,76,5238012.png,0,20260809,786dae259742205b9944a576a74584985d7070a3bfe11847fc7c1c7e795f3ded
validation,77,5238012.png,1,20260809,c40d4e5c766c30727533846a0898cc2a19f20abbe0d0ff6f25b863eaa3403fdf
validation,78,5238389.png,0,20260809,9de049c3fa0e2b8d9a4a2ec0b2a7756cd505017b3f4baa3e22d93bee8df138e5
validation,79,5238389.png,1,20260809,e9d5686d0b7ce53e408931c1d2c992023ce6f33ebdc132f2488a9659aeffc289
validation,80,5238543.png,0,20260809,d09e31c5184aa0fbf4c4af134dad10781419720c7e2723d00c6715a0d961662e
validation,81,5238543.png,1,20260809,4bf1b979f4098fdcd6cdb170149b6552dd947f64f37a3d9dd67902a96961c93b
validation,82,5238560.png,0,20260809,0b08588bd07bfd8f73fc9f6a97e9da5317e7f8ba87cf5e9730c1f76a0f3e62f3
validation,83,5238560.png,1,20260809,7b05d94f8a927e7d3ec83f338f05acad0725b6ad6723c7e63764c5928b2037c7
validation,84,5238565.png,0,20260809,d73299c30a9e3f93e2e06bdbbf470b8ee1e64044bde0ae7d2a51dfcb2ce06078
validation,85,5238565.png,1,20260809,6cd2bc257755d20c4a02dc34b417c3babe3810147e1705b63a1ec39555140e70
validation,86,5238645.png,0,20260809,141755f430500cc17f28b091815d3339b6c391fa43253757ba0d8ca90ac1abbf
validation,87,5238645.png,1,20260809,f08d2fe70ea49f67131056ac9901d74946f4075c5c04449c590042a7fa4b3794
validation,88,5239367.png,0,20260809,e0395f217ff14f5ce7419e2800b7223444c0020aa6a3808be0b4c4bd0f242c54
validation,89,5239367.png,1,20260809,9558bca4ea743ab9eabc22c0b91dc19f123e7253c4ec99c65e155b9948cc2a85
validation,90,5239482.png,0,20260809,affc1c93f48954c399b74b687e6b01cbee50922caadb04d02d389f210926a624
validation,91,5239482.png,1,20260809,028bf4243be6d8ba8a17a97c659df55061cbe61e82d783df656532ea84edb0a6
validation,92,5240190.png,0,20260809,01b08df0584c8872d4746af0f5ade5464aebe8a544d76e673c6812e1285a8505
validation,93,5240190.png,1,20260809,c2b25b8b4cade6b434fe7d7e23777ce3715921a646eae856e4f593e645d612e9
validation,94,5240191.png,0,20260809,21a44f231dacd81fb855c9ad63ede885580dd7165e4992a864f53ea869014c84
validation,95,5240191.png,1,20260809,55852ab328461a27f5186c29fc10e74edf5b3810a40d7563764e0641f67832fc
validation,96,5240193.png,0,20260809,cc0ff8c5c7cb14d366cc35533ff6d1f33986af6a1f08ae66711757e2eaf3cfbd
validation,97,5240193.png,1,20260809,e89204c1059f4ca3109dbe12d4ab2340b082525209de0b40fd5298e597286562
validation,98,5240194.png,0,20260809,74a41bbf27f1b7bab70d6e05c7a170558047eebe24416ffc39fc43f8f4972a9c
validation,99,5240194.png,1,20260809,47d6d2c9150e23e94e6d42a6e27deac5983f11f881856cb5dc760b05b502664e
validation,100,5240249.png,0,20260809,e25ded4bd48dfc1764909c7404e6d977a48d9824c10c5c71c5564d4b37898202
validation,101,5240249.png,1,20260809,1718655074ffa543f86bc49ec896f3f64d12b752902b087c3489e3650bc22027
validation,102,5240524.png,0,20260809,fdfa0228150c92959ec771390cafad9aeb09a82ff45bebaa40bc9c1524367f65
validation,103,5240524.png,1,20260809,f1d123e9f0af6fe2097dc3234793babea80f0e6365ca4bf363f0fe0defb57b95
validation,104,5240611.png,0,20260809,9b49f067a3d56e657da8910037b82cb6ca3cdabe9bcc96e485624e59dc778e9b
validation,105,5240611.png,1,20260809,1f6d6b9d2a619c3069378a54f239601c599ef7a5aec84a5ada6fc78d916e4c54
validation,106,5240617.png,0,20260809,a74139b781a1aea4ea00e82959d30397093216db22a69a8a2ecbbeeb1173bc2b
validation,107,5240617.png,1,20260809,12c7e9a7ff55c096ac5b9fd73a986ee126ac970233f3d5ff095f181da1348e6f
validation,108,5240619.png,0,20260809,61b0780be73ad8aaef46eeae9ef9b7ef40a209c1657693e890623d844ea9e7c5
validation,109,5240619.png,1,20260809,e85bc4f26b54089f69dcd9ee10bdc51514ef7b0587b618b4ad2dfe79d8c9ac70
validation,110,5240621.png,0,20260809,9472445fdbd09fff810476275d6bad57da24b50e0131586887c02607033903f0
validation,111,5240621.png,1,20260809,7a080ce1f538e23578715a8140aa88698bf53b267c3ff48d495a4c49fbde2825
validation,112,5240623.png,0,20260809,ebaec03b948bbc9d14de838d492a47ef44f80b1d395be3a4e8f7038c22d308a0
validation,113,5240623.png,1,20260809,cf4c610aa6b71bef65c6b36213313a81387a69063787fdfd4e76e708d238412a
validation,114,5240926.png,0,20260809,58b7ba7a09f3005f69feb8da79df0fff73fd2ec4ded900cbf4ab27baef76e73b
validation,115,5240926.png,1,20260809,415b6fd297cb5374ec30b22ad338345dab3c42404971217d15df7f4480924589
validation,116,5240927.png,0,20260809,90fdcde89de557ae3b911899c87c64bdd0888cea1eff177a135a328ae2b55457
validation,117,5240927.png,1,20260809,9b066cf70bfe841b51caf76dc1013f50b96e2492b5069fc2b76501838b623587
validation,118,5241053.png,0,20260809,271337a182703bf1dc9fe054b9222e676ecb0493e743bb4811283073a1d2acd5
validation,119,5241053.png,1,20260809,94c8a90ba0cc8d001cb74b0efd2897900aff00aaa04e3725f0f3a5b391395a1d
validation,120,5241288.png,0,20260809,304f50e70410882f2bdba0562043ca7552657df107fc932b0d5fed12cde4d8fd
validation,121,5241288.png,1,20260809,d644ded4b1730bbf43df5578b9e45ec2f15f5673c845e32b99e463901d9b6fcb
validation,122,5241386.png,0,20260809,f6e749612ac2d4f01d172196ea306d1308336a4ef33e4987316e0273fe3fbd63
validation,123,5241386.png,1,20260809,dc6736b875c069745ef646def1adee64bd91383567adce76856cfcfe6dfb435d
validation,124,5241388.png,0,20260809,ef4def5a820756c0f782ec3e8d9261ccec2d5372df5c01cae6af46eb9885ab6a
validation,125,5241388.png,1,20260809,3deb930348c1c965d366678d6b542e2f1dc392c13d4c80ca88372f14e97c3ecb
validation,126,5241391.png,0,20260809,9616817dbb1efdc713c72c41426c990401e897b2a81f7a13f081db775fb639e2
validation,127,5241391.png,1,20260809,d2bb4fce93687e3d36c7b47fb4169f4189f3d503e45bf8df2dd48bf00a3b5db2
validation,128,5241396.png,0,20260809,51f36b3d7bb522c50cadb9e9008ed8727ac7f97f7a99bd4553b7dc1d88e716d5
validation,129,5241396.png,1,20260809,f875076b9cc9504b3309efb73bcded35d5d63d07cf522aff0748b6df6ee565d0
validation,130,5241436.png,0,20260809,69e139572807904d19697524959191547a273a805246fe4a8ba58d842e48f798
validation,131,5241436.png,1,20260809,e4872330d24393e5e250c2029b2c66ca61284956b5789382c702ae1835c75258
validation,132,5241438.png,0,20260809,c5aaff5f3b6aefb0f7c9973b259b0518a2e251d10ca83d1088c0877ce303b8a9
validation,133,5241438.png,1,20260809,ec0510cc08b4ca81b584cd4bd541a0a85e40081339c9385d19b1a980d5fa3ab5
validation,134,5241441.png,0,20260809,8e759ddea5e488b5504c615978a70da2cee8194cffea0f1db27b263ab0b9fbc6
validation,135,5241441.png,1,20260809,5ead2534932452019f0aaef1006ff3df7da9c51ec6240980e5a971b2650c177c
validation,136,5241460.png,0,20260809,ced1abfadb6fb5f41b28d0c830a3af2772bcbe4c788eb6fd6c380ac9cd6905c7
validation,137,5241460.png,1,20260809,c353f72679b99036036fd3d64f2648d988e234e492bb12b6e451a297d9b3d8ff
validation,138,5241706.png,0,20260809,7eb3f3174e78ee890eb8b4081b706f1eef3e2c9e64d3b2b238e0921533c4fe44
validation,139,5241706.png,1,20260809,4ba906775631fe577648a966ccbc5ad43162f22a5c1140372d2df4c18c9d6e71
validation,140,5241854.png,0,20260809,7adf48c4536623185092a60d7df53d0bc3d7009f13dadd9696bb865dd3facdf7
validation,141,5241854.png,1,20260809,dbacb23008cca7d9d623daea9d14a62e3e93d866cf9f88a9949661d2efcd6421
validation,142,5242008.png,0,20260809,a1dce052f557eba3d914448cfb3aab6cd8d8330f453436c41e948d12be78eb4a
validation,143,5242008.png,1,20260809,e190de8f34fbb9a0ee3c85cf3caa753859102666b7151bdcb6ed0e19112b1f38
validation,144,5242211.png,0,20260809,3f08e6ed07477c26ce5fc2403bce5d86d84f1232fc25bd57935a8ccd80067ab8
validation,145,5242211.png,1,20260809,1d7ac4f29fc7225b12aeae1aed8647da492faadc2d57e3d4846d3d9f5fbc124f
validation,146,5242439.png,0,20260809,c652b1e15200ff72798a7c19cb61d80375ff84080ae6298bcbe069bb92c2948e
validation,147,5242439.png,1,20260809,160d26ea4b92c029eb837e40e98cfa89ecd24e4c3579f36121aabc145d9065da
validation,148,5242449.png,0,20260809,586491ec911c85596d5564efc7e325baa40cec4d93b5f40759813fe3306658cd
validation,149,5242449.png,1,20260809,f1507acaac54fd96ee8c1b14cf40c78375a8df21f6ac99eb787930200f22c484
validation,150,5242569.png,0,20260809,cdb0787b1b55d6c1b09a58f8b2df5f06694ec44a997cf83c7726cd00bdfa182d
validation,151,5242569.png,1,20260809,8b9da8f436d5c3ea4f3a749b774f9324b05081ea234c1b56074335228946c65c
validation,152,5242707.png,0,20260809,11558b3eb41d6f2882d31d81684859edd42126b7cd1607b1340bbf49bcea8cab
validation,153,5242707.png,1,20260809,47c50ffed2f3ba40d02995babe78bedfe2928894781247b39ccd180f81a86cd9
validation,154,5242770.png,0,20260809,7480889ba33434d991ae966c4442b4cc3fc74cae9d710cddb1aed43938e93ab2
validation,155,5242770.png,1,20260809,8def8aca15647a49615282b804ec11ef0247887cc3abff3953c72061d5bf55ed
validation,156,5242837.png,0,20260809,4f34acf9bdd8c96e4a5ec91dab040f4c53c505cf0d824e462bd07702d2554949
validation,157,5242837.png,1,20260809,85a49f50d81d325fee27e0f6b37dd1d49a2c769415e64aeceb884cfd4fb082a8
validation,158,5242841.png,0,20260809,d08a605259eb9169862365e084300e174a034f5541304f26ecb90a4ba744a954
validation,159,5242841.png,1,20260809,ed8fda2930dec36463466a1a45b5d45144e257849d28959000423a9883dcd172
validation,160,5242881.png,0,20260809,b434c4517479da82add8a7761bce07b740b936002f00aea145d4a0317c55aae7
validation,161,5242881.png,1,20260809,870ca59d156fed227b9e660a1dc4c65d0955d69e57c1aaec583ea131112131c9
validation,162,5243335.png,0,20260809,2308ff7d21ddf0408bf6496d207ddadba1a6495181d7d04d5fc4c22b09859861
validation,163,5243335.png,1,20260809,f3573201137e2e75fc65fac51ed4c951b49dd83ee8968a7f4c56623321fa4473
validation,164,5243336.png,0,20260809,d403db1e9d97855c7b6599d92565805af2e121ff93dd2183c5242f7bb87b54a8
validation,165,5243336.png,1,20260809,e0d696c1fcc4b5b226b71bb1e4a01165f0a2fc72f27223f473b7ea233735c04a
validation,166,5243340.png,0,20260809,e35470e4b03712a71d5e672470f07793c98a652fe374a8e146ee4593da09cd14
validation,167,5243340.png,1,20260809,1cbf8d9a9929b6fb74f34a04634219af7c33bafbb4859a2e7fd710c446bf398c
validation,168,5243341.png,0,20260809,e3226fe35c55b7bb0288f6ca010b96e513886f6555ac3e20e5e7f1a1441f5f2b
validation,169,5243341.png,1,20260809,8ac054b6b4d258b5f35e3bab73be23acfef129b76ed1318d8df92739dd9d8dc2
validation,170,5243507.png,0,20260809,bd5f75a6500730a8734b291146b7e6b880de3db48cf11823ecee20cbf6be4dc9
validation,171,5243507.png,1,20260809,eeb14c0cc70d292b9b2e8cdb1f412c85004695665404bcd9e67456f03cffe49e
validation,172,5243623.png,0,20260809,04aeadc7b8dfb8388eb6bcf1a414d36dd45ebb73aadbc16b550ce54ff505f6a4
validation,173,5243623.png,1,20260809,4eaf8de49663c261fd03615a39412071dfac42f6160ea1263b0dd92dbc3f79af
validation,174,5243630.png,0,20260809,8c6dc456942a81d01edb8e694a13e0aaa2ba2581a5c14c9d72d523663e2632c1
validation,175,5243630.png,1,20260809,f0a6ac74d84e4fe27b773494d524df1284ad6d82a09585ed12e6e7f2a7bfcb73
validation,176,5243659.png,0,20260809,1ff30bc271fbabbcde5f457aaae993ff2760f7beb65205ab4080a8327dd7b023
validation,177,5243659.png,1,20260809,a1e6e5f0ff24972a5f187da0670d377732418bf947f2ceae7f10e91599e3ed46
validation,178,5243661.png,0,20260809,cbfab41a841a96c6fa05a37552704376bcb7038ed736396f5c0c135a7ab60b46
validation,179,5243661.png,1,20260809,31565563fcae70c445c342cd84d1ced1ec9fa7e12d2cfd819416e889eecd81ba
validation,180,5243786.png,0,20260809,fc953cd46ba58b5b3578fe3d9b0d1dc2879ebfbffa43f56916d7d8a4c3963a14
validation,181,5243786.png,1,20260809,4a5d5f1b497ebe6483a178081e5e174924d48f3bd64b2f3dcdcfcd387ceaa4d5
validation,182,5243979.png,0,20260809,923bf9e943866e17759d889a5e3eff852ed07c156c523e3c91b03bac0b5e0346
validation,183,5243979.png,1,20260809,a9a75b64ec04dd72ff4cca4a7398cf72f53e6e69b02b6d3111e47579bfb21759
validation,184,5243980.png,0,20260809,469350c10f145c72ae07370d9da9531442fca3702e05af5958f5cfb510ae3c2b
validation,185,5243980.png,1,20260809,919e78586bb34227097f9c1cfb5acf3e251d5e00e3fda51861d2866aba1ba631
validation,186,5243987.png,0,20260809,7b0b86bfe9dbf69b035173f798b6a24d8773509cf1b868341289a24309a3d702
validation,187,5243987.png,1,20260809,20482c37ec86c7504257b1ed85091a914114db73d5eaf45481c0b158c40dff06
validation,188,5244225.png,0,20260809,ad373ecf2b4775c3e7805f3d56fffc37d335d51750ba9011475cb6d5bab1f4b0
validation,189,5244225.png,1,20260809,b709b5e1f6b30218b9df19f9d9e363d299461c5ade9b1cce8b74410f2d4a30f5
validation,190,5244243.png,0,20260809,ae5557a72c3fcf790ce405d4c7034b83149eb1943b43cf22803671f77218324f
validation,191,5244243.png,1,20260809,e35898da08079b5150228184f64e336f43db760740d512674a97138287409a34
validation,192,5244420.png,0,20260809,a5957080b055275414938f0762ac81c983a5cc4bbf6e7b2ae3e069122d5450cf
validation,193,5244420.png,1,20260809,26ba1b2d328c4de528ebb6f867d840daeff5c6d7a598cf8ba9b4d0fc1797778b
validation,194,5244484.png,0,20260809,514e64d4a0c9e78851bb4fc0b14bfe21c73489cdbb30232a059dd8e0fb3b9079
validation,195,5244484.png,1,20260809,5e5c84bcac984a9e0cecf3b85202901b2a5db2751ca47723209d20b69481d51f
validation,196,5244485.png,0,20260809,dcc8353b5a696bcf5c05fe7122d70432997576466e27e0dea35eaea5b6557963
validation,197,5244485.png,1,20260809,71b6d996332a70f136e2effe9200fa3288897fdf7140b734065369d0f0a91e7d
validation,198,5244492.png,0,20260809,62b90f722fec5ce864a87b34bd50e3211905b78394be8a24a4bc93c1b320574d
validation,199,5244492.png,1,20260809,64d5c0f0fec815d965a4871925c01f862922b1b682929853040ad379080a7053
