row_id,base_pair_index,image_filename,payload_index,payload_fingerprint,condition,attacked_height,attacked_width,dwt_subband_height,dwt_subband_width,classical_ber,cnn_ber,cnn_mean_probability,cnn_mean_confidence
0,0,5233540.png,0,bad6366e8f83df4d68b7418183787a2527d66929e81f8a968f5357607d8890cd,clean,512,512,128,128,0.203125,0.0,0.5776888728141785,0.863495945930481
1,0,5233540.png,0,bad6366e8f83df4d68b7418183787a2527d66929e81f8a968f5357607d8890cd,mild,494,512,124,128,0.5703125,0.5546875,0.22997386753559113,0.7668209075927734
2,0,5233540.png,0,bad6366e8f83df4d68b7418183787a2527d66929e81f8a968f5357607d8890cd,moderate,447,509,112,128,0.609375,0.609375,0.2830667495727539,0.7614220380783081
3,0,5233540.png,0,bad6366e8f83df4d68b7418183787a2527d66929e81f8a968f5357607d8890cd,severe,389,505,98,127,0.5390625,0.5234375,0.24061569571495056,0.7589801549911499
4,1,5233540.png,1,d67d3e800bfbc2b70221bd798f679a95f90eee7295f55b6a24e47f21ded45f55,clean,512,512,128,128,0.1484375,0.0,0.49633657932281494,0.851677417755127
5,1,5233540.png,1,d67d3e800bfbc2b70221bd798f679a95f90eee7295f55b6a24e47f21ded45f55,mild,494,512,124,128,0.5234375,0.5234375,0.22775262594223022,0.7712633609771729
6,1,5233540.png,1,d67d3e800bfbc2b70221bd798f679a95f90eee7295f55b6a24e47f21ded45f55,moderate,447,509,112,128,0.453125,0.453125,0.2818278670310974,0.7589442133903503
7,1,5233540.png,1,d67d3e800bfbc2b70221bd798f679a95f90eee7295f55b6a24e47f21ded45f55,severe,389,505,98,127,0.5078125,0.5234375,0.24061569571495056,0.7589801549911499
8,2,5233654.png,0,b0d9826d06721939096f6dea3e61f2b55902fea04d3eb3a260495ceb8f127fc5,clean,512,512,128,128,0.03125,0.0,0.5253239870071411,0.8596387505531311
9,2,5233654.png,0,b0d9826d06721939096f6dea3e61f2b55902fea04d3eb3a260495ceb8f127fc5,mild,494,512,124,128,0.5078125,0.5078125,0.2836669683456421,0.6486121416091919
10,2,5233654.png,0,b0d9826d06721939096f6dea3e61f2b55902fea04d3eb3a260495ceb8f127fc5,moderate,447,509,112,128,0.4921875,0.515625,0.31831175088882446,0.6747809648513794
11,2,5233654.png,0,b0d9826d06721939096f6dea3e61f2b55902fea04d3eb3a260495ceb8f127fc5,severe,389,505,98,127,0.5,0.5078125,0.30629169940948486,0.6381197571754456
12,3,5233654.png,1,57136fba8284d589b716664175e5165e5d38b77b6d73d40d0f85e327f1b455e6,clean,512,512,128,128,0.03125,0.0,0.47516191005706787,0.8499577045440674
13,3,5233654.png,1,57136fba8284d589b716664175e5165e5d38b77b6d73d40d0f85e327f1b455e6,mild,494,512,124,128,0.4375,0.390625,0.2836669683456421,0.6486121416091919
14,3,5233654.png,1,57136fba8284d589b716664175e5165e5d38b77b6d73d40d0f85e327f1b455e6,moderate,447,509,112,128,0.484375,0.5078125,0.32043787837028503,0.6705286502838135
15,3,5233654.png,1,57136fba8284d589b716664175e5165e5d38b77b6d73d40d0f85e327f1b455e6,severe,389,505,98,127,0.4453125,0.453125,0.30502253770828247,0.6362247467041016
16,4,5233837.png,0,bb569bfd73c3e6ee2d84cc970f4ff5c882cf5612c49bc2a371224af1bb819ce9,clean,512,512,128,128,0.0,0.0,0.5751636028289795,0.8860573172569275
17,4,5233837.png,0,bb569bfd73c3e6ee2d84cc970f4ff5c882cf5612c49bc2a371224af1bb819ce9,mild,494,512,124,128,0.484375,0.4921875,0.3417508006095886,0.6950423717498779
18,4,5233837.png,0,bb569bfd73c3e6ee2d84cc970f4ff5c882cf5612c49bc2a371224af1bb819ce9,moderate,447,509,112,128,0.5625,0.5859375,0.35600292682647705,0.718804657459259
19,4,5233837.png,0,bb569bfd73c3e6ee2d84cc970f4ff5c882cf5612c49bc2a371224af1bb819ce9,severe,389,505,98,127,0.515625,0.515625,0.3473508954048157,0.6994435787200928
20,5,5233837.png,1,47e11f6d892502097da7c1f1b2501b0885a6556d80cfb8884c65e9ecebffbf22,clean,512,512,128,128,0.0,0.0,0.53482985496521,0.8783183097839355
21,5,5233837.png,1,47e11f6d892502097da7c1f1b2501b0885a6556d80cfb8884c65e9ecebffbf22,mild,494,512,124,128,0.53125,0.5546875,0.3417508006095886,0.6950423717498779
22,5,5233837.png,1,47e11f6d892502097da7c1f1b2501b0885a6556d80cfb8884c65e9ecebffbf22,moderate,447,509,112,128,0.46875,0.453125,0.35012155771255493,0.7194965481758118
23,5,5233837.png,1,47e11f6d892502097da7c1f1b2501b0885a6556d80cfb8884c65e9ecebffbf22,severe,389,505,98,127,0.4609375,0.5,0.3477048873901367,0.7001515626907349
24,6,5233987.png,0,5de5e59c62e96c80f3ab33967f5e386a8844879a984061f2f9a3a9f6571c441c,clean,512,512,128,128,0.0,0.0,0.5704705119132996,0.8843479752540588
25,6,5233987.png,0,5de5e59c62e96c80f3ab33967f5e386a8844879a984061f2f9a3a9f6571c441c,mild,494,512,124,128,0.5703125,0.578125,0.2985721826553345,0.7529799342155457
26,6,5233987.png,0,5de5e59c62e96c80f3ab33967f5e386a8844879a984061f2f9a3a9f6571c441c,moderate,447,509,112,128,0.5,0.5,0.23511342704296112,0.7537983059883118
27,6,5233987.png,0,5de5e59c62e96c80f3ab33967f5e386a8844879a984061f2f9a3a9f6571c441c,severe,389,505,98,127,0.59375,0.5390625,0.27540528774261475,0.722091555595398
28,7,5233987.png,1,562ad2f2109cae3619543092025635e1e62165029cd1d988637f4f895bf445be,clean,512,512,128,128,0.0,0.0,0.5380590558052063,0.8710343837738037
29,7,5233987.png,1,562ad2f2109cae3619543092025635e1e62165029cd1d988637f4f895bf445be,mild,494,512,124,128,0.4765625,0.484375,0.2985721826553345,0.7529799342155457
30,7,5233987.png,1,562ad2f2109cae3619543092025635e1e62165029cd1d988637f4f895bf445be,moderate,447,509,112,128,0.46875,0.4765625,0.23963692784309387,0.7558742761611938
31,7,5233987.png,1,562ad2f2109cae3619543092025635e1e62165029cd1d988637f4f895bf445be,severe,389,505,98,127,0.453125,0.4453125,0.27547019720077515,0.7219617366790771
32,8,5233992.png,0,eb9e572d2bbbfe7774b6733206b3a62fbee85473a19531b2c3065bfc327d639f,clean,512,512,128,128,0.0,0.0,0.5236414670944214,0.879467248916626
33,8,5233992.png,0,eb9e572d2bbbfe7774b6733206b3a62fbee85473a19531b2c3065bfc327d639f,mild,494,512,124,128,0.4921875,0.515625,0.45653223991394043,0.6778805255889893
34,8,5233992.png,0,eb9e572d2bbbfe7774b6733206b3a62fbee85473a19531b2c3065bfc327d639f,moderate,447,509,112,128,0.46875,0.46875,0.35921603441238403,0.7156876921653748
35,8,5233992.png,0,eb9e572d2bbbfe7774b6733206b3a62fbee85473a19531b2c3065bfc327d639f,severe,389,505,98,127,0.453125,0.453125,0.42937901616096497,0.7202357053756714
36,9,5233992.png,1,6334e0585d4527ba31e4cb2387bf040a7d95da486545bd4fb064b50c4da92f11,clean,512,512,128,128,0.0,0.0,0.6092935800552368,0.8912383317947388
37,9,5233992.png,1,6334e0585d4527ba31e4cb2387bf040a7d95da486545bd4fb064b50c4da92f11,mild,494,512,124,128,0.515625,0.4921875,0.45653223991394043,0.6778805255889893
38,9,5233992.png,1,6334e0585d4527ba31e4cb2387bf040a7d95da486545bd4fb064b50c4da92f11,moderate,447,509,112,128,0.5078125,0.5078125,0.3613486588001251,0.7114224433898926
39,9,5233992.png,1,6334e0585d4527ba31e4cb2387bf040a7d95da486545bd4fb064b50c4da92f11,severe,389,505,98,127,0.5546875,0.5078125,0.42935681343078613,0.720280110836029
40,10,5233997.png,0,3d21315e3a262473d99866ce2b403f5cb7cbd121aced9e0d45ab436e4eb44ae1,clean,512,512,128,128,0.0,0.0,0.5423980951309204,0.8755916357040405
41,10,5233997.png,0,3d21315e3a262473d99866ce2b403f5cb7cbd121aced9e0d45ab436e4eb44ae1,mild,494,512,124,128,0.5703125,0.546875,0.37239038944244385,0.7333323955535889
42,10,5233997.png,0,3d21315e3a262473d99866ce2b403f5cb7cbd121aced9e0d45ab436e4eb44ae1,moderate,447,509,112,128,0.5390625,0.4921875,0.4055064618587494,0.7078481912612915
43,10,5233997.png,0,3d21315e3a262473d99866ce2b403f5cb7cbd121aced9e0d45ab436e4eb44ae1,severe,389,505,98,127,0.4453125,0.4453125,0.3839244842529297,0.7330256104469299
44,11,5233997.png,1,856c00c660e07dd3261494490bf5e0ea19fe0fd757b50c67cab357a3be12b162,clean,512,512,128,128,0.0,0.0,0.44560104608535767,0.8553782105445862
45,11,5233997.png,1,856c00c660e07dd3261494490bf5e0ea19fe0fd757b50c67cab357a3be12b162,mild,494,512,124,128,0.453125,0.453125,0.3703094720840454,0.7291705012321472
46,11,5233997.png,1,856c00c660e07dd3261494490bf5e0ea19fe0fd757b50c67cab357a3be12b162,moderate,447,509,112,128,0.4296875,0.4296875,0.4069533348083496,0.7049545049667358
47,11,5233997.png,1,856c00c660e07dd3261494490bf5e0ea19fe0fd757b50c67cab357a3be12b162,severe,389,505,98,127,0.4921875,0.5234375,0.38481438159942627,0.7348053455352783
48,12,5234033.png,0,c47d135ea75bfce02c57f551080bada0deb20335f9f7f9acd88a66e2cb92fd6e,clean,512,512,128,128,0.0,0.0,0.46129465103149414,0.8625472784042358
49,12,5234033.png,0,c47d135ea75bfce02c57f551080bada0deb20335f9f7f9acd88a66e2cb92fd6e,mild,494,512,124,128,0.4453125,0.4453125,0.3532412648200989,0.6899515390396118
50,12,5234033.png,0,c47d135ea75bfce02c57f551080bada0deb20335f9f7f9acd88a66e2cb92fd6e,moderate,447,509,112,128,0.46875,0.484375,0.33700352907180786,0.6698319911956787
51,12,5234033.png,0,c47d135ea75bfce02c57f551080bada0deb20335f9f7f9acd88a66e2cb92fd6e,severe,389,505,98,127,0.4296875,0.4609375,0.3269117772579193,0.6985040903091431
52,13,5234033.png,1,a9b4a7244b9eb4a3b7ff880e398b7899f9be3b42c51ef2efa7de8a6271a5ec75,clean,512,512,128,128,0.0,0.0,0.5442677736282349,0.8731299638748169
53,13,5234033.png,1,a9b4a7244b9eb4a3b7ff880e398b7899f9be3b42c51ef2efa7de8a6271a5ec75,mild,494,512,124,128,0.4765625,0.4453125,0.350938618183136,0.6945569515228271
54,13,5234033.png,1,a9b4a7244b9eb4a3b7ff880e398b7899f9be3b42c51ef2efa7de8a6271a5ec75,moderate,447,509,112,128,0.515625,0.4921875,0.3401488661766052,0.6639153957366943
55,13,5234033.png,1,a9b4a7244b9eb4a3b7ff880e398b7899f9be3b42c51ef2efa7de8a6271a5ec75,severe,389,505,98,127,0.5546875,0.5546875,0.32538244128227234,0.701562762260437
56,14,5234037.png,0,52dd3a51cd82923d422e7d9cf8228a2408d2f3081eb5b7907a4b96cbf4f1736a,clean,512,512,128,128,0.0078125,0.0,0.5268175601959229,0.8751827478408813
57,14,5234037.png,0,52dd3a51cd82923d422e7d9cf8228a2408d2f3081eb5b7907a4b96cbf4f1736a,mild,494,512,124,128,0.515625,0.4921875,0.2879226803779602,0.7475592494010925
58,14,5234037.png,0,52dd3a51cd82923d422e7d9cf8228a2408d2f3081eb5b7907a4b96cbf4f1736a,moderate,447,509,112,128,0.5390625,0.515625,0.29898878931999207,0.7321768403053284
59,14,5234037.png,0,52dd3a51cd82923d422e7d9cf8228a2408d2f3081eb5b7907a4b96cbf4f1736a,severe,389,505,98,127,0.4609375,0.46875,0.37888288497924805,0.7436479330062866
60,15,5234037.png,1,ec3b3a162cb55298a0748ce072d60af383b06f6caef79c2a85b8ef3850ab739e,clean,512,512,128,128,0.0078125,0.0,0.6060016751289368,0.8991252183914185
61,15,5234037.png,1,ec3b3a162cb55298a0748ce072d60af383b06f6caef79c2a85b8ef3850ab739e,mild,494,512,124,128,0.5625,0.546875,0.2909969687461853,0.7436085343360901
62,15,5234037.png,1,ec3b3a162cb55298a0748ce072d60af383b06f6caef79c2a85b8ef3850ab739e,moderate,447,509,112,128,0.6015625,0.5703125,0.30403220653533936,0.7316826581954956
63,15,5234037.png,1,ec3b3a162cb55298a0748ce072d60af383b06f6caef79c2a85b8ef3850ab739e,severe,389,505,98,127,0.5390625,0.515625,0.3796733021736145,0.7420670986175537
64,16,5234084.png,0,52eab2067cd8aac83f6f9190cd91e1e8e84c6c4941c380a8a7865d79d265d84f,clean,512,512,128,128,0.0078125,0.0,0.5290363430976868,0.887671709060669
65,16,5234084.png,0,52eab2067cd8aac83f6f9190cd91e1e8e84c6c4941c380a8a7865d79d265d84f,mild,494,512,124,128,0.46875,0.46875,0.21630284190177917,0.759123682975769
66,16,5234084.png,0,52eab2067cd8aac83f6f9190cd91e1e8e84c6c4941c380a8a7865d79d265d84f,moderate,447,509,112,128,0.53125,0.5546875,0.23690322041511536,0.7307494878768921
67,16,5234084.png,0,52eab2067cd8aac83f6f9190cd91e1e8e84c6c4941c380a8a7865d79d265d84f,severe,389,505,98,127,0.5,0.4921875,0.3005790412425995,0.7431657314300537
68,17,5234084.png,1,ef03b0755ff2406f5349ffdcb61648049d41ec04d1e18d52bc8970b377ce233f,clean,512,512,128,128,0.0078125,0.0,0.5673191547393799,0.892153263092041
69,17,5234084.png,1,ef03b0755ff2406f5349ffdcb61648049d41ec04d1e18d52bc8970b377ce233f,mild,494,512,124,128,0.5390625,0.5390625,0.2189989686012268,0.753731369972229
70,17,5234084.png,1,ef03b0755ff2406f5349ffdcb61648049d41ec04d1e18d52bc8970b377ce233f,moderate,447,509,112,128,0.5078125,0.515625,0.23706331849098206,0.7304292917251587
71,17,5234084.png,1,ef03b0755ff2406f5349ffdcb61648049d41ec04d1e18d52bc8970b377ce233f,severe,389,505,98,127,0.5546875,0.515625,0.3005355894565582,0.7432525753974915
72,18,5234162.png,0,1031e9c762cce5b22d17a94a0b71154c085314df4140707eafb6fe33a0127ff1,clean,512,512,128,128,0.0,0.0,0.5519087314605713,0.8906158208847046
73,18,5234162.png,0,1031e9c762cce5b22d17a94a0b71154c085314df4140707eafb6fe33a0127ff1,mild,494,512,124,128,0.515625,0.4921875,0.4032791256904602,0.6835381984710693
74,18,5234162.png,0,1031e9c762cce5b22d17a94a0b71154c085314df4140707eafb6fe33a0127ff1,moderate,447,509,112,128,0.5,0.4765625,0.45328420400619507,0.7000834345817566
75,18,5234162.png,0,1031e9c762cce5b22d17a94a0b71154c085314df4140707eafb6fe33a0127ff1,severe,389,505,98,127,0.5546875,0.5703125,0.4714476466178894,0.6979511976242065
76,19,5234162.png,1,631a7ba0a6bc92cc280a958afb02376cc57fcedb92d3b199977fa6ff3f9da379,clean,512,512,128,128,0.0,0.0,0.538020670413971,0.888078510761261
77,19,5234162.png,1,631a7ba0a6bc92cc280a958afb02376cc57fcedb92d3b199977fa6ff3f9da379,mild,494,512,124,128,0.546875,0.5078125,0.4032791256904602,0.6835381984710693
78,19,5234162.png,1,631a7ba0a6bc92cc280a958afb02376cc57fcedb92d3b199977fa6ff3f9da379,moderate,447,509,112,128,0.484375,0.4609375,0.45328420400619507,0.7000834345817566
79,19,5234162.png,1,631a7ba0a6bc92cc280a958afb02376cc57fcedb92d3b199977fa6ff3f9da379,severe,389,505,98,127,0.4765625,0.4921875,0.471426784992218,0.6979929208755493
80,20,5234215.png,0,5027e7d734951cca4a78d5f782c0e46a1177c584161e936e0a49a3fa2f560684,clean,512,512,128,128,0.0,0.0,0.49994412064552307,0.8715150356292725
81,20,5234215.png,0,5027e7d734951cca4a78d5f782c0e46a1177c584161e936e0a49a3fa2f560684,mild,494,512,124,128,0.4921875,0.4609375,0.5028377175331116,0.6651852130889893
82,20,5234215.png,0,5027e7d734951cca4a78d5f782c0e46a1177c584161e936e0a49a3fa2f560684,moderate,447,509,112,128,0.5390625,0.5078125,0.5342671871185303,0.7195616960525513
83,20,5234215.png,0,5027e7d734951cca4a78d5f782c0e46a1177c584161e936e0a49a3fa2f560684,severe,389,505,98,127,0.515625,0.515625,0.4644715487957001,0.7069060802459717
84,21,5234215.png,1,96d42af75d4630341392893b7c991c6c3603ec84d82dff5a215f28efeb1138d9,clean,512,512,128,128,0.0,0.0,0.5375756025314331,0.8720533847808838
85,21,5234215.png,1,96d42af75d4630341392893b7c991c6c3603ec84d82dff5a215f28efeb1138d9,mild,494,512,124,128,0.4921875,0.4765625,0.5026558637619019,0.6648215651512146
86,21,5234215.png,1,96d42af75d4630341392893b7c991c6c3603ec84d82dff5a215f28efeb1138d9,moderate,447,509,112,128,0.5078125,0.515625,0.5311284065246582,0.7186103463172913
87,21,5234215.png,1,96d42af75d4630341392893b7c991c6c3603ec84d82dff5a215f28efeb1138d9,severe,389,505,98,127,0.53125,0.515625,0.4644715487957001,0.7069060802459717
88,22,5234269.png,0,395c5bbb903ea600104109c8d07b5741213a6263ae128c5cf4c12ef152832960,clean,512,512,128,128,0.34375,0.0,0.560125470161438,0.8466325998306274
89,22,5234269.png,0,395c5bbb903ea600104109c8d07b5741213a6263ae128c5cf4c12ef152832960,mild,494,512,124,128,0.59375,0.5859375,0.15328851342201233,0.7921785116195679
90,22,5234269.png,0,395c5bbb903ea600104109c8d07b5741213a6263ae128c5cf4c12ef152832960,moderate,447,509,112,128,0.5625,0.5625,0.13101691007614136,0.8093242049217224
91,22,5234269.png,0,395c5bbb903ea600104109c8d07b5741213a6263ae128c5cf4c12ef152832960,severe,389,505,98,127,0.53125,0.53125,0.1561252772808075,0.7960388660430908
92,23,5234269.png,1,240e85a318bbb21ef61df6b29067417b5580328ed60429b547bc378548388108,clean,512,512,128,128,0.3671875,0.0,0.5431758761405945,0.8457740545272827
93,23,5234269.png,1,240e85a318bbb21ef61df6b29067417b5580328ed60429b547bc378548388108,mild,494,512,124,128,0.53125,0.5390625,0.15364643931388855,0.7914627194404602
94,23,5234269.png,1,240e85a318bbb21ef61df6b29067417b5580328ed60429b547bc378548388108,moderate,447,509,112,128,0.5,0.5,0.13085681200027466,0.8096444010734558
95,23,5234269.png,1,240e85a318bbb21ef61df6b29067417b5580328ed60429b547bc378548388108,severe,389,505,98,127,0.5625,0.546875,0.15632955729961395,0.7956302762031555
96,24,5234270.png,0,2af8f5c434c8164ec62f107ad7959fe0e34858e7a0ac66e27997cfde25961d6e,clean,512,512,128,128,0.1953125,0.0,0.512615442276001,0.8499592542648315
97,24,5234270.png,0,2af8f5c434c8164ec62f107ad7959fe0e34858e7a0ac66e27997cfde25961d6e,mild,494,512,124,128,0.421875,0.40625,0.258688747882843,0.7314222455024719
98,24,5234270.png,0,2af8f5c434c8164ec62f107ad7959fe0e34858e7a0ac66e27997cfde25961d6e,moderate,447,509,112,128,0.5,0.5234375,0.21985378861427307,0.7821384072303772
99,24,5234270.png,0,2af8f5c434c8164ec62f107ad7959fe0e34858e7a0ac66e27997cfde25961d6e,severe,389,505,98,127,0.5078125,0.53125,0.2157156765460968,0.7832063436508179
100,25,5234270.png,1,a8b27f29fe3a45c4455b90a0ceec637986b6bc2fce9c9264f7aef4be3c30436c,clean,512,512,128,128,0.234375,0.0,0.5446730256080627,0.8567855358123779
101,25,5234270.png,1,a8b27f29fe3a45c4455b90a0ceec637986b6bc2fce9c9264f7aef4be3c30436c,mild,494,512,124,128,0.4921875,0.4921875,0.2575623393058777,0.7336751222610474
102,25,5234270.png,1,a8b27f29fe3a45c4455b90a0ceec637986b6bc2fce9c9264f7aef4be3c30436c,moderate,447,509,112,128,0.5078125,0.5234375,0.22467708587646484,0.7820844650268555
103,25,5234270.png,1,a8b27f29fe3a45c4455b90a0ceec637986b6bc2fce9c9264f7aef4be3c30436c,severe,389,505,98,127,0.53125,0.5390625,0.2157156765460968,0.7832063436508179
104,26,5234273.png,0,6f70ce33d61a0e22d0f7524525c6741a03b3fb7f674a530b1c2e9ca87a588557,clean,512,512,128,128,0.2734375,0.0078125,0.509642481803894,0.8353849649429321
105,26,5234273.png,0,6f70ce33d61a0e22d0f7524525c6741a03b3fb7f674a530b1c2e9ca87a588557,mild,494,512,124,128,0.53125,0.5546875,0.2067292481660843,0.7861171960830688
106,26,5234273.png,0,6f70ce33d61a0e22d0f7524525c6741a03b3fb7f674a530b1c2e9ca87a588557,moderate,447,509,112,128,0.46875,0.4453125,0.1786690056324005,0.7695944309234619
107,26,5234273.png,0,6f70ce33d61a0e22d0f7524525c6741a03b3fb7f674a530b1c2e9ca87a588557,severe,389,505,98,127,0.4609375,0.484375,0.2220384180545807,0.770907998085022
108,27,5234273.png,1,6559cb22ad82d0a4a3b71e5ba1777e187d35959f2d0c2526c0b80dc13e560f5c,clean,512,512,128,128,0.2421875,0.0,0.512784481048584,0.8414292931556702
109,27,5234273.png,1,6559cb22ad82d0a4a3b71e5ba1777e187d35959f2d0c2526c0b80dc13e560f5c,mild,494,512,124,128,0.5078125,0.515625,0.20626753568649292,0.7851938009262085
110,27,5234273.png,1,6559cb22ad82d0a4a3b71e5ba1777e187d35959f2d0c2526c0b80dc13e560f5c,moderate,447,509,112,128,0.5078125,0.53125,0.1785089075565338,0.7699146270751953
111,27,5234273.png,1,6559cb22ad82d0a4a3b71e5ba1777e187d35959f2d0c2526c0b80dc13e560f5c,severe,389,505,98,127,0.5,0.4921875,0.2220384180545807,0.770907998085022
112,28,5234277.png,0,34fce9703cd5f6a01091bb5f9f4cc1f7480ebc467bf66971f05936091f414692,clean,512,512,128,128,0.359375,0.0,0.5472019910812378,0.8501845598220825
113,28,5234277.png,0,34fce9703cd5f6a01091bb5f9f4cc1f7480ebc467bf66971f05936091f414692,mild,494,512,124,128,0.546875,0.5546875,0.1713862270116806,0.7786499261856079
114,28,5234277.png,0,34fce9703cd5f6a01091bb5f9f4cc1f7480ebc467bf66971f05936091f414692,moderate,447,509,112,128,0.515625,0.5234375,0.19438159465789795,0.7705823183059692
115,28,5234277.png,0,34fce9703cd5f6a01091bb5f9f4cc1f7480ebc467bf66971f05936091f414692,severe,389,505,98,127,0.5859375,0.578125,0.17229902744293213,0.8044235706329346
116,29,5234277.png,1,ef454f8b5c1fa9c1332daf30a4028a186d8bda3c58495ddc6c2f55937bff98af,clean,512,512,128,128,0.3046875,0.0,0.48055559396743774,0.8454655408859253
117,29,5234277.png,1,ef454f8b5c1fa9c1332daf30a4028a186d8bda3c58495ddc6c2f55937bff98af,mild,494,512,124,128,0.5,0.4765625,0.17091400921344757,0.779594361782074
118,29,5234277.png,1,ef454f8b5c1fa9c1332daf30a4028a186d8bda3c58495ddc6c2f55937bff98af,moderate,447,509,112,128,0.46875,0.4453125,0.1916690170764923,0.7760074138641357
119,29,5234277.png,1,ef454f8b5c1fa9c1332daf30a4028a186d8bda3c58495ddc6c2f55937bff98af,severe,389,505,98,127,0.4921875,0.484375,0.17209473252296448,0.8048321604728699
120,30,5234313.png,0,27dfba357383295b28718e4953d603bc21fcdbfcbaddef5689340cbb1cc76d1d,clean,512,512,128,128,0.0546875,0.0,0.5583789944648743,0.8670847415924072
121,30,5234313.png,0,27dfba357383295b28718e4953d603bc21fcdbfcbaddef5689340cbb1cc76d1d,mild,494,512,124,128,0.5703125,0.5703125,0.24988743662834167,0.749872088432312
122,30,5234313.png,0,27dfba357383295b28718e4953d603bc21fcdbfcbaddef5689340cbb1cc76d1d,moderate,447,509,112,128,0.5234375,0.5234375,0.19370213150978088,0.7629456520080566
123,30,5234313.png,0,27dfba357383295b28718e4953d603bc21fcdbfcbaddef5689340cbb1cc76d1d,severe,389,505,98,127,0.5390625,0.5625,0.22360001504421234,0.760198712348938
124,31,5234313.png,1,990d7fc0aba5120fdcd3ee0f57955dd6c134f4baa7a5511618d264062329c81b,clean,512,512,128,128,0.0625,0.0,0.5015295147895813,0.8682382106781006
125,31,5234313.png,1,990d7fc0aba5120fdcd3ee0f57955dd6c134f4baa7a5511618d264062329c81b,mild,494,512,124,128,0.4921875,0.5390625,0.24809686839580536,0.753453254699707
126,31,5234313.png,1,990d7fc0aba5120fdcd3ee0f57955dd6c134f4baa7a5511618d264062329c81b,moderate,447,509,112,128,0.5234375,0.5234375,0.19363704323768616,0.7628154754638672
127,31,5234313.png,1,990d7fc0aba5120fdcd3ee0f57955dd6c134f4baa7a5511618d264062329c81b,severe,389,505,98,127,0.4609375,0.4375,0.22360001504421234,0.760198712348938
128,32,5234366.png,0,9457c8bff17f7d8f6d8c46a5596b4f51c82a8d83208e82593f0d7ee115ebab79,clean,512,512,128,128,0.3984375,0.0,0.5296211242675781,0.8370899558067322
129,32,5234366.png,0,9457c8bff17f7d8f6d8c46a5596b4f51c82a8d83208e82593f0d7ee115ebab79,mild,494,512,124,128,0.546875,0.5546875,0.11635462194681168,0.8067899942398071
130,32,5234366.png,0,9457c8bff17f7d8f6d8c46a5596b4f51c82a8d83208e82593f0d7ee115ebab79,moderate,447,509,112,128,0.5234375,0.5078125,0.1436643749475479,0.7923734784126282
131,32,5234366.png,0,9457c8bff17f7d8f6d8c46a5596b4f51c82a8d83208e82593f0d7ee115ebab79,severe,389,505,98,127,0.53125,0.5078125,0.15884985029697418,0.8026371002197266
132,33,5234366.png,1,b8b69aa977e0b5312ccc850be78cc433d7bc2a1eec5b248e68f13d4c1edc3427,clean,512,512,128,128,0.375,0.0,0.4812278747558594,0.8340398073196411
133,33,5234366.png,1,b8b69aa977e0b5312ccc850be78cc433d7bc2a1eec5b248e68f13d4c1edc3427,mild,494,512,124,128,0.4609375,0.46875,0.1161860004067421,0.8071272373199463
134,33,5234366.png,1,b8b69aa977e0b5312ccc850be78cc433d7bc2a1eec5b248e68f13d4c1edc3427,moderate,447,509,112,128,0.46875,0.453125,0.14111191034317017,0.797478437423706
135,33,5234366.png,1,b8b69aa977e0b5312ccc850be78cc433d7bc2a1eec5b248e68f13d4c1edc3427,severe,389,505,98,127,0.4765625,0.46875,0.15864557027816772,0.8030456304550171
136,34,5234368.png,0,f3b58a2cfa56ddb41db2c25ffb593c7a315ae15a6de73c4dfa5cb2b0e8f5727f,clean,512,512,128,128,0.1640625,0.0,0.4601568579673767,0.8562369346618652
137,34,5234368.png,0,f3b58a2cfa56ddb41db2c25ffb593c7a315ae15a6de73c4dfa5cb2b0e8f5727f,mild,494,512,124,128,0.453125,0.4375,0.2106572389602661,0.7542962431907654
138,34,5234368.png,0,f3b58a2cfa56ddb41db2c25ffb593c7a315ae15a6de73c4dfa5cb2b0e8f5727f,moderate,447,509,112,128,0.5078125,0.53125,0.22642388939857483,0.7479575872421265
139,34,5234368.png,0,f3b58a2cfa56ddb41db2c25ffb593c7a315ae15a6de73c4dfa5cb2b0e8f5727f,severe,389,505,98,127,0.421875,0.421875,0.1927935928106308,0.7516535520553589
140,35,5234368.png,1,447d07d94a8ace917e6330943bc6a0ea0af48786a64e0ba3d1840da7821ec895,clean,512,512,128,128,0.2421875,0.0,0.5960664749145508,0.8632503747940063
141,35,5234368.png,1,447d07d94a8ace917e6330943bc6a0ea0af48786a64e0ba3d1840da7821ec895,mild,494,512,124,128,0.5546875,0.5390625,0.2106572389602661,0.7542962431907654
142,35,5234368.png,1,447d07d94a8ace917e6330943bc6a0ea0af48786a64e0ba3d1840da7821ec895,moderate,447,509,112,128,0.59375,0.609375,0.22343865036964417,0.7535539865493774
143,35,5234368.png,1,447d07d94a8ace917e6330943bc6a0ea0af48786a64e0ba3d1840da7821ec895,severe,389,505,98,127,0.5546875,0.5390625,0.1927935928106308,0.7516535520553589
144,36,5234369.png,0,946378672bde909bd113743a71b46727d6b63e0086834f7f73305573fcc3cc89,clean,512,512,128,128,0.2890625,0.0,0.4857242703437805,0.8362175226211548
145,36,5234369.png,0,946378672bde909bd113743a71b46727d6b63e0086834f7f73305573fcc3cc89,mild,494,512,124,128,0.4375,0.4296875,0.18797020614147186,0.7655100226402283
146,36,5234369.png,0,946378672bde909bd113743a71b46727d6b63e0086834f7f73305573fcc3cc89,moderate,447,509,112,128,0.4765625,0.484375,0.19034123420715332,0.7623463869094849
147,36,5234369.png,0,946378672bde909bd113743a71b46727d6b63e0086834f7f73305573fcc3cc89,severe,389,505,98,127,0.4765625,0.46875,0.19179266691207886,0.8001875877380371
148,37,5234369.png,1,40949fcec71509578930a1565ec61eae2d1d51fb2df9aca65c77fe80d89999e5,clean,512,512,128,128,0.3125,0.0,0.524315595626831,0.8339831233024597
149,37,5234369.png,1,40949fcec71509578930a1565ec61eae2d1d51fb2df9aca65c77fe80d89999e5,mild,494,512,124,128,0.5078125,0.515625,0.18731598556041718,0.7668184638023376
150,37,5234369.png,1,40949fcec71509578930a1565ec61eae2d1d51fb2df9aca65c77fe80d89999e5,moderate,447,509,112,128,0.453125,0.4609375,0.18926285207271576,0.7595492601394653
151,37,5234369.png,1,40949fcec71509578930a1565ec61eae2d1d51fb2df9aca65c77fe80d89999e5,severe,389,505,98,127,0.484375,0.4765625,0.19179266691207886,0.8001875877380371
152,38,5234370.png,0,431823646792ea801a7c83efd429fa3bfade45661586a1c95c8ee5e74308bb88,clean,512,512,128,128,0.2890625,0.0,0.45911771059036255,0.8344663977622986
153,38,5234370.png,0,431823646792ea801a7c83efd429fa3bfade45661586a1c95c8ee5e74308bb88,mild,494,512,124,128,0.453125,0.4609375,0.14659340679645538,0.7879866361618042
154,38,5234370.png,0,431823646792ea801a7c83efd429fa3bfade45661586a1c95c8ee5e74308bb88,moderate,447,509,112,128,0.515625,0.53125,0.16995775699615479,0.7885890603065491
155,38,5234370.png,0,431823646792ea801a7c83efd429fa3bfade45661586a1c95c8ee5e74308bb88,severe,389,505,98,127,0.4765625,0.4765625,0.2301846593618393,0.7668733596801758
156,39,5234370.png,1,96aecb1b0e35c4ce8af32036b5ea3846d5327178c3eaffbd56a577a7024b70c6,clean,512,512,128,128,0.375,0.0,0.5520802736282349,0.8338445425033569
157,39,5234370.png,1,96aecb1b0e35c4ce8af32036b5ea3846d5327178c3eaffbd56a577a7024b70c6,mild,494,512,124,128,0.5390625,0.515625,0.14878836274147034,0.7849341034889221
158,39,5234370.png,1,96aecb1b0e35c4ce8af32036b5ea3846d5327178c3eaffbd56a577a7024b70c6,moderate,447,509,112,128,0.5,0.515625,0.17152594029903412,0.7910850048065186
159,39,5234370.png,1,96aecb1b0e35c4ce8af32036b5ea3846d5327178c3eaffbd56a577a7024b70c6,severe,389,505,98,127,0.5078125,0.5078125,0.2301846593618393,0.7668733596801758
160,40,5234371.png,0,db16897b4aa7b8a8a4fd05985d094d978b24c8da0b792598dfaa57f3a2c0b8e9,clean,512,512,128,128,0.3359375,0.0,0.5304047465324402,0.8412835597991943
161,40,5234371.png,0,db16897b4aa7b8a8a4fd05985d094d978b24c8da0b792598dfaa57f3a2c0b8e9,mild,494,512,124,128,0.4765625,0.4765625,0.20884674787521362,0.791145920753479
162,40,5234371.png,0,db16897b4aa7b8a8a4fd05985d094d978b24c8da0b792598dfaa57f3a2c0b8e9,moderate,447,509,112,128,0.4765625,0.4921875,0.1694464087486267,0.764897882938385
163,40,5234371.png,0,db16897b4aa7b8a8a4fd05985d094d978b24c8da0b792598dfaa57f3a2c0b8e9,severe,389,505,98,127,0.5703125,0.5703125,0.1995348334312439,0.784550130367279
164,41,5234371.png,1,c66ff019326b7cca3b8e7bb6b55065311017cc1ffd03dbcfc647191a467f987e,clean,512,512,128,128,0.2890625,0.0,0.46543729305267334,0.8408383131027222
165,41,5234371.png,1,c66ff019326b7cca3b8e7bb6b55065311017cc1ffd03dbcfc647191a467f987e,mild,494,512,124,128,0.5078125,0.5078125,0.21106797456741333,0.7867034673690796
166,41,5234371.png,1,c66ff019326b7cca3b8e7bb6b55065311017cc1ffd03dbcfc647191a467f987e,moderate,447,509,112,128,0.4140625,0.4296875,0.1694464087486267,0.764897882938385
167,41,5234371.png,1,c66ff019326b7cca3b8e7bb6b55065311017cc1ffd03dbcfc647191a467f987e,severe,389,505,98,127,0.4609375,0.4609375,0.19933055341243744,0.7849587202072144
168,42,5234372.png,0,3d5143201c8903d1b63038ee680d8e7d78a6898300ad12f0732574e65d5741ca,clean,512,512,128,128,0.4375,0.0078125,0.5299634337425232,0.8329299688339233
169,42,5234372.png,0,3d5143201c8903d1b63038ee680d8e7d78a6898300ad12f0732574e65d5741ca,mild,494,512,124,128,0.5234375,0.5234375,0.1938406229019165,0.7803022861480713
170,42,5234372.png,0,3d5143201c8903d1b63038ee680d8e7d78a6898300ad12f0732574e65d5741ca,moderate,447,509,112,128,0.53125,0.53125,0.13979920744895935,0.7930071353912354
171,42,5234372.png,0,3d5143201c8903d1b63038ee680d8e7d78a6898300ad12f0732574e65d5741ca,severe,389,505,98,127,0.5703125,0.5546875,0.20840872824192047,0.7804566621780396
172,43,5234372.png,1,d1b1216edb6a1ad65b3c97f7d6100371643614aa0da9c32b07706bd1b4dffa0a,clean,512,512,128,128,0.4296875,0.0,0.5619271993637085,0.8419771194458008
173,43,5234372.png,1,d1b1216edb6a1ad65b3c97f7d6100371643614aa0da9c32b07706bd1b4dffa0a,mild,494,512,124,128,0.546875,0.546875,0.19330643117427826,0.7813706398010254
174,43,5234372.png,1,d1b1216edb6a1ad65b3c97f7d6100371643614aa0da9c32b07706bd1b4dffa0a,moderate,447,509,112,128,0.5390625,0.5390625,0.14011940360069275,0.7923667430877686
175,43,5234372.png,1,d1b1216edb6a1ad65b3c97f7d6100371643614aa0da9c32b07706bd1b4dffa0a,severe,389,505,98,127,0.515625,0.5,0.20840872824192047,0.7804566621780396
176,44,5234373.png,0,91940efdb8e50dda66ad5af343fc6e5bce8fcc1f371e77170e1fd49f6fb0817c,clean,512,512,128,128,0.2890625,0.0,0.4424864649772644,0.8399438858032227
177,44,5234373.png,0,91940efdb8e50dda66ad5af343fc6e5bce8fcc1f371e77170e1fd49f6fb0817c,mild,494,512,124,128,0.4296875,0.421875,0.12509748339653015,0.8058391809463501
178,44,5234373.png,0,91940efdb8e50dda66ad5af343fc6e5bce8fcc1f371e77170e1fd49f6fb0817c,moderate,447,509,112,128,0.421875,0.421875,0.12772992253303528,0.7994444370269775
179,44,5234373.png,0,91940efdb8e50dda66ad5af343fc6e5bce8fcc1f371e77170e1fd49f6fb0817c,severe,389,505,98,127,0.421875,0.421875,0.16135017573833466,0.7917237281799316
180,45,5234373.png,1,624dc1a50a80bb7ff86bf4cddd9a65ed97c2869d2b965b9d35cdebf0b7dd531b,clean,512,512,128,128,0.4140625,0.0,0.5586385130882263,0.8406192064285278
181,45,5234373.png,1,624dc1a50a80bb7ff86bf4cddd9a65ed97c2869d2b965b9d35cdebf0b7dd531b,mild,494,512,124,128,0.5546875,0.5625,0.12509748339653015,0.8058391809463501
182,45,5234373.png,1,624dc1a50a80bb7ff86bf4cddd9a65ed97c2869d2b965b9d35cdebf0b7dd531b,moderate,447,509,112,128,0.546875,0.53125,0.12756982445716858,0.7997646331787109
183,45,5234373.png,1,624dc1a50a80bb7ff86bf4cddd9a65ed97c2869d2b965b9d35cdebf0b7dd531b,severe,389,505,98,127,0.546875,0.5625,0.1611458957195282,0.7921323180198669
184,46,5234374.png,0,f7d3b999f5b1593a618fb060849a474e5d29acbdabbe3d7c5a64885457e1e63f,clean,512,512,128,128,0.5234375,0.0,0.5560134649276733,0.832756519317627
185,46,5234374.png,0,f7d3b999f5b1593a618fb060849a474e5d29acbdabbe3d7c5a64885457e1e63f,mild,494,512,124,128,0.5625,0.5625,0.1178273856639862,0.8013415336608887
186,46,5234374.png,0,f7d3b999f5b1593a618fb060849a474e5d29acbdabbe3d7c5a64885457e1e63f,moderate,447,509,112,128,0.59375,0.59375,0.15196740627288818,0.8242833614349365
187,46,5234374.png,0,f7d3b999f5b1593a618fb060849a474e5d29acbdabbe3d7c5a64885457e1e63f,severe,389,505,98,127,0.5546875,0.5390625,0.15346667170524597,0.7961382865905762
188,47,5234374.png,1,31ac56b53eff50b8af32a21b7594bb14d3a2be94f9088ce8f4f4057e9ccb3a53,clean,512,512,128,128,0.390625,0.0,0.4613927900791168,0.8336332440376282
189,47,5234374.png,1,31ac56b53eff50b8af32a21b7594bb14d3a2be94f9088ce8f4f4057e9ccb3a53,mild,494,512,124,128,0.4375,0.4375,0.1184816062450409,0.8000330924987793
190,47,5234374.png,1,31ac56b53eff50b8af32a21b7594bb14d3a2be94f9088ce8f4f4057e9ccb3a53,moderate,447,509,112,128,0.46875,0.46875,0.15467996895313263,0.81885826587677
191,47,5234374.png,1,31ac56b53eff50b8af32a21b7594bb14d3a2be94f9088ce8f4f4057e9ccb3a53,severe,389,505,98,127,0.4453125,0.4609375,0.15346667170524597,0.7961382865905762
192,48,5234375.png,0,ad7a47636c91f6d9441da593bd2f47fa66a541e07ac1949689fc3d722ceb9109,clean,512,512,128,128,0.0078125,0.0,0.5439893007278442,0.8794052600860596
193,48,5234375.png,0,ad7a47636c91f6d9441da593bd2f47fa66a541e07ac1949689fc3d722ceb9109,mild,494,512,124,128,0.53125,0.5234375,0.233201265335083,0.7503103017807007
194,48,5234375.png,0,ad7a47636c91f6d9441da593bd2f47fa66a541e07ac1949689fc3d722ceb9109,moderate,447,509,112,128,0.5703125,0.5703125,0.2491188645362854,0.7308619022369385
195,48,5234375.png,0,ad7a47636c91f6d9441da593bd2f47fa66a541e07ac1949689fc3d722ceb9109,severe,389,505,98,127,0.4453125,0.4609375,0.18955324590206146,0.7898763418197632
196,49,5234375.png,1,a199420e71da194996031a89ac2677baea331344f7226d130c846e51a47f116f,clean,512,512,128,128,0.0,0.0,0.5429097414016724,0.876644492149353
197,49,5234375.png,1,a199420e71da194996031a89ac2677baea331344f7226d130c846e51a47f116f,mild,494,512,124,128,0.546875,0.5234375,0.23267680406570435,0.7513591647148132
198,49,5234375.png,1,a199420e71da194996031a89ac2677baea331344f7226d130c846e51a47f116f,moderate,447,509,112,128,0.4921875,0.4765625,0.2520955801010132,0.7249084711074829
199,49,5234375.png,1,a199420e71da194996031a89ac2677baea331344f7226d130c846e51a47f116f,severe,389,505,98,127,0.4609375,0.4609375,0.18965460360050201,0.7896736860275269
200,50,5235108.png,0,dc847af0a17d34357728b33daca031fb5beffce01422bac56bc8a494026a2f4b,clean,512,512,128,128,0.171875,0.0,0.5582447052001953,0.8697097301483154
201,50,5235108.png,0,dc847af0a17d34357728b33daca031fb5beffce01422bac56bc8a494026a2f4b,mild,494,512,124,128,0.5546875,0.5234375,0.28791099786758423,0.7534847259521484
202,50,5235108.png,0,dc847af0a17d34357728b33daca031fb5beffce01422bac56bc8a494026a2f4b,moderate,447,509,112,128,0.5,0.4765625,0.25766491889953613,0.7558726072311401
203,50,5235108.png,0,dc847af0a17d34357728b33daca031fb5beffce01422bac56bc8a494026a2f4b,severe,389,505,98,127,0.5,0.5078125,0.24493710696697235,0.7295800447463989
204,51,5235108.png,1,f7b3b2d0a70b247c78f5b2d14bb8708bb0171a33651dcb092856e3d6bcaa7b1c,clean,512,512,128,128,0.171875,0.0,0.5413693785667419,0.877636194229126
205,51,5235108.png,1,f7b3b2d0a70b247c78f5b2d14bb8708bb0171a33651dcb092856e3d6bcaa7b1c,mild,494,512,124,128,0.5078125,0.4765625,0.29013222455978394,0.749042272567749
206,51,5235108.png,1,f7b3b2d0a70b247c78f5b2d14bb8708bb0171a33651dcb092856e3d6bcaa7b1c,moderate,447,509,112,128,0.515625,0.4765625,0.25750482082366943,0.7561928033828735
207,51,5235108.png,1,f7b3b2d0a70b247c78f5b2d14bb8708bb0171a33651dcb092856e3d6bcaa7b1c,severe,389,505,98,127,0.546875,0.4921875,0.24493710696697235,0.7295800447463989
208,52,5235401.png,0,4150a45e8c19f4e70827f10b3ec878a432402d2166385b0d03eba34733220f52,clean,512,512,128,128,0.2421875,0.0,0.4264124929904938,0.8385260105133057
209,52,5235401.png,0,4150a45e8c19f4e70827f10b3ec878a432402d2166385b0d03eba34733220f52,mild,494,512,124,128,0.3671875,0.3671875,0.1981954574584961,0.789795994758606
210,52,5235401.png,0,4150a45e8c19f4e70827f10b3ec878a432402d2166385b0d03eba34733220f52,moderate,447,509,112,128,0.421875,0.4375,0.1988345980644226,0.7946594953536987
211,52,5235401.png,0,4150a45e8c19f4e70827f10b3ec878a432402d2166385b0d03eba34733220f52,severe,389,505,98,127,0.421875,0.453125,0.22197425365447998,0.7888290882110596
212,53,5235401.png,1,32042fb87d42fcb6a5b963b720555bd63999675f862619d6ac84b33882d91bb6,clean,512,512,128,128,0.3828125,0.0,0.4954761266708374,0.8418849110603333
213,53,5235401.png,1,32042fb87d42fcb6a5b963b720555bd63999675f862619d6ac84b33882d91bb6,mild,494,512,124,128,0.515625,0.515625,0.1975412368774414,0.7911044359207153
214,53,5235401.png,1,32042fb87d42fcb6a5b963b720555bd63999675f862619d6ac84b33882d91bb6,moderate,447,509,112,128,0.4453125,0.4609375,0.1988345980644226,0.7946594953536987
215,53,5235401.png,1,32042fb87d42fcb6a5b963b720555bd63999675f862619d6ac84b33882d91bb6,severe,389,505,98,127,0.4765625,0.4609375,0.22197425365447998,0.7888290882110596
216,54,5235405.png,0,7dd67fe191d2a4edf713500af45096f1c315f456e561257597850a075e7c2d39,clean,512,512,128,128,0.28125,0.0,0.519410252571106,0.8578639030456543
217,54,5235405.png,0,7dd67fe191d2a4edf713500af45096f1c315f456e561257597850a075e7c2d39,mild,494,512,124,128,0.4453125,0.4453125,0.28881946206092834,0.7809486389160156
218,54,5235405.png,0,7dd67fe191d2a4edf713500af45096f1c315f456e561257597850a075e7c2d39,moderate,447,509,112,128,0.578125,0.5625,0.2576151490211487,0.7698899507522583
219,54,5235405.png,0,7dd67fe191d2a4edf713500af45096f1c315f456e561257597850a075e7c2d39,severe,389,505,98,127,0.5234375,0.546875,0.31427818536758423,0.740594744682312
220,55,5235405.png,1,f00f377ce316883061272ea6cd1b370b1dc7a4b6f39ec66cbd684f811f302f96,clean,512,512,128,128,0.3046875,0.0,0.5514178276062012,0.8534215688705444
221,55,5235405.png,1,f00f377ce316883061272ea6cd1b370b1dc7a4b6f39ec66cbd684f811f302f96,mild,494,512,124,128,0.5625,0.546875,0.28890952467918396,0.7807685136795044
222,55,5235405.png,1,f00f377ce316883061272ea6cd1b370b1dc7a4b6f39ec66cbd684f811f302f96,moderate,447,509,112,128,0.453125,0.4296875,0.256203830242157,0.7670673131942749
223,55,5235405.png,1,f00f377ce316883061272ea6cd1b370b1dc7a4b6f39ec66cbd684f811f302f96,severe,389,505,98,127,0.5,0.4765625,0.31427818536758423,0.740594744682312
224,56,5235420.png,0,8a35c1e8e1c8a3f726ebe79a3d61d273a8e381029cab29a3233f4783ae5fef0a,clean,512,512,128,128,0.125,0.0,0.5322515368461609,0.8399657011032104
225,56,5235420.png,0,8a35c1e8e1c8a3f726ebe79a3d61d273a8e381029cab29a3233f4783ae5fef0a,mild,494,512,124,128,0.4765625,0.4921875,0.28736579418182373,0.7178294658660889
226,56,5235420.png,0,8a35c1e8e1c8a3f726ebe79a3d61d273a8e381029cab29a3233f4783ae5fef0a,moderate,447,509,112,128,0.4453125,0.40625,0.306944340467453,0.745017409324646
227,56,5235420.png,0,8a35c1e8e1c8a3f726ebe79a3d61d273a8e381029cab29a3233f4783ae5fef0a,severe,389,505,98,127,0.5078125,0.5234375,0.3340409994125366,0.7291172742843628
228,57,5235420.png,1,031247de08494eff491a20f2924f8c80d98d498231dcd98cfd3f48b9f9c587da,clean,512,512,128,128,0.2109375,0.0,0.503839910030365,0.8439814448356628
229,57,5235420.png,1,031247de08494eff491a20f2924f8c80d98d498231dcd98cfd3f48b9f9c587da,mild,494,512,124,128,0.515625,0.515625,0.2868771255016327,0.7188068628311157
230,57,5235420.png,1,031247de08494eff491a20f2924f8c80d98d498231dcd98cfd3f48b9f9c587da,moderate,447,509,112,128,0.5390625,0.546875,0.3104761838912964,0.7484139204025269
231,57,5235420.png,1,031247de08494eff491a20f2924f8c80d98d498231dcd98cfd3f48b9f9c587da,severe,389,505,98,127,0.578125,0.5625,0.3340409994125366,0.7291172742843628
232,58,5235474.png,0,6eb9462e6101a63767a8f2ea9eb41d6e0cba4f6c610ff2ce2851614e687f6c60,clean,512,512,128,128,0.2109375,0.0,0.4768550395965576,0.8363449573516846
233,58,5235474.png,0,6eb9462e6101a63767a8f2ea9eb41d6e0cba4f6c610ff2ce2851614e687f6c60,mild,494,512,124,128,0.484375,0.4765625,0.2600032687187195,0.750140368938446
234,58,5235474.png,0,6eb9462e6101a63767a8f2ea9eb41d6e0cba4f6c610ff2ce2851614e687f6c60,moderate,447,509,112,128,0.5390625,0.5234375,0.21595892310142517,0.7573491930961609
235,58,5235474.png,0,6eb9462e6101a63767a8f2ea9eb41d6e0cba4f6c610ff2ce2851614e687f6c60,severe,389,505,98,127,0.4765625,0.453125,0.23755240440368652,0.7416239976882935
236,59,5235474.png,1,e982dd16344d839aef885b2e5098704e829a733a886143c3e992ccf67b3ffb7d,clean,512,512,128,128,0.25,0.0,0.5453137755393982,0.8434774279594421
237,59,5235474.png,1,e982dd16344d839aef885b2e5098704e829a733a886143c3e992ccf67b3ffb7d,mild,494,512,124,128,0.515625,0.5078125,0.2600032687187195,0.750140368938446
238,59,5235474.png,1,e982dd16344d839aef885b2e5098704e829a733a886143c3e992ccf67b3ffb7d,moderate,447,509,112,128,0.5546875,0.5546875,0.21595892310142517,0.7573491930961609
239,59,5235474.png,1,e982dd16344d839aef885b2e5098704e829a733a886143c3e992ccf67b3ffb7d,severe,389,505,98,127,0.5390625,0.5625,0.2377738505601883,0.7411811351776123
240,60,5236242.png,0,3c4ae95b5e8046bc242dc9f64b7a816c2902c5018efa14274976ce1dca8d3661,clean,512,512,128,128,0.0,0.0,0.5368847846984863,0.8880574107170105
241,60,5236242.png,0,3c4ae95b5e8046bc242dc9f64b7a816c2902c5018efa14274976ce1dca8d3661,mild,494,512,124,128,0.484375,0.484375,0.3923494517803192,0.6833275556564331
242,60,5236242.png,0,3c4ae95b5e8046bc242dc9f64b7a816c2902c5018efa14274976ce1dca8d3661,moderate,447,509,112,128,0.546875,0.484375,0.43100303411483765,0.6669002175331116
243,60,5236242.png,0,3c4ae95b5e8046bc242dc9f64b7a816c2902c5018efa14274976ce1dca8d3661,severe,389,505,98,127,0.5,0.5078125,0.4082165062427521,0.6747130155563354
244,61,5236242.png,1,55fe853bea1005277c5e21b370a53cf77f474e7458f441bef7d63d8f6455375a,clean,512,512,128,128,0.0,0.0,0.5011554956436157,0.8765669465065002
245,61,5236242.png,1,55fe853bea1005277c5e21b370a53cf77f474e7458f441bef7d63d8f6455375a,mild,494,512,124,128,0.4765625,0.4765625,0.3923494517803192,0.6833275556564331
246,61,5236242.png,1,55fe853bea1005277c5e21b370a53cf77f474e7458f441bef7d63d8f6455375a,moderate,447,509,112,128,0.4609375,0.53125,0.42704907059669495,0.6625155806541443
247,61,5236242.png,1,55fe853bea1005277c5e21b370a53cf77f474e7458f441bef7d63d8f6455375a,severe,389,505,98,127,0.515625,0.5078125,0.40932902693748474,0.6744359135627747
248,62,5236261.png,0,8e694dcf543849fdf63e81bc4778186c0abb178b315f728ab82883ed64fff6dc,clean,512,512,128,128,0.09375,0.0,0.5532540678977966,0.8747382760047913
249,62,5236261.png,0,8e694dcf543849fdf63e81bc4778186c0abb178b315f728ab82883ed64fff6dc,mild,494,512,124,128,0.5234375,0.5234375,0.4046439826488495,0.704653263092041
250,62,5236261.png,0,8e694dcf543849fdf63e81bc4778186c0abb178b315f728ab82883ed64fff6dc,moderate,447,509,112,128,0.5546875,0.546875,0.4108712375164032,0.7163916826248169
251,62,5236261.png,0,8e694dcf543849fdf63e81bc4778186c0abb178b315f728ab82883ed64fff6dc,severe,389,505,98,127,0.5234375,0.515625,0.421927273273468,0.6775161623954773
252,63,5236261.png,1,a89f61e169e91da083648a228d3e149475db75e05d935ea5151283c13cd66a2a,clean,512,512,128,128,0.078125,0.0,0.4634243845939636,0.8700573444366455
253,63,5236261.png,1,a89f61e169e91da083648a228d3e149475db75e05d935ea5151283c13cd66a2a,mild,494,512,124,128,0.46875,0.484375,0.4046439826488495,0.704653263092041
254,63,5236261.png,1,a89f61e169e91da083648a228d3e149475db75e05d935ea5151283c13cd66a2a,moderate,447,509,112,128,0.4375,0.46875,0.4151408076286316,0.7196046113967896
255,63,5236261.png,1,a89f61e169e91da083648a228d3e149475db75e05d935ea5151283c13cd66a2a,severe,389,505,98,127,0.4296875,0.4765625,0.4230038523674011,0.6800746917724609
256,64,5236424.png,0,3aa9b58e9d7feb21bfec8d2c621e903db8ffd9dfde7f9cdf0687e351c46f3d74,clean,512,512,128,128,0.0078125,0.0,0.4758596420288086,0.8723639249801636
257,64,5236424.png,0,3aa9b58e9d7feb21bfec8d2c621e903db8ffd9dfde7f9cdf0687e351c46f3d74,mild,494,512,124,128,0.5,0.484375,0.42544054985046387,0.7366446256637573
258,64,5236424.png,0,3aa9b58e9d7feb21bfec8d2c621e903db8ffd9dfde7f9cdf0687e351c46f3d74,moderate,447,509,112,128,0.4375,0.4375,0.43886178731918335,0.7319103479385376
259,64,5236424.png,0,3aa9b58e9d7feb21bfec8d2c621e903db8ffd9dfde7f9cdf0687e351c46f3d74,severe,389,505,98,127,0.53125,0.5390625,0.3812639117240906,0.7377942800521851
260,65,5236424.png,1,c1796d89164ec77fde28067e8b11ca365323a00062ec501e1cce7bfcd12ec313,clean,512,512,128,128,0.0,0.0,0.5487949848175049,0.8885098099708557
261,65,5236424.png,1,c1796d89164ec77fde28067e8b11ca365323a00062ec501e1cce7bfcd12ec313,mild,494,512,124,128,0.578125,0.5625,0.42594292759895325,0.7356398701667786
262,65,5236424.png,1,c1796d89164ec77fde28067e8b11ca365323a00062ec501e1cce7bfcd12ec313,moderate,447,509,112,128,0.5078125,0.5078125,0.4419427514076233,0.7278199195861816
263,65,5236424.png,1,c1796d89164ec77fde28067e8b11ca365323a00062ec501e1cce7bfcd12ec313,severe,389,505,98,127,0.53125,0.5234375,0.3812639117240906,0.7377942800521851
264,66,5236602.png,0,51fed358940ce5971e1908516007a37b1ba1c2e23d574da0e0f72ffaad062c22,clean,512,512,128,128,0.0,0.0,0.537177562713623,0.8914493322372437
265,66,5236602.png,0,51fed358940ce5971e1908516007a37b1ba1c2e23d574da0e0f72ffaad062c22,mild,494,512,124,128,0.5625,0.5390625,0.5067399740219116,0.6879072189331055
266,66,5236602.png,0,51fed358940ce5971e1908516007a37b1ba1c2e23d574da0e0f72ffaad062c22,moderate,447,509,112,128,0.5390625,0.484375,0.47407519817352295,0.6508675217628479
267,66,5236602.png,0,51fed358940ce5971e1908516007a37b1ba1c2e23d574da0e0f72ffaad062c22,severe,389,505,98,127,0.453125,0.453125,0.4606318473815918,0.7086803913116455
268,67,5236602.png,1,6368d68729754069714488eb929c5200226d9d569b4a7f724de343cd3b2b8b62,clean,512,512,128,128,0.0,0.0,0.5535954236984253,0.8843203783035278
269,67,5236602.png,1,6368d68729754069714488eb929c5200226d9d569b4a7f724de343cd3b2b8b62,mild,494,512,124,128,0.5,0.4609375,0.5067399740219116,0.6879072189331055
270,67,5236602.png,1,6368d68729754069714488eb929c5200226d9d569b4a7f724de343cd3b2b8b62,moderate,447,509,112,128,0.5859375,0.546875,0.473799467086792,0.651418924331665
271,67,5236602.png,1,6368d68729754069714488eb929c5200226d9d569b4a7f724de343cd3b2b8b62,severe,389,505,98,127,0.53125,0.515625,0.4606318473815918,0.7086803913116455
272,68,5237268.png,0,0bda64e37d6ab586a57591ab7b47963e6f18d3fc2591b94631873abdd0694136,clean,512,512,128,128,0.421875,0.0,0.5231895446777344,0.8330670595169067
273,68,5237268.png,0,0bda64e37d6ab586a57591ab7b47963e6f18d3fc2591b94631873abdd0694136,mild,494,512,124,128,0.515625,0.546875,0.20564913749694824,0.7658048868179321
274,68,5237268.png,0,0bda64e37d6ab586a57591ab7b47963e6f18d3fc2591b94631873abdd0694136,moderate,447,509,112,128,0.4921875,0.484375,0.1718253195285797,0.7656254768371582
275,68,5237268.png,0,0bda64e37d6ab586a57591ab7b47963e6f18d3fc2591b94631873abdd0694136,severe,389,505,98,127,0.53125,0.515625,0.20422795414924622,0.7751244306564331
276,69,5237268.png,1,c326409afc885a947df984d48437d7ae4e76cdcfaf251f1dc51642cde3009775,clean,512,512,128,128,0.359375,0.0,0.5262166857719421,0.8356744647026062
277,69,5237268.png,1,c326409afc885a947df984d48437d7ae4e76cdcfaf251f1dc51642cde3009775,mild,494,512,124,128,0.5390625,0.5546875,0.2059527337551117,0.7651976346969604
278,69,5237268.png,1,c326409afc885a947df984d48437d7ae4e76cdcfaf251f1dc51642cde3009775,moderate,447,509,112,128,0.59375,0.6015625,0.171665221452713,0.7659456729888916
279,69,5237268.png,1,c326409afc885a947df984d48437d7ae4e76cdcfaf251f1dc51642cde3009775,severe,389,505,98,127,0.4921875,0.4765625,0.20443223416805267,0.7747158408164978
280,70,5237579.png,0,5b2c973956706f249b209d8fb67d76c4082ffb0b2ba184a6d51721fa34b98f8c,clean,512,512,128,128,0.0,0.0,0.5696750283241272,0.888773500919342
281,70,5237579.png,0,5b2c973956706f249b209d8fb67d76c4082ffb0b2ba184a6d51721fa34b98f8c,mild,494,512,124,128,0.546875,0.5390625,0.3811878263950348,0.696434736251831
282,70,5237579.png,0,5b2c973956706f249b209d8fb67d76c4082ffb0b2ba184a6d51721fa34b98f8c,moderate,447,509,112,128,0.4765625,0.4296875,0.3983525037765503,0.736956000328064
283,70,5237579.png,0,5b2c973956706f249b209d8fb67d76c4082ffb0b2ba184a6d51721fa34b98f8c,severe,389,505,98,127,0.5,0.4921875,0.43326887488365173,0.6576477289199829
284,71,5237579.png,1,504120a2b90911eccd45721c5c9f3cac59e2ee0655fc2537250057fc1d88fa0f,clean,512,512,128,128,0.0,0.0,0.5103811025619507,0.8753299713134766
285,71,5237579.png,1,504120a2b90911eccd45721c5c9f3cac59e2ee0655fc2537250057fc1d88fa0f,mild,494,512,124,128,0.4921875,0.5,0.3808615505695343,0.697087287902832
286,71,5237579.png,1,504120a2b90911eccd45721c5c9f3cac59e2ee0655fc2537250057fc1d88fa0f,moderate,447,509,112,128,0.5078125,0.5078125,0.3979578912258148,0.7385848760604858
287,71,5237579.png,1,504120a2b90911eccd45721c5c9f3cac59e2ee0655fc2537250057fc1d88fa0f,severe,389,505,98,127,0.4921875,0.53125,0.43336251378059387,0.6574603915214539
288,72,5237580.png,0,b5b5347f510052a2e11a8b3654f67cac29331891b1f14d51db7636f234470d45,clean,512,512,128,128,0.0,0.0,0.5060468912124634,0.8630841970443726
289,72,5237580.png,0,b5b5347f510052a2e11a8b3654f67cac29331891b1f14d51db7636f234470d45,mild,494,512,124,128,0.5234375,0.5234375,0.36136001348495483,0.7234348058700562
290,72,5237580.png,0,b5b5347f510052a2e11a8b3654f67cac29331891b1f14d51db7636f234470d45,moderate,447,509,112,128,0.46875,0.53125,0.4260743260383606,0.6619846820831299
291,72,5237580.png,0,b5b5347f510052a2e11a8b3654f67cac29331891b1f14d51db7636f234470d45,severe,389,505,98,127,0.5234375,0.515625,0.45410779118537903,0.7266315221786499
292,73,5237580.png,1,bf02af43e7982e510796f24804f1efc059a89f554e3e71ae77be8a4375b32bc4,clean,512,512,128,128,0.0,0.0,0.5370591878890991,0.8779128193855286
293,73,5237580.png,1,bf02af43e7982e510796f24804f1efc059a89f554e3e71ae77be8a4375b32bc4,mild,494,512,124,128,0.5,0.5,0.36143943667411804,0.723275899887085
294,73,5237580.png,1,bf02af43e7982e510796f24804f1efc059a89f554e3e71ae77be8a4375b32bc4,moderate,447,509,112,128,0.5078125,0.4453125,0.42784416675567627,0.6677309274673462
295,73,5237580.png,1,bf02af43e7982e510796f24804f1efc059a89f554e3e71ae77be8a4375b32bc4,severe,389,505,98,127,0.5,0.484375,0.45512115955352783,0.7286176681518555
296,74,5237785.png,0,518c1a6c576a712c30b719bf7cf0f27cbb9e3dbe52b701ac2d51270a7ef8240a,clean,512,512,128,128,0.015625,0.0,0.5133922100067139,0.8809217214584351
297,74,5237785.png,0,518c1a6c576a712c30b719bf7cf0f27cbb9e3dbe52b701ac2d51270a7ef8240a,mild,494,512,124,128,0.4609375,0.4453125,0.32726356387138367,0.7742097973823547
298,74,5237785.png,0,518c1a6c576a712c30b719bf7cf0f27cbb9e3dbe52b701ac2d51270a7ef8240a,moderate,447,509,112,128,0.5,0.5078125,0.30890214443206787,0.748336911201477
299,74,5237785.png,0,518c1a6c576a712c30b719bf7cf0f27cbb9e3dbe52b701ac2d51270a7ef8240a,severe,389,505,98,127,0.5,0.484375,0.3099438548088074,0.7197107076644897
300,75,5237785.png,1,0aae0040f89f1cb23ef603900d9bbb3f12a76a81a5b3e7d1486645b936a189f1,clean,512,512,128,128,0.0234375,0.0,0.5349123477935791,0.8804959654808044
301,75,5237785.png,1,0aae0040f89f1cb23ef603900d9bbb3f12a76a81a5b3e7d1486645b936a189f1,mild,494,512,124,128,0.515625,0.5,0.330043226480484,0.768650472164154
302,75,5237785.png,1,0aae0040f89f1cb23ef603900d9bbb3f12a76a81a5b3e7d1486645b936a189f1,moderate,447,509,112,128,0.5234375,0.484375,0.30906224250793457,0.7480167150497437
303,75,5237785.png,1,0aae0040f89f1cb23ef603900d9bbb3f12a76a81a5b3e7d1486645b936a189f1,severe,389,505,98,127,0.5859375,0.5859375,0.3099438548088074,0.7197107076644897
304,76,5238012.png,0,786dae259742205b9944a576a74584985d7070a3bfe11847fc7c1c7e795f3ded,clean,512,512,128,128,0.0,0.0,0.5312057733535767,0.8974027633666992
305,76,5238012.png,0,786dae259742205b9944a576a74584985d7070a3bfe11847fc7c1c7e795f3ded,mild,494,512,124,128,0.4921875,0.484375,0.35796231031417847,0.6720556616783142
306,76,5238012.png,0,786dae259742205b9944a576a74584985d7070a3bfe11847fc7c1c7e795f3ded,moderate,447,509,112,128,0.484375,0.5,0.34817177057266235,0.6982406377792358
307,76,5238012.png,0,786dae259742205b9944a576a74584985d7070a3bfe11847fc7c1c7e795f3ded,severe,389,505,98,127,0.5390625,0.5390625,0.3629041910171509,0.687023401260376
308,77,5238012.png,1,c40d4e5c766c30727533846a0898cc2a19f20abbe0d0ff6f25b863eaa3403fdf,clean,512,512,128,128,0.0,0.0,0.5614917278289795,0.8904993534088135
309,77,5238012.png,1,c40d4e5c766c30727533846a0898cc2a19f20abbe0d0ff6f25b863eaa3403fdf,mild,494,512,124,128,0.5078125,0.546875,0.35982298851013184,0.6683343052864075
310,77,5238012.png,1,c40d4e5c766c30727533846a0898cc2a19f20abbe0d0ff6f25b863eaa3403fdf,moderate,447,509,112,128,0.484375,0.4921875,0.3504377007484436,0.6994810104370117
311,77,5238012.png,1,c40d4e5c766c30727533846a0898cc2a19f20abbe0d0ff6f25b863eaa3403fdf,severe,389,505,98,127,0.4765625,0.4453125,0.36397603154182434,0.6848797798156738
312,78,5238389.png,0,9de049c3fa0e2b8d9a4a2ec0b2a7756cd505017b3f4baa3e22d93bee8df138e5,clean,512,512,128,128,0.171875,0.0,0.492517352104187,0.8422421216964722
313,78,5238389.png,0,9de049c3fa0e2b8d9a4a2ec0b2a7756cd505017b3f4baa3e22d93bee8df138e5,mild,494,512,124,128,0.453125,0.4609375,0.2549353241920471,0.7533295154571533
314,78,5238389.png,0,9de049c3fa0e2b8d9a4a2ec0b2a7756cd505017b3f4baa3e22d93bee8df138e5,moderate,447,509,112,128,0.46875,0.4609375,0.29432639479637146,0.7524979114532471
315,78,5238389.png,0,9de049c3fa0e2b8d9a4a2ec0b2a7756cd505017b3f4baa3e22d93bee8df138e5,severe,389,505,98,127,0.4765625,0.5,0.3113761842250824,0.743018388748169
316,79,5238389.png,1,e9d5686d0b7ce53e408931c1d2c992023ce6f33ebdc132f2488a9659aeffc289,clean,512,512,128,128,0.1796875,0.0,0.5255029201507568,0.8456200361251831
317,79,5238389.png,1,e9d5686d0b7ce53e408931c1d2c992023ce6f33ebdc132f2488a9659aeffc289,mild,494,512,124,128,0.46875,0.4609375,0.2541836202144623,0.7515054941177368
318,79,5238389.png,1,e9d5686d0b7ce53e408931c1d2c992023ce6f33ebdc132f2488a9659aeffc289,moderate,447,509,112,128,0.53125,0.5390625,0.2938036322593689,0.7508120536804199
319,79,5238389.png,1,e9d5686d0b7ce53e408931c1d2c992023ce6f33ebdc132f2488a9659aeffc289,severe,389,505,98,127,0.4453125,0.453125,0.31117188930511475,0.7434269189834595
320,80,5238543.png,0,d09e31c5184aa0fbf4c4af134dad10781419720c7e2723d00c6715a0d961662e,clean,512,512,128,128,0.3828125,0.0,0.4864194989204407,0.839333713054657
321,80,5238543.png,0,d09e31c5184aa0fbf4c4af134dad10781419720c7e2723d00c6715a0d961662e,mild,494,512,124,128,0.5078125,0.5,0.13737311959266663,0.7892224788665771
322,80,5238543.png,0,d09e31c5184aa0fbf4c4af134dad10781419720c7e2723d00c6715a0d961662e,moderate,447,509,112,128,0.46875,0.4765625,0.15311762690544128,0.801260232925415
323,80,5238543.png,0,d09e31c5184aa0fbf4c4af134dad10781419720c7e2723d00c6715a0d961662e,severe,389,505,98,127,0.484375,0.4765625,0.15032795071601868,0.7973795533180237
324,81,5238543.png,1,4bf1b979f4098fdcd6cdb170149b6552dd947f64f37a3d9dd67902a96961c93b,clean,512,512,128,128,0.40625,0.0,0.5323063135147095,0.8448554873466492
325,81,5238543.png,1,4bf1b979f4098fdcd6cdb170149b6552dd947f64f37a3d9dd67902a96961c93b,mild,494,512,124,128,0.484375,0.4765625,0.13737311959266663,0.7892224788665771
326,81,5238543.png,1,4bf1b979f4098fdcd6cdb170149b6552dd947f64f37a3d9dd67902a96961c93b,moderate,447,509,112,128,0.5078125,0.5,0.15072526037693024,0.8060449957847595
327,81,5238543.png,1,4bf1b979f4098fdcd6cdb170149b6552dd947f64f37a3d9dd67902a96961c93b,severe,389,505,98,127,0.5234375,0.546875,0.1501236855983734,0.797788143157959
328,82,5238560.png,0,0b08588bd07bfd8f73fc9f6a97e9da5317e7f8ba87cf5e9730c1f76a0f3e62f3,clean,512,512,128,128,0.390625,0.0078125,0.49151965975761414,0.82757568359375
329,82,5238560.png,0,0b08588bd07bfd8f73fc9f6a97e9da5317e7f8ba87cf5e9730c1f76a0f3e62f3,mild,494,512,124,128,0.4609375,0.453125,0.16077356040477753,0.7786892652511597
330,82,5238560.png,0,0b08588bd07bfd8f73fc9f6a97e9da5317e7f8ba87cf5e9730c1f76a0f3e62f3,moderate,447,509,112,128,0.4765625,0.46875,0.17503833770751953,0.7868847250938416
331,82,5238560.png,0,0b08588bd07bfd8f73fc9f6a97e9da5317e7f8ba87cf5e9730c1f76a0f3e62f3,severe,389,505,98,127,0.5078125,0.5234375,0.18434032797813416,0.8074914216995239
332,83,5238560.png,1,7b05d94f8a927e7d3ec83f338f05acad0725b6ad6723c7e63764c5928b2037c7,clean,512,512,128,128,0.3203125,0.0078125,0.4489127993583679,0.8271877765655518
333,83,5238560.png,1,7b05d94f8a927e7d3ec83f338f05acad0725b6ad6723c7e63764c5928b2037c7,mild,494,512,124,128,0.4375,0.4296875,0.16125915944576263,0.7777180671691895
334,83,5238560.png,1,7b05d94f8a927e7d3ec83f338f05acad0725b6ad6723c7e63764c5928b2037c7,moderate,447,509,112,128,0.390625,0.3984375,0.17791098356246948,0.7811393737792969
335,83,5238560.png,1,7b05d94f8a927e7d3ec83f338f05acad0725b6ad6723c7e63764c5928b2037c7,severe,389,505,98,127,0.46875,0.46875,0.18454459309577942,0.8070828318595886
336,84,5238565.png,0,d73299c30a9e3f93e2e06bdbbf470b8ee1e64044bde0ae7d2a51dfcb2ce06078,clean,512,512,128,128,0.421875,0.0,0.5211379528045654,0.8388880491256714
337,84,5238565.png,0,d73299c30a9e3f93e2e06bdbbf470b8ee1e64044bde0ae7d2a51dfcb2ce06078,mild,494,512,124,128,0.5078125,0.5078125,0.13288885354995728,0.8089340329170227
338,84,5238565.png,0,d73299c30a9e3f93e2e06bdbbf470b8ee1e64044bde0ae7d2a51dfcb2ce06078,moderate,447,509,112,128,0.515625,0.515625,0.1049589216709137,0.8198792934417725
339,84,5238565.png,0,d73299c30a9e3f93e2e06bdbbf470b8ee1e64044bde0ae7d2a51dfcb2ce06078,severe,389,505,98,127,0.484375,0.484375,0.15826398134231567,0.7985237240791321
340,85,5238565.png,1,6cd2bc257755d20c4a02dc34b417c3babe3810147e1705b63a1ec39555140e70,clean,512,512,128,128,0.5,0.0,0.5940786004066467,0.8408379554748535
341,85,5238565.png,1,6cd2bc257755d20c4a02dc34b417c3babe3810147e1705b63a1ec39555140e70,mild,494,512,124,128,0.625,0.625,0.13319244980812073,0.8083268404006958
342,85,5238565.png,1,6cd2bc257755d20c4a02dc34b417c3babe3810147e1705b63a1ec39555140e70,moderate,447,509,112,128,0.5859375,0.5859375,0.1049589216709137,0.8198792934417725
343,85,5238565.png,1,6cd2bc257755d20c4a02dc34b417c3babe3810147e1705b63a1ec39555140e70,severe,389,505,98,127,0.5546875,0.5546875,0.15846826136112213,0.7981151938438416
344,86,5238645.png,0,141755f430500cc17f28b091815d3339b6c391fa43253757ba0d8ca90ac1abbf,clean,512,512,128,128,0.0859375,0.0,0.5217238068580627,0.8699960708618164
345,86,5238645.png,0,141755f430500cc17f28b091815d3339b6c391fa43253757ba0d8ca90ac1abbf,mild,494,512,124,128,0.4609375,0.4921875,0.27037301659584045,0.7042614221572876
346,86,5238645.png,0,141755f430500cc17f28b091815d3339b6c391fa43253757ba0d8ca90ac1abbf,moderate,447,509,112,128,0.421875,0.4375,0.21578460931777954,0.7577418088912964
347,86,5238645.png,0,141755f430500cc17f28b091815d3339b6c391fa43253757ba0d8ca90ac1abbf,severe,389,505,98,127,0.5,0.5,0.2869381308555603,0.7355818748474121
348,87,5238645.png,1,f08d2fe70ea49f67131056ac9901d74946f4075c5c04449c590042a7fa4b3794,clean,512,512,128,128,0.125,0.0,0.5123465061187744,0.8608731031417847
349,87,5238645.png,1,f08d2fe70ea49f67131056ac9901d74946f4075c5c04449c590042a7fa4b3794,mild,494,512,124,128,0.46875,0.46875,0.27281051874160767,0.6993864178657532
350,87,5238645.png,1,f08d2fe70ea49f67131056ac9901d74946f4075c5c04449c590042a7fa4b3794,moderate,447,509,112,128,0.4921875,0.4921875,0.21661974489688873,0.7560715675354004
351,87,5238645.png,1,f08d2fe70ea49f67131056ac9901d74946f4075c5c04449c590042a7fa4b3794,severe,389,505,98,127,0.5078125,0.5234375,0.2869381308555603,0.7355818748474121
352,88,5239367.png,0,e0395f217ff14f5ce7419e2800b7223444c0020aa6a3808be0b4c4bd0f242c54,clean,512,512,128,128,0.1015625,0.0,0.5712754130363464,0.8369492292404175
353,88,5239367.png,0,e0395f217ff14f5ce7419e2800b7223444c0020aa6a3808be0b4c4bd0f242c54,mild,494,512,124,128,0.5546875,0.546875,0.36785900592803955,0.7106323838233948
354,88,5239367.png,0,e0395f217ff14f5ce7419e2800b7223444c0020aa6a3808be0b4c4bd0f242c54,moderate,447,509,112,128,0.53125,0.5546875,0.3418149948120117,0.721810519695282
355,88,5239367.png,0,e0395f217ff14f5ce7419e2800b7223444c0020aa6a3808be0b4c4bd0f242c54,severe,389,505,98,127,0.5078125,0.5234375,0.347614049911499,0.7179770469665527
356,89,5239367.png,1,9558bca4ea743ab9eabc22c0b91dc19f123e7253c4ec99c65e155b9948cc2a85,clean,512,512,128,128,0.0703125,0.0,0.48734021186828613,0.8447005152702332
357,89,5239367.png,1,9558bca4ea743ab9eabc22c0b91dc19f123e7253c4ec99c65e155b9948cc2a85,mild,494,512,124,128,0.515625,0.4765625,0.3664025068283081,0.7077194452285767
358,89,5239367.png,1,9558bca4ea743ab9eabc22c0b91dc19f123e7253c4ec99c65e155b9948cc2a85,moderate,447,509,112,128,0.4765625,0.46875,0.34125882387161255,0.7229228615760803
359,89,5239367.png,1,9558bca4ea743ab9eabc22c0b91dc19f123e7253c4ec99c65e155b9948cc2a85,severe,389,505,98,127,0.515625,0.484375,0.347614049911499,0.7179770469665527
360,90,5239482.png,0,affc1c93f48954c399b74b687e6b01cbee50922caadb04d02d389f210926a624,clean,512,512,128,128,0.0078125,0.0,0.5546205043792725,0.8774657249450684
361,90,5239482.png,0,affc1c93f48954c399b74b687e6b01cbee50922caadb04d02d389f210926a624,mild,494,512,124,128,0.5546875,0.515625,0.2736937999725342,0.7635892033576965
362,90,5239482.png,0,affc1c93f48954c399b74b687e6b01cbee50922caadb04d02d389f210926a624,moderate,447,509,112,128,0.515625,0.515625,0.22420582175254822,0.7370660305023193
363,90,5239482.png,0,affc1c93f48954c399b74b687e6b01cbee50922caadb04d02d389f210926a624,severe,389,505,98,127,0.484375,0.484375,0.19691383838653564,0.7781690359115601
364,91,5239482.png,1,028bf4243be6d8ba8a17a97c659df55061cbe61e82d783df656532ea84edb0a6,clean,512,512,128,128,0.0078125,0.0,0.5850761532783508,0.8791307210922241
365,91,5239482.png,1,028bf4243be6d8ba8a17a97c659df55061cbe61e82d783df656532ea84edb0a6,mild,494,512,124,128,0.5234375,0.515625,0.2736937999725342,0.7635892033576965
366,91,5239482.png,1,028bf4243be6d8ba8a17a97c659df55061cbe61e82d783df656532ea84edb0a6,moderate,447,509,112,128,0.515625,0.5,0.22404572367668152,0.7373862266540527
367,91,5239482.png,1,028bf4243be6d8ba8a17a97c659df55061cbe61e82d783df656532ea84edb0a6,severe,389,505,98,127,0.59375,0.578125,0.19675299525260925,0.7784907817840576
368,92,5240190.png,0,01b08df0584c8872d4746af0f5ade5464aebe8a544d76e673c6812e1285a8505,clean,512,512,128,128,0.40625,0.0,0.4806617498397827,0.8262500762939453
369,92,5240190.png,0,01b08df0584c8872d4746af0f5ade5464aebe8a544d76e673c6812e1285a8505,mild,494,512,124,128,0.484375,0.484375,0.1387825459241867,0.8136827349662781
370,92,5240190.png,0,01b08df0584c8872d4746af0f5ade5464aebe8a544d76e673c6812e1285a8505,moderate,447,509,112,128,0.4609375,0.4609375,0.11533508449792862,0.812446117401123
371,92,5240190.png,0,01b08df0584c8872d4746af0f5ade5464aebe8a544d76e673c6812e1285a8505,severe,389,505,98,127,0.4765625,0.4765625,0.14707204699516296,0.8008459210395813
372,93,5240190.png,1,c2b25b8b4cade6b434fe7d7e23777ce3715921a646eae856e4f593e645d612e9,clean,512,512,128,128,0.4140625,0.0,0.48682701587677,0.8289597034454346
373,93,5240190.png,1,c2b25b8b4cade6b434fe7d7e23777ce3715921a646eae856e4f593e645d612e9,mild,494,512,124,128,0.4765625,0.4765625,0.1387825459241867,0.8136827349662781
374,93,5240190.png,1,c2b25b8b4cade6b434fe7d7e23777ce3715921a646eae856e4f593e645d612e9,moderate,447,509,112,128,0.484375,0.484375,0.11549517512321472,0.8121259212493896
375,93,5240190.png,1,c2b25b8b4cade6b434fe7d7e23777ce3715921a646eae856e4f593e645d612e9,severe,389,505,98,127,0.484375,0.46875,0.1468677669763565,0.8012545108795166
376,94,5240191.png,0,21a44f231dacd81fb855c9ad63ede885580dd7165e4992a864f53ea869014c84,clean,512,512,128,128,0.4375,0.0,0.5661550760269165,0.8460086584091187
377,94,5240191.png,0,21a44f231dacd81fb855c9ad63ede885580dd7165e4992a864f53ea869014c84,mild,494,512,124,128,0.5859375,0.578125,0.15446233749389648,0.804594874382019
378,94,5240191.png,0,21a44f231dacd81fb855c9ad63ede885580dd7165e4992a864f53ea869014c84,moderate,447,509,112,128,0.5625,0.5546875,0.16534051299095154,0.7969269156455994
379,94,5240191.png,0,21a44f231dacd81fb855c9ad63ede885580dd7165e4992a864f53ea869014c84,severe,389,505,98,127,0.5625,0.578125,0.18438152968883514,0.7793844938278198
380,95,5240191.png,1,55852ab328461a27f5186c29fc10e74edf5b3810a40d7563764e0641f67832fc,clean,512,512,128,128,0.4453125,0.0,0.5700493454933167,0.8423177599906921
381,95,5240191.png,1,55852ab328461a27f5186c29fc10e74edf5b3810a40d7563764e0641f67832fc,mild,494,512,124,128,0.5390625,0.53125,0.15399011969566345,0.8055393695831299
382,95,5240191.png,1,55852ab328461a27f5186c29fc10e74edf5b3810a40d7563764e0641f67832fc,moderate,447,509,112,128,0.546875,0.5390625,0.16518041491508484,0.7972471117973328
383,95,5240191.png,1,55852ab328461a27f5186c29fc10e74edf5b3810a40d7563764e0641f67832fc,severe,389,505,98,127,0.5625,0.53125,0.18438152968883514,0.7793844938278198
384,96,5240193.png,0,cc0ff8c5c7cb14d366cc35533ff6d1f33986af6a1f08ae66711757e2eaf3cfbd,clean,512,512,128,128,0.3671875,0.0,0.5141482353210449,0.8400648832321167
385,96,5240193.png,0,cc0ff8c5c7cb14d366cc35533ff6d1f33986af6a1f08ae66711757e2eaf3cfbd,mild,494,512,124,128,0.4921875,0.4921875,0.18427829444408417,0.7914285659790039
386,96,5240193.png,0,cc0ff8c5c7cb14d366cc35533ff6d1f33986af6a1f08ae66711757e2eaf3cfbd,moderate,447,509,112,128,0.4921875,0.5,0.18407928943634033,0.7831298112869263
387,96,5240193.png,0,cc0ff8c5c7cb14d366cc35533ff6d1f33986af6a1f08ae66711757e2eaf3cfbd,severe,389,505,98,127,0.546875,0.5625,0.22662824392318726,0.7803232669830322
388,97,5240193.png,1,e89204c1059f4ca3109dbe12d4ab2340b082525209de0b40fd5298e597286562,clean,512,512,128,128,0.3828125,0.0,0.5300002098083496,0.842311680316925
389,97,5240193.png,1,e89204c1059f4ca3109dbe12d4ab2340b082525209de0b40fd5298e597286562,mild,494,512,124,128,0.53125,0.53125,0.1834554523229599,0.7930743098258972
390,97,5240193.png,1,e89204c1059f4ca3109dbe12d4ab2340b082525209de0b40fd5298e597286562,moderate,447,509,112,128,0.5,0.5078125,0.18372157216072083,0.7838452458381653
391,97,5240193.png,1,e89204c1059f4ca3109dbe12d4ab2340b082525209de0b40fd5298e597286562,severe,389,505,98,127,0.5078125,0.4921875,0.22662824392318726,0.7803232669830322
392,98,5240194.png,0,74a41bbf27f1b7bab70d6e05c7a170558047eebe24416ffc39fc43f8f4972a9c,clean,512,512,128,128,0.296875,0.0,0.534348726272583,0.8538922667503357
393,98,5240194.png,0,74a41bbf27f1b7bab70d6e05c7a170558047eebe24416ffc39fc43f8f4972a9c,mild,494,512,124,128,0.546875,0.546875,0.2136085033416748,0.7692806720733643
394,98,5240194.png,0,74a41bbf27f1b7bab70d6e05c7a170558047eebe24416ffc39fc43f8f4972a9c,moderate,447,509,112,128,0.5234375,0.515625,0.20503735542297363,0.7676455974578857
395,98,5240194.png,0,74a41bbf27f1b7bab70d6e05c7a170558047eebe24416ffc39fc43f8f4972a9c,severe,389,505,98,127,0.515625,0.515625,0.1939486414194107,0.7772711515426636
396,99,5240194.png,1,47d6d2c9150e23e94e6d42a6e27deac5983f11f881856cb5dc760b05b502664e,clean,512,512,128,128,0.2265625,0.0,0.5466853976249695,0.864729642868042
397,99,5240194.png,1,47d6d2c9150e23e94e6d42a6e27deac5983f11f881856cb5dc760b05b502664e,mild,494,512,124,128,0.5078125,0.5078125,0.21408072113990784,0.768336296081543
398,99,5240194.png,1,47d6d2c9150e23e94e6d42a6e27deac5983f11f881856cb5dc760b05b502664e,moderate,447,509,112,128,0.5625,0.5546875,0.20503735542297363,0.7676455974578857
399,99,5240194.png,1,47d6d2c9150e23e94e6d42a6e27deac5983f11f881856cb5dc760b05b502664e,severe,389,505,98,127,0.5703125,0.5859375,0.19415292143821716,0.776862621307373
400,100,5240249.png,0,e25ded4bd48dfc1764909c7404e6d977a48d9824c10c5c71c5564d4b37898202,clean,512,512,128,128,0.03125,0.0,0.5336685180664062,0.8568540811538696
401,100,5240249.png,0,e25ded4bd48dfc1764909c7404e6d977a48d9824c10c5c71c5564d4b37898202,mild,494,512,124,128,0.515625,0.5,0.4886685609817505,0.6668304204940796
402,100,5240249.png,0,e25ded4bd48dfc1764909c7404e6d977a48d9824c10c5c71c5564d4b37898202,moderate,447,509,112,128,0.4765625,0.46875,0.5795179605484009,0.70096755027771
403,100,5240249.png,0,e25ded4bd48dfc1764909c7404e6d977a48d9824c10c5c71c5564d4b37898202,severe,389,505,98,127,0.4921875,0.4296875,0.5107645988464355,0.6981873512268066
404,101,5240249.png,1,1718655074ffa543f86bc49ec896f3f64d12b752902b087c3489e3650bc22027,clean,512,512,128,128,0.0234375,0.0,0.4880465269088745,0.8626166582107544
405,101,5240249.png,1,1718655074ffa543f86bc49ec896f3f64d12b752902b087c3489e3650bc22027,mild,494,512,124,128,0.46875,0.421875,0.48810505867004395,0.6638145446777344
406,101,5240249.png,1,1718655074ffa543f86bc49ec896f3f64d12b752902b087c3489e3650bc22027,moderate,447,509,112,128,0.53125,0.5078125,0.5838309526443481,0.7036405205726624
407,101,5240249.png,1,1718655074ffa543f86bc49ec896f3f64d12b752902b087c3489e3650bc22027,severe,389,505,98,127,0.4765625,0.4765625,0.5107645988464355,0.6981873512268066
408,102,5240524.png,0,fdfa0228150c92959ec771390cafad9aeb09a82ff45bebaa40bc9c1524367f65,clean,512,512,128,128,0.0078125,0.0,0.4855707585811615,0.8802649974822998
409,102,5240524.png,0,fdfa0228150c92959ec771390cafad9aeb09a82ff45bebaa40bc9c1524367f65,mild,494,512,124,128,0.515625,0.5,0.4312502145767212,0.6902692317962646
410,102,5240524.png,0,fdfa0228150c92959ec771390cafad9aeb09a82ff45bebaa40bc9c1524367f65,moderate,447,509,112,128,0.40625,0.4140625,0.5264729261398315,0.7389216423034668
411,102,5240524.png,0,fdfa0228150c92959ec771390cafad9aeb09a82ff45bebaa40bc9c1524367f65,severe,389,505,98,127,0.4609375,0.5078125,0.4832310378551483,0.7232496738433838
412,103,5240524.png,1,f1d123e9f0af6fe2097dc3234793babea80f0e6365ca4bf363f0fe0defb57b95,clean,512,512,128,128,0.0,0.0,0.49110427498817444,0.8737144470214844
413,103,5240524.png,1,f1d123e9f0af6fe2097dc3234793babea80f0e6365ca4bf363f0fe0defb57b95,mild,494,512,124,128,0.5234375,0.5234375,0.4314005970954895,0.6905699968338013
414,103,5240524.png,1,f1d123e9f0af6fe2097dc3234793babea80f0e6365ca4bf363f0fe0defb57b95,moderate,447,509,112,128,0.4453125,0.4453125,0.5321004390716553,0.729992151260376
415,103,5240524.png,1,f1d123e9f0af6fe2097dc3234793babea80f0e6365ca4bf363f0fe0defb57b95,severe,389,505,98,127,0.546875,0.59375,0.4839109778404236,0.7246094942092896
416,104,5240611.png,0,9b49f067a3d56e657da8910037b82cb6ca3cdabe9bcc96e485624e59dc778e9b,clean,512,512,128,128,0.1640625,0.0,0.5568122863769531,0.8453218340873718
417,104,5240611.png,0,9b49f067a3d56e657da8910037b82cb6ca3cdabe9bcc96e485624e59dc778e9b,mild,494,512,124,128,0.40625,0.390625,0.2896127998828888,0.7479815483093262
418,104,5240611.png,0,9b49f067a3d56e657da8910037b82cb6ca3cdabe9bcc96e485624e59dc778e9b,moderate,447,509,112,128,0.5234375,0.5234375,0.25521835684776306,0.7554739117622375
419,104,5240611.png,0,9b49f067a3d56e657da8910037b82cb6ca3cdabe9bcc96e485624e59dc778e9b,severe,389,505,98,127,0.5234375,0.5234375,0.2361447513103485,0.724753737449646
420,105,5240611.png,1,1f6d6b9d2a619c3069378a54f239601c599ef7a5aec84a5ada6fc78d916e4c54,clean,512,512,128,128,0.1484375,0.0,0.516636312007904,0.8440866470336914
421,105,5240611.png,1,1f6d6b9d2a619c3069378a54f239601c599ef7a5aec84a5ada6fc78d916e4c54,mild,494,512,124,128,0.453125,0.46875,0.28914058208465576,0.7489259243011475
422,105,5240611.png,1,1f6d6b9d2a619c3069378a54f239601c599ef7a5aec84a5ada6fc78d916e4c54,moderate,447,509,112,128,0.4453125,0.4453125,0.25521835684776306,0.7554739117622375
423,105,5240611.png,1,1f6d6b9d2a619c3069378a54f239601c599ef7a5aec84a5ada6fc78d916e4c54,severe,389,505,98,127,0.4453125,0.4140625,0.23634901642799377,0.7243452072143555
424,106,5240617.png,0,a74139b781a1aea4ea00e82959d30397093216db22a69a8a2ecbbeeb1173bc2b,clean,512,512,128,128,0.0078125,0.0,0.5483376383781433,0.8847702741622925
425,106,5240617.png,0,a74139b781a1aea4ea00e82959d30397093216db22a69a8a2ecbbeeb1173bc2b,mild,494,512,124,128,0.5390625,0.546875,0.33479043841362,0.7334945201873779
426,106,5240617.png,0,a74139b781a1aea4ea00e82959d30397093216db22a69a8a2ecbbeeb1173bc2b,moderate,447,509,112,128,0.5546875,0.546875,0.3156166076660156,0.7235982418060303
427,106,5240617.png,0,a74139b781a1aea4ea00e82959d30397093216db22a69a8a2ecbbeeb1173bc2b,severe,389,505,98,127,0.5078125,0.53125,0.3457733392715454,0.7201526165008545
428,107,5240617.png,1,12c7e9a7ff55c096ac5b9fd73a986ee126ac970233f3d5ff095f181da1348e6f,clean,512,512,128,128,0.015625,0.0,0.5511653423309326,0.8776927590370178
429,107,5240617.png,1,12c7e9a7ff55c096ac5b9fd73a986ee126ac970233f3d5ff095f181da1348e6f,mild,494,512,124,128,0.5859375,0.5625,0.331142783164978,0.7359974980354309
430,107,5240617.png,1,12c7e9a7ff55c096ac5b9fd73a986ee126ac970233f3d5ff095f181da1348e6f,moderate,447,509,112,128,0.53125,0.5078125,0.3156166076660156,0.7235982418060303
431,107,5240617.png,1,12c7e9a7ff55c096ac5b9fd73a986ee126ac970233f3d5ff095f181da1348e6f,severe,389,505,98,127,0.5,0.4609375,0.3457733392715454,0.7201526165008545
432,108,5240619.png,0,61b0780be73ad8aaef46eeae9ef9b7ef40a209c1657693e890623d844ea9e7c5,clean,512,512,128,128,0.0546875,0.0,0.5745068192481995,0.88179612159729
433,108,5240619.png,0,61b0780be73ad8aaef46eeae9ef9b7ef40a209c1657693e890623d844ea9e7c5,mild,494,512,124,128,0.5546875,0.5703125,0.3125254809856415,0.710464596748352
434,108,5240619.png,0,61b0780be73ad8aaef46eeae9ef9b7ef40a209c1657693e890623d844ea9e7c5,moderate,447,509,112,128,0.4765625,0.4609375,0.37501540780067444,0.6927101612091064
435,108,5240619.png,0,61b0780be73ad8aaef46eeae9ef9b7ef40a209c1657693e890623d844ea9e7c5,severe,389,505,98,127,0.5546875,0.53125,0.38431644439697266,0.6824740767478943
436,109,5240619.png,1,e85bc4f26b54089f69dcd9ee10bdc51514ef7b0587b618b4ad2dfe79d8c9ac70,clean,512,512,128,128,0.0546875,0.0,0.5217663049697876,0.8667595982551575
437,109,5240619.png,1,e85bc4f26b54089f69dcd9ee10bdc51514ef7b0587b618b4ad2dfe79d8c9ac70,mild,494,512,124,128,0.4765625,0.4921875,0.3092513084411621,0.7170129418373108
438,109,5240619.png,1,e85bc4f26b54089f69dcd9ee10bdc51514ef7b0587b618b4ad2dfe79d8c9ac70,moderate,447,509,112,128,0.4453125,0.4375,0.3716305196285248,0.6991058588027954
439,109,5240619.png,1,e85bc4f26b54089f69dcd9ee10bdc51514ef7b0587b618b4ad2dfe79d8c9ac70,severe,389,505,98,127,0.453125,0.4140625,0.3855218291282654,0.6842638850212097
440,110,5240621.png,0,9472445fdbd09fff810476275d6bad57da24b50e0131586887c02607033903f0,clean,512,512,128,128,0.0,0.0,0.5010937452316284,0.8661449551582336
441,110,5240621.png,0,9472445fdbd09fff810476275d6bad57da24b50e0131586887c02607033903f0,mild,494,512,124,128,0.4921875,0.4765625,0.3334808051586151,0.7255650758743286
442,110,5240621.png,0,9472445fdbd09fff810476275d6bad57da24b50e0131586887c02607033903f0,moderate,447,509,112,128,0.4453125,0.4609375,0.32048213481903076,0.6793508529663086
443,110,5240621.png,0,9472445fdbd09fff810476275d6bad57da24b50e0131586887c02607033903f0,severe,389,505,98,127,0.5,0.53125,0.3548377454280853,0.7092445492744446
444,111,5240621.png,1,7a080ce1f538e23578715a8140aa88698bf53b267c3ff48d495a4c49fbde2825,clean,512,512,128,128,0.0,0.0,0.5054419040679932,0.8680745363235474
445,111,5240621.png,1,7a080ce1f538e23578715a8140aa88698bf53b267c3ff48d495a4c49fbde2825,mild,494,512,124,128,0.4609375,0.4921875,0.33020663261413574,0.7321134209632874
446,111,5240621.png,1,7a080ce1f538e23578715a8140aa88698bf53b267c3ff48d495a4c49fbde2825,moderate,447,509,112,128,0.5078125,0.4765625,0.3189137578010559,0.6793173551559448
447,111,5240621.png,1,7a080ce1f538e23578715a8140aa88698bf53b267c3ff48d495a4c49fbde2825,severe,389,505,98,127,0.515625,0.53125,0.35498982667922974,0.7089403867721558
448,112,5240623.png,0,ebaec03b948bbc9d14de838d492a47ef44f80b1d395be3a4e8f7038c22d308a0,clean,512,512,128,128,0.0,0.0,0.525698184967041,0.8815855979919434
449,112,5240623.png,0,ebaec03b948bbc9d14de838d492a47ef44f80b1d395be3a4e8f7038c22d308a0,mild,494,512,124,128,0.4296875,0.4375,0.33124032616615295,0.7465388178825378
450,112,5240623.png,0,ebaec03b948bbc9d14de838d492a47ef44f80b1d395be3a4e8f7038c22d308a0,moderate,447,509,112,128,0.4921875,0.4609375,0.31666260957717896,0.7284517884254456
451,112,5240623.png,0,ebaec03b948bbc9d14de838d492a47ef44f80b1d395be3a4e8f7038c22d308a0,severe,389,505,98,127,0.484375,0.4765625,0.3018859624862671,0.7086932063102722
452,113,5240623.png,1,cf4c610aa6b71bef65c6b36213313a81387a69063787fdfd4e76e708d238412a,clean,512,512,128,128,0.0,0.0,0.5169636011123657,0.8808215856552124
453,113,5240623.png,1,cf4c610aa6b71bef65c6b36213313a81387a69063787fdfd4e76e708d238412a,mild,494,512,124,128,0.515625,0.5234375,0.33124032616615295,0.7465388178825378
454,113,5240623.png,1,cf4c610aa6b71bef65c6b36213313a81387a69063787fdfd4e76e708d238412a,moderate,447,509,112,128,0.4375,0.4140625,0.3181244134902954,0.7224521636962891
455,113,5240623.png,1,cf4c610aa6b71bef65c6b36213313a81387a69063787fdfd4e76e708d238412a,severe,389,505,98,127,0.53125,0.5078125,0.3006283938884735,0.7073420286178589
456,114,5240926.png,0,58b7ba7a09f3005f69feb8da79df0fff73fd2ec4ded900cbf4ab27baef76e73b,clean,512,512,128,128,0.0,0.0,0.5056158304214478,0.8867402672767639
457,114,5240926.png,0,58b7ba7a09f3005f69feb8da79df0fff73fd2ec4ded900cbf4ab27baef76e73b,mild,494,512,124,128,0.53125,0.546875,0.4031149446964264,0.6469509601593018
458,114,5240926.png,0,58b7ba7a09f3005f69feb8da79df0fff73fd2ec4ded900cbf4ab27baef76e73b,moderate,447,509,112,128,0.484375,0.4765625,0.4475123882293701,0.6676855087280273
459,114,5240926.png,0,58b7ba7a09f3005f69feb8da79df0fff73fd2ec4ded900cbf4ab27baef76e73b,severe,389,505,98,127,0.46875,0.46875,0.46559756994247437,0.6799858808517456
460,115,5240926.png,1,415b6fd297cb5374ec30b22ad338345dab3c42404971217d15df7f4480924589,clean,512,512,128,128,0.0,0.0,0.6115409135818481,0.9027105569839478
461,115,5240926.png,1,415b6fd297cb5374ec30b22ad338345dab3c42404971217d15df7f4480924589,mild,494,512,124,128,0.5234375,0.5078125,0.4031149446964264,0.6469509601593018
462,115,5240926.png,1,415b6fd297cb5374ec30b22ad338345dab3c42404971217d15df7f4480924589,moderate,447,509,112,128,0.5703125,0.5078125,0.45184850692749023,0.6650464534759521
463,115,5240926.png,1,415b6fd297cb5374ec30b22ad338345dab3c42404971217d15df7f4480924589,severe,389,505,98,127,0.546875,0.5234375,0.4669211506843567,0.6826329827308655
464,116,5240927.png,0,90fdcde89de557ae3b911899c87c64bdd0888cea1eff177a135a328ae2b55457,clean,512,512,128,128,0.1796875,0.0,0.5392358899116516,0.8599737882614136
465,116,5240927.png,0,90fdcde89de557ae3b911899c87c64bdd0888cea1eff177a135a328ae2b55457,mild,494,512,124,128,0.5625,0.5390625,0.31812718510627747,0.7512334585189819
466,116,5240927.png,0,90fdcde89de557ae3b911899c87c64bdd0888cea1eff177a135a328ae2b55457,moderate,447,509,112,128,0.5859375,0.515625,0.25788789987564087,0.7171084880828857
467,116,5240927.png,0,90fdcde89de557ae3b911899c87c64bdd0888cea1eff177a135a328ae2b55457,severe,389,505,98,127,0.546875,0.546875,0.32168492674827576,0.7461621761322021
468,117,5240927.png,1,9b066cf70bfe841b51caf76dc1013f50b96e2492b5069fc2b76501838b623587,clean,512,512,128,128,0.140625,0.0,0.5092419981956482,0.8530292510986328
469,117,5240927.png,1,9b066cf70bfe841b51caf76dc1013f50b96e2492b5069fc2b76501838b623587,mild,494,512,124,128,0.46875,0.4609375,0.31473517417907715,0.7444901466369629
470,117,5240927.png,1,9b066cf70bfe841b51caf76dc1013f50b96e2492b5069fc2b76501838b623587,moderate,447,509,112,128,0.4765625,0.5,0.25536879897117615,0.7184159755706787
471,117,5240927.png,1,9b066cf70bfe841b51caf76dc1013f50b96e2492b5069fc2b76501838b623587,severe,389,505,98,127,0.5234375,0.5078125,0.32168492674827576,0.7461621761322021
472,118,5241053.png,0,271337a182703bf1dc9fe054b9222e676ecb0493e743bb4811283073a1d2acd5,clean,512,512,128,128,0.0,0.0,0.5275192260742188,0.8734896779060364
473,118,5241053.png,0,271337a182703bf1dc9fe054b9222e676ecb0493e743bb4811283073a1d2acd5,mild,494,512,124,128,0.484375,0.5,0.2675725519657135,0.7481049299240112
474,118,5241053.png,0,271337a182703bf1dc9fe054b9222e676ecb0493e743bb4811283073a1d2acd5,moderate,447,509,112,128,0.5,0.484375,0.22977444529533386,0.7471417784690857
475,118,5241053.png,0,271337a182703bf1dc9fe054b9222e676ecb0493e743bb4811283073a1d2acd5,severe,389,505,98,127,0.5,0.4921875,0.2749837636947632,0.7454070448875427
476,119,5241053.png,1,94c8a90ba0cc8d001cb74b0efd2897900aff00aaa04e3725f0f3a5b391395a1d,clean,512,512,128,128,0.0,0.0,0.5067101120948792,0.8659653663635254
477,119,5241053.png,1,94c8a90ba0cc8d001cb74b0efd2897900aff00aaa04e3725f0f3a5b391395a1d,mild,494,512,124,128,0.5078125,0.5390625,0.2675725519657135,0.7481049299240112
478,119,5241053.png,1,94c8a90ba0cc8d001cb74b0efd2897900aff00aaa04e3725f0f3a5b391395a1d,moderate,447,509,112,128,0.4921875,0.5078125,0.23050463199615479,0.7479617595672607
479,119,5241053.png,1,94c8a90ba0cc8d001cb74b0efd2897900aff00aaa04e3725f0f3a5b391395a1d,severe,389,505,98,127,0.4296875,0.453125,0.27508509159088135,0.7452043294906616
480,120,5241288.png,0,304f50e70410882f2bdba0562043ca7552657df107fc932b0d5fed12cde4d8fd,clean,512,512,128,128,0.0,0.0,0.5398790240287781,0.8779112100601196
481,120,5241288.png,0,304f50e70410882f2bdba0562043ca7552657df107fc932b0d5fed12cde4d8fd,mild,494,512,124,128,0.4921875,0.4609375,0.3125665783882141,0.6727659106254578
482,120,5241288.png,0,304f50e70410882f2bdba0562043ca7552657df107fc932b0d5fed12cde4d8fd,moderate,447,509,112,128,0.4296875,0.46875,0.37749183177948,0.7006181478500366
483,120,5241288.png,0,304f50e70410882f2bdba0562043ca7552657df107fc932b0d5fed12cde4d8fd,severe,389,505,98,127,0.546875,0.5625,0.31556203961372375,0.6989808082580566
484,121,5241288.png,1,d644ded4b1730bbf43df5578b9e45ec2f15f5673c845e32b99e463901d9b6fcb,clean,512,512,128,128,0.0,0.0,0.5638296604156494,0.8837044835090637
485,121,5241288.png,1,d644ded4b1730bbf43df5578b9e45ec2f15f5673c845e32b99e463901d9b6fcb,mild,494,512,124,128,0.53125,0.546875,0.3125665783882141,0.6727659106254578
486,121,5241288.png,1,d644ded4b1730bbf43df5578b9e45ec2f15f5673c845e32b99e463901d9b6fcb,moderate,447,509,112,128,0.53125,0.5390625,0.37749183177948,0.7006181478500366
487,121,5241288.png,1,d644ded4b1730bbf43df5578b9e45ec2f15f5673c845e32b99e463901d9b6fcb,severe,389,505,98,127,0.5546875,0.5234375,0.31649690866470337,0.6971111297607422
488,122,5241386.png,0,f6e749612ac2d4f01d172196ea306d1308336a4ef33e4987316e0273fe3fbd63,clean,512,512,128,128,0.265625,0.0,0.5689663887023926,0.8448667526245117
489,122,5241386.png,0,f6e749612ac2d4f01d172196ea306d1308336a4ef33e4987316e0273fe3fbd63,mild,494,512,124,128,0.5859375,0.6015625,0.23412925004959106,0.7634236812591553
490,122,5241386.png,0,f6e749612ac2d4f01d172196ea306d1308336a4ef33e4987316e0273fe3fbd63,moderate,447,509,112,128,0.515625,0.515625,0.15387490391731262,0.7654007077217102
491,122,5241386.png,0,f6e749612ac2d4f01d172196ea306d1308336a4ef33e4987316e0273fe3fbd63,severe,389,505,98,127,0.5390625,0.53125,0.2808769643306732,0.7950535416603088
492,123,5241386.png,1,dc6736b875c069745ef646def1adee64bd91383567adce76856cfcfe6dfb435d,clean,512,512,128,128,0.28125,0.0,0.525708019733429,0.8421891331672668
493,123,5241386.png,1,dc6736b875c069745ef646def1adee64bd91383567adce76856cfcfe6dfb435d,mild,494,512,124,128,0.5234375,0.5390625,0.2330656349658966,0.7655508518218994
494,123,5241386.png,1,dc6736b875c069745ef646def1adee64bd91383567adce76856cfcfe6dfb435d,moderate,447,509,112,128,0.515625,0.515625,0.15403500199317932,0.7650805115699768
495,123,5241386.png,1,dc6736b875c069745ef646def1adee64bd91383567adce76856cfcfe6dfb435d,severe,389,505,98,127,0.5546875,0.5625,0.28067266941070557,0.7954621315002441
496,124,5241388.png,0,ef4def5a820756c0f782ec3e8d9261ccec2d5372df5c01cae6af46eb9885ab6a,clean,512,512,128,128,0.3671875,0.0,0.4476003646850586,0.8268730044364929
497,124,5241388.png,0,ef4def5a820756c0f782ec3e8d9261ccec2d5372df5c01cae6af46eb9885ab6a,mild,494,512,124,128,0.4140625,0.4140625,0.14010052382946014,0.8009741306304932
498,124,5241388.png,0,ef4def5a820756c0f782ec3e8d9261ccec2d5372df5c01cae6af46eb9885ab6a,moderate,447,509,112,128,0.4296875,0.4296875,0.15239426493644714,0.7964802384376526
499,124,5241388.png,0,ef4def5a820756c0f782ec3e8d9261ccec2d5372df5c01cae6af46eb9885ab6a,severe,389,505,98,127,0.4140625,0.4140625,0.15480518341064453,0.8104811310768127
500,125,5241388.png,1,3deb930348c1c965d366678d6b542e2f1dc392c13d4c80ca88372f14e97c3ecb,clean,512,512,128,128,0.40625,0.0,0.5084707736968994,0.8353711366653442
501,125,5241388.png,1,3deb930348c1c965d366678d6b542e2f1dc392c13d4c80ca88372f14e97c3ecb,mild,494,512,124,128,0.484375,0.484375,0.1396283060312271,0.8019185662269592
502,125,5241388.png,1,3deb930348c1c965d366678d6b542e2f1dc392c13d4c80ca88372f14e97c3ecb,moderate,447,509,112,128,0.515625,0.5,0.15171977877616882,0.7978292107582092
503,125,5241388.png,1,3deb930348c1c965d366678d6b542e2f1dc392c13d4c80ca88372f14e97c3ecb,severe,389,505,98,127,0.515625,0.515625,0.15500947833061218,0.8100725412368774
504,126,5241391.png,0,9616817dbb1efdc713c72c41426c990401e897b2a81f7a13f081db775fb639e2,clean,512,512,128,128,0.28125,0.0,0.4406176805496216,0.8373899459838867
505,126,5241391.png,0,9616817dbb1efdc713c72c41426c990401e897b2a81f7a13f081db775fb639e2,mild,494,512,124,128,0.4140625,0.40625,0.21673500537872314,0.7514185905456543
506,126,5241391.png,0,9616817dbb1efdc713c72c41426c990401e897b2a81f7a13f081db775fb639e2,moderate,447,509,112,128,0.4140625,0.4140625,0.17291268706321716,0.7938517928123474
507,126,5241391.png,0,9616817dbb1efdc713c72c41426c990401e897b2a81f7a13f081db775fb639e2,severe,389,505,98,127,0.4375,0.453125,0.2105722427368164,0.7827041149139404
508,127,5241391.png,1,d2bb4fce93687e3d36c7b47fb4169f4189f3d503e45bf8df2dd48bf00a3b5db2,clean,512,512,128,128,0.328125,0.0,0.4870551824569702,0.8407981395721436
509,127,5241391.png,1,d2bb4fce93687e3d36c7b47fb4169f4189f3d503e45bf8df2dd48bf00a3b5db2,mild,494,512,124,128,0.46875,0.4765625,0.21707752346992493,0.7508893013000488
510,127,5241391.png,1,d2bb4fce93687e3d36c7b47fb4169f4189f3d503e45bf8df2dd48bf00a3b5db2,moderate,447,509,112,128,0.4375,0.4375,0.1757853627204895,0.7881064414978027
511,127,5241391.png,1,d2bb4fce93687e3d36c7b47fb4169f4189f3d503e45bf8df2dd48bf00a3b5db2,severe,389,505,98,127,0.4765625,0.4765625,0.21077653765678406,0.7822955250740051
512,128,5241396.png,0,51f36b3d7bb522c50cadb9e9008ed8727ac7f97f7a99bd4553b7dc1d88e716d5,clean,512,512,128,128,0.296875,0.0,0.5091970562934875,0.8427098989486694
513,128,5241396.png,0,51f36b3d7bb522c50cadb9e9008ed8727ac7f97f7a99bd4553b7dc1d88e716d5,mild,494,512,124,128,0.4921875,0.5078125,0.1711348593235016,0.7551805973052979
514,128,5241396.png,0,51f36b3d7bb522c50cadb9e9008ed8727ac7f97f7a99bd4553b7dc1d88e716d5,moderate,447,509,112,128,0.515625,0.5078125,0.16479797661304474,0.7927624583244324
515,128,5241396.png,0,51f36b3d7bb522c50cadb9e9008ed8727ac7f97f7a99bd4553b7dc1d88e716d5,severe,389,505,98,127,0.453125,0.4453125,0.1698906123638153,0.7891314029693604
516,129,5241396.png,1,f875076b9cc9504b3309efb73bcded35d5d63d07cf522aff0748b6df6ee565d0,clean,512,512,128,128,0.4140625,0.0,0.5844414234161377,0.8406264781951904
517,129,5241396.png,1,f875076b9cc9504b3309efb73bcded35d5d63d07cf522aff0748b6df6ee565d0,mild,494,512,124,128,0.5703125,0.5546875,0.1711348593235016,0.7551805973052979
518,129,5241396.png,1,f875076b9cc9504b3309efb73bcded35d5d63d07cf522aff0748b6df6ee565d0,moderate,447,509,112,128,0.5546875,0.546875,0.16965089738368988,0.7897940874099731
519,129,5241396.png,1,f875076b9cc9504b3309efb73bcded35d5d63d07cf522aff0748b6df6ee565d0,severe,389,505,98,127,0.578125,0.5859375,0.16968634724617004,0.7895399332046509
520,130,5241436.png,0,69e139572807904d19697524959191547a273a805246fe4a8ba58d842e48f798,clean,512,512,128,128,0.0,0.0,0.5124098658561707,0.8785563707351685
521,130,5241436.png,0,69e139572807904d19697524959191547a273a805246fe4a8ba58d842e48f798,mild,494,512,124,128,0.4375,0.4453125,0.15341903269290924,0.7910518050193787
522,130,5241436.png,0,69e139572807904d19697524959191547a273a805246fe4a8ba58d842e48f798,moderate,447,509,112,128,0.453125,0.4609375,0.17736710608005524,0.7850478291511536
523,130,5241436.png,0,69e139572807904d19697524959191547a273a805246fe4a8ba58d842e48f798,severe,389,505,98,127,0.4609375,0.4765625,0.16540688276290894,0.7733134031295776
524,131,5241436.png,1,e4872330d24393e5e250c2029b2c66ca61284956b5789382c702ae1835c75258,clean,512,512,128,128,0.0,0.0,0.5355913043022156,0.8838154077529907
525,131,5241436.png,1,e4872330d24393e5e250c2029b2c66ca61284956b5789382c702ae1835c75258,mild,494,512,124,128,0.5078125,0.5,0.15655076503753662,0.7847883701324463
526,131,5241436.png,1,e4872330d24393e5e250c2029b2c66ca61284956b5789382c702ae1835c75258,moderate,447,509,112,128,0.5078125,0.5,0.17704690992832184,0.7856882214546204
527,131,5241436.png,1,e4872330d24393e5e250c2029b2c66ca61284956b5789382c702ae1835c75258,severe,389,505,98,127,0.546875,0.53125,0.16540688276290894,0.7733134031295776
528,132,5241438.png,0,c5aaff5f3b6aefb0f7c9973b259b0518a2e251d10ca83d1088c0877ce303b8a9,clean,512,512,128,128,0.0,0.0,0.5187165141105652,0.8920438289642334
529,132,5241438.png,0,c5aaff5f3b6aefb0f7c9973b259b0518a2e251d10ca83d1088c0877ce303b8a9,mild,494,512,124,128,0.5,0.5,0.18469342589378357,0.795786440372467
530,132,5241438.png,0,c5aaff5f3b6aefb0f7c9973b259b0518a2e251d10ca83d1088c0877ce303b8a9,moderate,447,509,112,128,0.5,0.4921875,0.1305292844772339,0.7917135953903198
531,132,5241438.png,0,c5aaff5f3b6aefb0f7c9973b259b0518a2e251d10ca83d1088c0877ce303b8a9,severe,389,505,98,127,0.5078125,0.5078125,0.2053830623626709,0.7825262546539307
532,133,5241438.png,1,ec0510cc08b4ca81b584cd4bd541a0a85e40081339c9385d19b1a980d5fa3ab5,clean,512,512,128,128,0.0,0.0,0.5126005411148071,0.8875128030776978
533,133,5241438.png,1,ec0510cc08b4ca81b584cd4bd541a0a85e40081339c9385d19b1a980d5fa3ab5,mild,494,512,124,128,0.5390625,0.5234375,0.18796759843826294,0.7892380952835083
534,133,5241438.png,1,ec0510cc08b4ca81b584cd4bd541a0a85e40081339c9385d19b1a980d5fa3ab5,moderate,447,509,112,128,0.4765625,0.4765625,0.13410013914108276,0.7869197130203247
535,133,5241438.png,1,ec0510cc08b4ca81b584cd4bd541a0a85e40081339c9385d19b1a980d5fa3ab5,severe,389,505,98,127,0.515625,0.515625,0.2055439054965973,0.7822046279907227
536,134,5241441.png,0,8e759ddea5e488b5504c615978a70da2cee8194cffea0f1db27b263ab0b9fbc6,clean,512,512,128,128,0.1484375,0.0,0.5292911529541016,0.8424887657165527
537,134,5241441.png,0,8e759ddea5e488b5504c615978a70da2cee8194cffea0f1db27b263ab0b9fbc6,mild,494,512,124,128,0.5078125,0.515625,0.2700608968734741,0.7314140796661377
538,134,5241441.png,0,8e759ddea5e488b5504c615978a70da2cee8194cffea0f1db27b263ab0b9fbc6,moderate,447,509,112,128,0.515625,0.4921875,0.288370281457901,0.7286077737808228
539,134,5241441.png,0,8e759ddea5e488b5504c615978a70da2cee8194cffea0f1db27b263ab0b9fbc6,severe,389,505,98,127,0.484375,0.484375,0.23872219026088715,0.7489156723022461
540,135,5241441.png,1,5ead2534932452019f0aaef1006ff3df7da9c51ec6240980e5a971b2650c177c,clean,512,512,128,128,0.15625,0.0,0.443642258644104,0.837415337562561
541,135,5241441.png,1,5ead2534932452019f0aaef1006ff3df7da9c51ec6240980e5a971b2650c177c,mild,494,512,124,128,0.4765625,0.453125,0.2700608968734741,0.7314140796661377
542,135,5241441.png,1,5ead2534932452019f0aaef1006ff3df7da9c51ec6240980e5a971b2650c177c,moderate,447,509,112,128,0.484375,0.484375,0.29167571663856506,0.722370982170105
543,135,5241441.png,1,5ead2534932452019f0aaef1006ff3df7da9c51ec6240980e5a971b2650c177c,severe,389,505,98,127,0.453125,0.46875,0.23872219026088715,0.7489156723022461
544,136,5241460.png,0,ced1abfadb6fb5f41b28d0c830a3af2772bcbe4c788eb6fd6c380ac9cd6905c7,clean,512,512,128,128,0.21875,0.0,0.44291478395462036,0.846725344657898
545,136,5241460.png,0,ced1abfadb6fb5f41b28d0c830a3af2772bcbe4c788eb6fd6c380ac9cd6905c7,mild,494,512,124,128,0.453125,0.4375,0.22130805253982544,0.738736629486084
546,136,5241460.png,0,ced1abfadb6fb5f41b28d0c830a3af2772bcbe4c788eb6fd6c380ac9cd6905c7,moderate,447,509,112,128,0.4453125,0.453125,0.23253029584884644,0.7655715942382812
547,136,5241460.png,0,ced1abfadb6fb5f41b28d0c830a3af2772bcbe4c788eb6fd6c380ac9cd6905c7,severe,389,505,98,127,0.5078125,0.5234375,0.3027792274951935,0.729927659034729
548,137,5241460.png,1,c353f72679b99036036fd3d64f2648d988e234e492bb12b6e451a297d9b3d8ff,clean,512,512,128,128,0.3359375,0.0,0.5528064370155334,0.8544573783874512
549,137,5241460.png,1,c353f72679b99036036fd3d64f2648d988e234e492bb12b6e451a297d9b3d8ff,mild,494,512,124,128,0.5234375,0.5390625,0.221004456281662,0.7393438816070557
550,137,5241460.png,1,c353f72679b99036036fd3d64f2648d988e234e492bb12b6e451a297d9b3d8ff,moderate,447,509,112,128,0.5625,0.5859375,0.23246243596076965,0.7636972069740295
551,137,5241460.png,1,c353f72679b99036036fd3d64f2648d988e234e492bb12b6e451a297d9b3d8ff,severe,389,505,98,127,0.53125,0.515625,0.30257493257522583,0.7303362488746643
552,138,5241706.png,0,7eb3f3174e78ee890eb8b4081b706f1eef3e2c9e64d3b2b238e0921533c4fe44,clean,512,512,128,128,0.0,0.0,0.5688505172729492,0.8709214925765991
553,138,5241706.png,0,7eb3f3174e78ee890eb8b4081b706f1eef3e2c9e64d3b2b238e0921533c4fe44,mild,494,512,124,128,0.5234375,0.53125,0.48494991660118103,0.687894880771637
554,138,5241706.png,0,7eb3f3174e78ee890eb8b4081b706f1eef3e2c9e64d3b2b238e0921533c4fe44,moderate,447,509,112,128,0.4375,0.4453125,0.5096750259399414,0.664212703704834
555,138,5241706.png,0,7eb3f3174e78ee890eb8b4081b706f1eef3e2c9e64d3b2b238e0921533c4fe44,severe,389,505,98,127,0.4921875,0.46875,0.4862397313117981,0.6767839193344116
556,139,5241706.png,1,4ba906775631fe577648a966ccbc5ad43162f22a5c1140372d2df4c18c9d6e71,clean,512,512,128,128,0.0,0.0,0.5106817483901978,0.8701961040496826
557,139,5241706.png,1,4ba906775631fe577648a966ccbc5ad43162f22a5c1140372d2df4c18c9d6e71,mild,494,512,124,128,0.53125,0.5234375,0.48494991660118103,0.687894880771637
558,139,5241706.png,1,4ba906775631fe577648a966ccbc5ad43162f22a5c1140372d2df4c18c9d6e71,moderate,447,509,112,128,0.5078125,0.4609375,0.5065776109695435,0.6712654232978821
559,139,5241706.png,1,4ba906775631fe577648a966ccbc5ad43162f22a5c1140372d2df4c18c9d6e71,severe,389,505,98,127,0.46875,0.4453125,0.4860633909702301,0.6764311790466309
560,140,5241854.png,0,7adf48c4536623185092a60d7df53d0bc3d7009f13dadd9696bb865dd3facdf7,clean,512,512,128,128,0.0,0.0,0.5062849521636963,0.8765429854393005
561,140,5241854.png,0,7adf48c4536623185092a60d7df53d0bc3d7009f13dadd9696bb865dd3facdf7,mild,494,512,124,128,0.53125,0.5078125,0.5255732536315918,0.7260221242904663
562,140,5241854.png,0,7adf48c4536623185092a60d7df53d0bc3d7009f13dadd9696bb865dd3facdf7,moderate,447,509,112,128,0.5234375,0.546875,0.5098922252655029,0.7115733027458191
563,140,5241854.png,0,7adf48c4536623185092a60d7df53d0bc3d7009f13dadd9696bb865dd3facdf7,severe,389,505,98,127,0.4140625,0.4375,0.47622916102409363,0.6776623725891113
564,141,5241854.png,1,dbacb23008cca7d9d623daea9d14a62e3e93d866cf9f88a9949661d2efcd6421,clean,512,512,128,128,0.0,0.0,0.5279058218002319,0.8793530464172363
565,141,5241854.png,1,dbacb23008cca7d9d623daea9d14a62e3e93d866cf9f88a9949661d2efcd6421,mild,494,512,124,128,0.5078125,0.5390625,0.5212904810905457,0.7217089533805847
566,141,5241854.png,1,dbacb23008cca7d9d623daea9d14a62e3e93d866cf9f88a9949661d2efcd6421,moderate,447,509,112,128,0.4921875,0.5078125,0.5103745460510254,0.7001204490661621
567,141,5241854.png,1,dbacb23008cca7d9d623daea9d14a62e3e93d866cf9f88a9949661d2efcd6421,severe,389,505,98,127,0.390625,0.4140625,0.47616735100746155,0.6777859926223755
568,142,5242008.png,0,a1dce052f557eba3d914448cfb3aab6cd8d8330f453436c41e948d12be78eb4a,clean,512,512,128,128,0.0,0.0,0.6509095430374146,0.8978732824325562
569,142,5242008.png,0,a1dce052f557eba3d914448cfb3aab6cd8d8330f453436c41e948d12be78eb4a,mild,494,512,124,128,0.5703125,0.5546875,0.27067315578460693,0.7519202828407288
570,142,5242008.png,0,a1dce052f557eba3d914448cfb3aab6cd8d8330f453436c41e948d12be78eb4a,moderate,447,509,112,128,0.515625,0.4921875,0.29003989696502686,0.7148634791374207
571,142,5242008.png,0,a1dce052f557eba3d914448cfb3aab6cd8d8330f453436c41e948d12be78eb4a,severe,389,505,98,127,0.5859375,0.5703125,0.3132447898387909,0.7116764187812805
572,143,5242008.png,1,e190de8f34fbb9a0ee3c85cf3caa753859102666b7151bdcb6ed0e19112b1f38,clean,512,512,128,128,0.0,0.0,0.5194661617279053,0.8840782046318054
573,143,5242008.png,1,e190de8f34fbb9a0ee3c85cf3caa753859102666b7151bdcb6ed0e19112b1f38,mild,494,512,124,128,0.5,0.5,0.2739473581314087,0.74537193775177
574,143,5242008.png,1,e190de8f34fbb9a0ee3c85cf3caa753859102666b7151bdcb6ed0e19112b1f38,moderate,447,509,112,128,0.484375,0.4765625,0.29528579115867615,0.7181666493415833
575,143,5242008.png,1,e190de8f34fbb9a0ee3c85cf3caa753859102666b7151bdcb6ed0e19112b1f38,severe,389,505,98,127,0.484375,0.484375,0.3132447898387909,0.7116764187812805
576,144,5242211.png,0,3f08e6ed07477c26ce5fc2403bce5d86d84f1232fc25bd57935a8ccd80067ab8,clean,512,512,128,128,0.015625,0.0,0.5983911752700806,0.8827328085899353
577,144,5242211.png,0,3f08e6ed07477c26ce5fc2403bce5d86d84f1232fc25bd57935a8ccd80067ab8,mild,494,512,124,128,0.546875,0.5390625,0.39596855640411377,0.6817432641983032
578,144,5242211.png,0,3f08e6ed07477c26ce5fc2403bce5d86d84f1232fc25bd57935a8ccd80067ab8,moderate,447,509,112,128,0.5390625,0.5625,0.43377819657325745,0.7173582315444946
579,144,5242211.png,0,3f08e6ed07477c26ce5fc2403bce5d86d84f1232fc25bd57935a8ccd80067ab8,severe,389,505,98,127,0.578125,0.5625,0.3989276885986328,0.7270451784133911
580,145,5242211.png,1,1d7ac4f29fc7225b12aeae1aed8647da492faadc2d57e3d4846d3d9f5fbc124f,clean,512,512,128,128,0.0,0.0,0.48869460821151733,0.8681727647781372
581,145,5242211.png,1,1d7ac4f29fc7225b12aeae1aed8647da492faadc2d57e3d4846d3d9f5fbc124f,mild,494,512,124,128,0.484375,0.5078125,0.3960834741592407,0.6815134286880493
582,145,5242211.png,1,1d7ac4f29fc7225b12aeae1aed8647da492faadc2d57e3d4846d3d9f5fbc124f,moderate,447,509,112,128,0.4921875,0.5078125,0.43101030588150024,0.7126097679138184
583,145,5242211.png,1,1d7ac4f29fc7225b12aeae1aed8647da492faadc2d57e3d4846d3d9f5fbc124f,severe,389,505,98,127,0.515625,0.53125,0.39919739961624146,0.7275845408439636
584,146,5242439.png,0,c652b1e15200ff72798a7c19cb61d80375ff84080ae6298bcbe069bb92c2948e,clean,512,512,128,128,0.0,0.0,0.5731924772262573,0.8751471638679504
585,146,5242439.png,0,c652b1e15200ff72798a7c19cb61d80375ff84080ae6298bcbe069bb92c2948e,mild,494,512,124,128,0.46875,0.453125,0.354181170463562,0.7248442769050598
586,146,5242439.png,0,c652b1e15200ff72798a7c19cb61d80375ff84080ae6298bcbe069bb92c2948e,moderate,447,509,112,128,0.484375,0.484375,0.367850124835968,0.7130599021911621
587,146,5242439.png,0,c652b1e15200ff72798a7c19cb61d80375ff84080ae6298bcbe069bb92c2948e,severe,389,505,98,127,0.6015625,0.6015625,0.3937859535217285,0.7251862287521362
588,147,5242439.png,1,160d26ea4b92c029eb837e40e98cfa89ecd24e4c3579f36121aabc145d9065da,clean,512,512,128,128,0.0,0.0,0.5220051407814026,0.861558198928833
589,147,5242439.png,1,160d26ea4b92c029eb837e40e98cfa89ecd24e4c3579f36121aabc145d9065da,mild,494,512,124,128,0.4296875,0.4609375,0.354181170463562,0.7248442769050598
590,147,5242439.png,1,160d26ea4b92c029eb837e40e98cfa89ecd24e4c3579f36121aabc145d9065da,moderate,447,509,112,128,0.4453125,0.453125,0.371822714805603,0.7093675136566162
591,147,5242439.png,1,160d26ea4b92c029eb837e40e98cfa89ecd24e4c3579f36121aabc145d9065da,severe,389,505,98,127,0.453125,0.453125,0.39367011189460754,0.725417971611023
592,148,5242449.png,0,586491ec911c85596d5564efc7e325baa40cec4d93b5f40759813fe3306658cd,clean,512,512,128,128,0.03125,0.0,0.5611854791641235,0.8784129619598389
593,148,5242449.png,0,586491ec911c85596d5564efc7e325baa40cec4d93b5f40759813fe3306658cd,mild,494,512,124,128,0.5234375,0.515625,0.37523144483566284,0.7144801020622253
594,148,5242449.png,0,586491ec911c85596d5564efc7e325baa40cec4d93b5f40759813fe3306658cd,moderate,447,509,112,128,0.453125,0.484375,0.3668161630630493,0.7252953052520752
595,148,5242449.png,0,586491ec911c85596d5564efc7e325baa40cec4d93b5f40759813fe3306658cd,severe,389,505,98,127,0.53125,0.5078125,0.39993375539779663,0.6719661951065063
596,149,5242449.png,1,f1507acaac54fd96ee8c1b14cf40c78375a8df21f6ac99eb787930200f22c484,clean,512,512,128,128,0.03125,0.0,0.5495481491088867,0.8758088946342468
597,149,5242449.png,1,f1507acaac54fd96ee8c1b14cf40c78375a8df21f6ac99eb787930200f22c484,mild,494,512,124,128,0.5,0.4609375,0.37745267152786255,0.7100376486778259
598,149,5242449.png,1,f1507acaac54fd96ee8c1b14cf40c78375a8df21f6ac99eb787930200f22c484,moderate,447,509,112,128,0.578125,0.6015625,0.36760038137435913,0.7268638014793396
599,149,5242449.png,1,f1507acaac54fd96ee8c1b14cf40c78375a8df21f6ac99eb787930200f22c484,severe,389,505,98,127,0.4921875,0.484375,0.40005338191986084,0.6722054481506348
600,150,5242569.png,0,cdb0787b1b55d6c1b09a58f8b2df5f06694ec44a997cf83c7726cd00bdfa182d,clean,512,512,128,128,0.0390625,0.0,0.5883769392967224,0.8838738203048706
601,150,5242569.png,0,cdb0787b1b55d6c1b09a58f8b2df5f06694ec44a997cf83c7726cd00bdfa182d,mild,494,512,124,128,0.53125,0.5546875,0.395112544298172,0.73393315076828
602,150,5242569.png,0,cdb0787b1b55d6c1b09a58f8b2df5f06694ec44a997cf83c7726cd00bdfa182d,moderate,447,509,112,128,0.484375,0.515625,0.3895809054374695,0.7276473641395569
603,150,5242569.png,0,cdb0787b1b55d6c1b09a58f8b2df5f06694ec44a997cf83c7726cd00bdfa182d,severe,389,505,98,127,0.4921875,0.5234375,0.39050233364105225,0.7007229924201965
604,151,5242569.png,1,8b9da8f436d5c3ea4f3a749b774f9324b05081ea234c1b56074335228946c65c,clean,512,512,128,128,0.03125,0.0,0.5495917797088623,0.8811292052268982
605,151,5242569.png,1,8b9da8f436d5c3ea4f3a749b774f9324b05081ea234c1b56074335228946c65c,mild,494,512,124,128,0.5625,0.5546875,0.39541855454444885,0.7333210706710815
606,151,5242569.png,1,8b9da8f436d5c3ea4f3a749b774f9324b05081ea234c1b56074335228946c65c,moderate,447,509,112,128,0.515625,0.4921875,0.3842551112174988,0.726696252822876
607,151,5242569.png,1,8b9da8f436d5c3ea4f3a749b774f9324b05081ea234c1b56074335228946c65c,severe,389,505,98,127,0.5703125,0.5390625,0.3888811469078064,0.7022226452827454
608,152,5242707.png,0,11558b3eb41d6f2882d31d81684859edd42126b7cd1607b1340bbf49bcea8cab,clean,512,512,128,128,0.0,0.0,0.5480846166610718,0.8954256772994995
609,152,5242707.png,0,11558b3eb41d6f2882d31d81684859edd42126b7cd1607b1340bbf49bcea8cab,mild,494,512,124,128,0.5078125,0.5078125,0.12516914308071136,0.7989467978477478
610,152,5242707.png,0,11558b3eb41d6f2882d31d81684859edd42126b7cd1607b1340bbf49bcea8cab,moderate,447,509,112,128,0.515625,0.5078125,0.17662136256694794,0.805216908454895
611,152,5242707.png,0,11558b3eb41d6f2882d31d81684859edd42126b7cd1607b1340bbf49bcea8cab,severe,389,505,98,127,0.546875,0.546875,0.16184434294700623,0.7868610620498657
612,153,5242707.png,1,47c50ffed2f3ba40d02995babe78bedfe2928894781247b39ccd180f81a86cd9,clean,512,512,128,128,0.0,0.0,0.4776947796344757,0.8799095153808594
613,153,5242707.png,1,47c50ffed2f3ba40d02995babe78bedfe2928894781247b39ccd180f81a86cd9,mild,494,512,124,128,0.4296875,0.4296875,0.12516914308071136,0.7989467978477478
614,153,5242707.png,1,47c50ffed2f3ba40d02995babe78bedfe2928894781247b39ccd180f81a86cd9,moderate,447,509,112,128,0.4609375,0.46875,0.18167747557163239,0.8098732233047485
615,153,5242707.png,1,47c50ffed2f3ba40d02995babe78bedfe2928894781247b39ccd180f81a86cd9,severe,389,505,98,127,0.453125,0.4375,0.16168352961540222,0.7871826887130737
616,154,5242770.png,0,7480889ba33434d991ae966c4442b4cc3fc74cae9d710cddb1aed43938e93ab2,clean,512,512,128,128,0.0,0.0,0.4935266971588135,0.8666704893112183
617,154,5242770.png,0,7480889ba33434d991ae966c4442b4cc3fc74cae9d710cddb1aed43938e93ab2,mild,494,512,124,128,0.515625,0.5234375,0.4218909740447998,0.6732175350189209
618,154,5242770.png,0,7480889ba33434d991ae966c4442b4cc3fc74cae9d710cddb1aed43938e93ab2,moderate,447,509,112,128,0.453125,0.4375,0.4731079041957855,0.673085629940033
619,154,5242770.png,0,7480889ba33434d991ae966c4442b4cc3fc74cae9d710cddb1aed43938e93ab2,severe,389,505,98,127,0.4921875,0.515625,0.4149262309074402,0.7004036903381348
620,155,5242770.png,1,8def8aca15647a49615282b804ec11ef0247887cc3abff3953c72061d5bf55ed,clean,512,512,128,128,0.0,0.0,0.48556292057037354,0.8749852180480957
621,155,5242770.png,1,8def8aca15647a49615282b804ec11ef0247887cc3abff3953c72061d5bf55ed,mild,494,512,124,128,0.4921875,0.484375,0.4218909740447998,0.6732175350189209
622,155,5242770.png,1,8def8aca15647a49615282b804ec11ef0247887cc3abff3953c72061d5bf55ed,moderate,447,509,112,128,0.5234375,0.5234375,0.4715064764022827,0.6762884855270386
623,155,5242770.png,1,8def8aca15647a49615282b804ec11ef0247887cc3abff3953c72061d5bf55ed,severe,389,505,98,127,0.53125,0.5390625,0.41487404704093933,0.7005081176757812
624,156,5242837.png,0,4f34acf9bdd8c96e4a5ec91dab040f4c53c505cf0d824e462bd07702d2554949,clean,512,512,128,128,0.0,0.0,0.5519498586654663,0.893495500087738
625,156,5242837.png,0,4f34acf9bdd8c96e4a5ec91dab040f4c53c505cf0d824e462bd07702d2554949,mild,494,512,124,128,0.484375,0.484375,0.3894704580307007,0.7060879468917847
626,156,5242837.png,0,4f34acf9bdd8c96e4a5ec91dab040f4c53c505cf0d824e462bd07702d2554949,moderate,447,509,112,128,0.546875,0.546875,0.3886621296405792,0.7046471834182739
627,156,5242837.png,0,4f34acf9bdd8c96e4a5ec91dab040f4c53c505cf0d824e462bd07702d2554949,severe,389,505,98,127,0.5546875,0.5234375,0.39899253845214844,0.7197858095169067
628,157,5242837.png,1,85a49f50d81d325fee27e0f6b37dd1d49a2c769415e64aeceb884cfd4fb082a8,clean,512,512,128,128,0.0078125,0.0,0.532160758972168,0.8871725797653198
629,157,5242837.png,1,85a49f50d81d325fee27e0f6b37dd1d49a2c769415e64aeceb884cfd4fb082a8,mild,494,512,124,128,0.5078125,0.4921875,0.3894704580307007,0.7060879468917847
630,157,5242837.png,1,85a49f50d81d325fee27e0f6b37dd1d49a2c769415e64aeceb884cfd4fb082a8,moderate,447,509,112,128,0.5078125,0.5078125,0.3886621296405792,0.7046471834182739
631,157,5242837.png,1,85a49f50d81d325fee27e0f6b37dd1d49a2c769415e64aeceb884cfd4fb082a8,severe,389,505,98,127,0.53125,0.53125,0.39899253845214844,0.7197858095169067
632,158,5242841.png,0,d08a605259eb9169862365e084300e174a034f5541304f26ecb90a4ba744a954,clean,512,512,128,128,0.0390625,0.0,0.5011005997657776,0.8679429888725281
633,158,5242841.png,0,d08a605259eb9169862365e084300e174a034f5541304f26ecb90a4ba744a954,mild,494,512,124,128,0.4921875,0.4765625,0.31936055421829224,0.7112680077552795
634,158,5242841.png,0,d08a605259eb9169862365e084300e174a034f5541304f26ecb90a4ba744a954,moderate,447,509,112,128,0.4296875,0.4296875,0.3240494132041931,0.7430639266967773
635,158,5242841.png,0,d08a605259eb9169862365e084300e174a034f5541304f26ecb90a4ba744a954,severe,389,505,98,127,0.546875,0.546875,0.3661192059516907,0.7084933519363403
636,159,5242841.png,1,ed8fda2930dec36463466a1a45b5d45144e257849d28959000423a9883dcd172,clean,512,512,128,128,0.0390625,0.0,0.5659219026565552,0.8752647042274475
637,159,5242841.png,1,ed8fda2930dec36463466a1a45b5d45144e257849d28959000423a9883dcd172,mild,494,512,124,128,0.5859375,0.5546875,0.31905698776245117,0.7118752002716064
638,159,5242841.png,1,ed8fda2930dec36463466a1a45b5d45144e257849d28959000423a9883dcd172,moderate,447,509,112,128,0.5703125,0.515625,0.3277394771575928,0.7364274859428406
639,159,5242841.png,1,ed8fda2930dec36463466a1a45b5d45144e257849d28959000423a9883dcd172,severe,389,505,98,127,0.546875,0.53125,0.36642491817474365,0.7085872888565063
640,160,5242881.png,0,b434c4517479da82add8a7761bce07b740b936002f00aea145d4a0317c55aae7,clean,512,512,128,128,0.2734375,0.0,0.5441504716873169,0.8565215468406677
641,160,5242881.png,0,b434c4517479da82add8a7761bce07b740b936002f00aea145d4a0317c55aae7,mild,494,512,124,128,0.5703125,0.6015625,0.17933431267738342,0.7713337540626526
642,160,5242881.png,0,b434c4517479da82add8a7761bce07b740b936002f00aea145d4a0317c55aae7,moderate,447,509,112,128,0.515625,0.515625,0.18942871689796448,0.7691898345947266
643,160,5242881.png,0,b434c4517479da82add8a7761bce07b740b936002f00aea145d4a0317c55aae7,severe,389,505,98,127,0.53125,0.546875,0.18833953142166138,0.744407057762146
644,161,5242881.png,1,870ca59d156fed227b9e660a1dc4c65d0955d69e57c1aaec583ea131112131c9,clean,512,512,128,128,0.21875,0.0,0.5498583912849426,0.8512359857559204
645,161,5242881.png,1,870ca59d156fed227b9e660a1dc4c65d0955d69e57c1aaec583ea131112131c9,mild,494,512,124,128,0.5390625,0.5078125,0.17921146750450134,0.771579384803772
646,161,5242881.png,1,870ca59d156fed227b9e660a1dc4c65d0955d69e57c1aaec583ea131112131c9,moderate,447,509,112,128,0.546875,0.53125,0.1895304024219513,0.7690587043762207
647,161,5242881.png,1,870ca59d156fed227b9e660a1dc4c65d0955d69e57c1aaec583ea131112131c9,severe,389,505,98,127,0.515625,0.515625,0.18833953142166138,0.744407057762146
648,162,5243335.png,0,2308ff7d21ddf0408bf6496d207ddadba1a6495181d7d04d5fc4c22b09859861,clean,512,512,128,128,0.0,0.0,0.5594666004180908,0.8870151042938232
649,162,5243335.png,0,2308ff7d21ddf0408bf6496d207ddadba1a6495181d7d04d5fc4c22b09859861,mild,494,512,124,128,0.4765625,0.5078125,0.5244799852371216,0.7225302457809448
650,162,5243335.png,0,2308ff7d21ddf0408bf6496d207ddadba1a6495181d7d04d5fc4c22b09859861,moderate,447,509,112,128,0.5078125,0.484375,0.5033664703369141,0.6919400691986084
651,162,5243335.png,0,2308ff7d21ddf0408bf6496d207ddadba1a6495181d7d04d5fc4c22b09859861,severe,389,505,98,127,0.515625,0.5234375,0.4929845333099365,0.7335734963417053
652,163,5243335.png,1,f3573201137e2e75fc65fac51ed4c951b49dd83ee8968a7f4c56623321fa4473,clean,512,512,128,128,0.0,0.0,0.5259032249450684,0.8805744647979736
653,163,5243335.png,1,f3573201137e2e75fc65fac51ed4c951b49dd83ee8968a7f4c56623321fa4473,mild,494,512,124,128,0.5390625,0.53125,0.5239792466163635,0.7215287089347839
654,163,5243335.png,1,f3573201137e2e75fc65fac51ed4c951b49dd83ee8968a7f4c56623321fa4473,moderate,447,509,112,128,0.5,0.515625,0.5064733028411865,0.6862442493438721
655,163,5243335.png,1,f3573201137e2e75fc65fac51ed4c951b49dd83ee8968a7f4c56623321fa4473,severe,389,505,98,127,0.4765625,0.4453125,0.4912559986114502,0.7366565465927124
656,164,5243336.png,0,d403db1e9d97855c7b6599d92565805af2e121ff93dd2183c5242f7bb87b54a8,clean,512,512,128,128,0.0,0.0,0.5694578289985657,0.8828994631767273
657,164,5243336.png,0,d403db1e9d97855c7b6599d92565805af2e121ff93dd2183c5242f7bb87b54a8,mild,494,512,124,128,0.53125,0.546875,0.41021621227264404,0.6922886967658997
658,164,5243336.png,0,d403db1e9d97855c7b6599d92565805af2e121ff93dd2183c5242f7bb87b54a8,moderate,447,509,112,128,0.515625,0.515625,0.41332292556762695,0.6969155073165894
659,164,5243336.png,0,d403db1e9d97855c7b6599d92565805af2e121ff93dd2183c5242f7bb87b54a8,severe,389,505,98,127,0.53125,0.546875,0.4234967827796936,0.7124791741371155
660,165,5243336.png,1,e0d696c1fcc4b5b226b71bb1e4a01165f0a2fc72f27223f473b7ea233735c04a,clean,512,512,128,128,0.0,0.0,0.5589281320571899,0.8849297165870667
661,165,5243336.png,1,e0d696c1fcc4b5b226b71bb1e4a01165f0a2fc72f27223f473b7ea233735c04a,mild,494,512,124,128,0.5859375,0.5546875,0.4099981486797333,0.6918525695800781
662,165,5243336.png,1,e0d696c1fcc4b5b226b71bb1e4a01165f0a2fc72f27223f473b7ea233735c04a,moderate,447,509,112,128,0.4765625,0.4921875,0.41332292556762695,0.6969155073165894
663,165,5243336.png,1,e0d696c1fcc4b5b226b71bb1e4a01165f0a2fc72f27223f473b7ea233735c04a,severe,389,505,98,127,0.5546875,0.5546875,0.42289984226226807,0.7136729955673218
664,166,5243340.png,0,e35470e4b03712a71d5e672470f07793c98a652fe374a8e146ee4593da09cd14,clean,512,512,128,128,0.0,0.0,0.5072048902511597,0.8825985193252563
665,166,5243340.png,0,e35470e4b03712a71d5e672470f07793c98a652fe374a8e146ee4593da09cd14,mild,494,512,124,128,0.453125,0.453125,0.3893424868583679,0.7031802535057068
666,166,5243340.png,0,e35470e4b03712a71d5e672470f07793c98a652fe374a8e146ee4593da09cd14,moderate,447,509,112,128,0.515625,0.546875,0.4013610780239105,0.6875603199005127
667,166,5243340.png,0,e35470e4b03712a71d5e672470f07793c98a652fe374a8e146ee4593da09cd14,severe,389,505,98,127,0.390625,0.4296875,0.3849731683731079,0.6807281970977783
668,167,5243340.png,1,1cbf8d9a9929b6fb74f34a04634219af7c33bafbb4859a2e7fd710c446bf398c,clean,512,512,128,128,0.0,0.0,0.4919455051422119,0.8791736960411072
669,167,5243340.png,1,1cbf8d9a9929b6fb74f34a04634219af7c33bafbb4859a2e7fd710c446bf398c,mild,494,512,124,128,0.4765625,0.4609375,0.38759684562683105,0.6996889114379883
670,167,5243340.png,1,1cbf8d9a9929b6fb74f34a04634219af7c33bafbb4859a2e7fd710c446bf398c,moderate,447,509,112,128,0.4921875,0.4921875,0.4013610780239105,0.6875603199005127
671,167,5243340.png,1,1cbf8d9a9929b6fb74f34a04634219af7c33bafbb4859a2e7fd710c446bf398c,severe,389,505,98,127,0.4296875,0.453125,0.3849731683731079,0.6807281970977783
672,168,5243341.png,0,e3226fe35c55b7bb0288f6ca010b96e513886f6555ac3e20e5e7f1a1441f5f2b,clean,512,512,128,128,0.0,0.0,0.5341031551361084,0.8765495419502258
673,168,5243341.png,0,e3226fe35c55b7bb0288f6ca010b96e513886f6555ac3e20e5e7f1a1441f5f2b,mild,494,512,124,128,0.4921875,0.46875,0.3692188858985901,0.7217199802398682
674,168,5243341.png,0,e3226fe35c55b7bb0288f6ca010b96e513886f6555ac3e20e5e7f1a1441f5f2b,moderate,447,509,112,128,0.484375,0.453125,0.35582247376441956,0.7033655643463135
675,168,5243341.png,0,e3226fe35c55b7bb0288f6ca010b96e513886f6555ac3e20e5e7f1a1441f5f2b,severe,389,505,98,127,0.5078125,0.515625,0.381533682346344,0.7115013599395752
676,169,5243341.png,1,8ac054b6b4d258b5f35e3bab73be23acfef129b76ed1318d8df92739dd9d8dc2,clean,512,512,128,128,0.0,0.0,0.5237929821014404,0.8813115954399109
677,169,5243341.png,1,8ac054b6b4d258b5f35e3bab73be23acfef129b76ed1318d8df92739dd9d8dc2,mild,494,512,124,128,0.53125,0.5390625,0.3692188858985901,0.7217199802398682
678,169,5243341.png,1,8ac054b6b4d258b5f35e3bab73be23acfef129b76ed1318d8df92739dd9d8dc2,moderate,447,509,112,128,0.4765625,0.4765625,0.352588951587677,0.7098325490951538
679,169,5243341.png,1,8ac054b6b4d258b5f35e3bab73be23acfef129b76ed1318d8df92739dd9d8dc2,severe,389,505,98,127,0.4453125,0.4609375,0.3825055956840515,0.7134451866149902
680,170,5243507.png,0,bd5f75a6500730a8734b291146b7e6b880de3db48cf11823ecee20cbf6be4dc9,clean,512,512,128,128,0.0390625,0.0,0.49728673696517944,0.8614255785942078
681,170,5243507.png,0,bd5f75a6500730a8734b291146b7e6b880de3db48cf11823ecee20cbf6be4dc9,mild,494,512,124,128,0.515625,0.5234375,0.3194369077682495,0.6964790225028992
682,170,5243507.png,0,bd5f75a6500730a8734b291146b7e6b880de3db48cf11823ecee20cbf6be4dc9,moderate,447,509,112,128,0.4375,0.484375,0.3145209550857544,0.689084529876709
683,170,5243507.png,0,bd5f75a6500730a8734b291146b7e6b880de3db48cf11823ecee20cbf6be4dc9,severe,389,505,98,127,0.5078125,0.5078125,0.37026530504226685,0.6905472874641418
684,171,5243507.png,1,eeb14c0cc70d292b9b2e8cdb1f412c85004695665404bcd9e67456f03cffe49e,clean,512,512,128,128,0.046875,0.0,0.5713621377944946,0.8570570945739746
685,171,5243507.png,1,eeb14c0cc70d292b9b2e8cdb1f412c85004695665404bcd9e67456f03cffe49e,mild,494,512,124,128,0.5859375,0.53125,0.31931406259536743,0.6967246532440186
686,171,5243507.png,1,eeb14c0cc70d292b9b2e8cdb1f412c85004695665404bcd9e67456f03cffe49e,moderate,447,509,112,128,0.5703125,0.5234375,0.3180566430091858,0.682013213634491
687,171,5243507.png,1,eeb14c0cc70d292b9b2e8cdb1f412c85004695665404bcd9e67456f03cffe49e,severe,389,505,98,127,0.5,0.5,0.3691747188568115,0.6927285194396973
688,172,5243623.png,0,04aeadc7b8dfb8388eb6bcf1a414d36dd45ebb73aadbc16b550ce54ff505f6a4,clean,512,512,128,128,0.0078125,0.0,0.5526562333106995,0.8794366717338562
689,172,5243623.png,0,04aeadc7b8dfb8388eb6bcf1a414d36dd45ebb73aadbc16b550ce54ff505f6a4,mild,494,512,124,128,0.5703125,0.5703125,0.2975478768348694,0.7389556169509888
690,172,5243623.png,0,04aeadc7b8dfb8388eb6bcf1a414d36dd45ebb73aadbc16b550ce54ff505f6a4,moderate,447,509,112,128,0.59375,0.578125,0.32699352502822876,0.751521646976471
691,172,5243623.png,0,04aeadc7b8dfb8388eb6bcf1a414d36dd45ebb73aadbc16b550ce54ff505f6a4,severe,389,505,98,127,0.5546875,0.53125,0.3422675132751465,0.7248653173446655
692,173,5243623.png,1,4eaf8de49663c261fd03615a39412071dfac42f6160ea1263b0dd92dbc3f79af,clean,512,512,128,128,0.0078125,0.0,0.5256879925727844,0.8799573183059692
693,173,5243623.png,1,4eaf8de49663c261fd03615a39412071dfac42f6160ea1263b0dd92dbc3f79af,mild,494,512,124,128,0.4921875,0.4765625,0.297041654586792,0.7379431128501892
694,173,5243623.png,1,4eaf8de49663c261fd03615a39412071dfac42f6160ea1263b0dd92dbc3f79af,moderate,447,509,112,128,0.46875,0.46875,0.32699352502822876,0.751521646976471
695,173,5243623.png,1,4eaf8de49663c261fd03615a39412071dfac42f6160ea1263b0dd92dbc3f79af,severe,389,505,98,127,0.5078125,0.515625,0.3422675132751465,0.7248653173446655
696,174,5243630.png,0,8c6dc456942a81d01edb8e694a13e0aaa2ba2581a5c14c9d72d523663e2632c1,clean,512,512,128,128,0.0,0.0,0.5560818910598755,0.8910174369812012
697,174,5243630.png,0,8c6dc456942a81d01edb8e694a13e0aaa2ba2581a5c14c9d72d523663e2632c1,mild,494,512,124,128,0.5390625,0.515625,0.3186236023902893,0.7446928024291992
698,174,5243630.png,0,8c6dc456942a81d01edb8e694a13e0aaa2ba2581a5c14c9d72d523663e2632c1,moderate,447,509,112,128,0.4765625,0.4453125,0.21060064435005188,0.768574595451355
699,174,5243630.png,0,8c6dc456942a81d01edb8e694a13e0aaa2ba2581a5c14c9d72d523663e2632c1,severe,389,505,98,127,0.5234375,0.5078125,0.35803502798080444,0.7437785267829895
700,175,5243630.png,1,f0a6ac74d84e4fe27b773494d524df1284ad6d82a09585ed12e6e7f2a7bfcb73,clean,512,512,128,128,0.0,0.0,0.5373004674911499,0.8816764950752258
701,175,5243630.png,1,f0a6ac74d84e4fe27b773494d524df1284ad6d82a09585ed12e6e7f2a7bfcb73,mild,494,512,124,128,0.53125,0.5234375,0.31879568099975586,0.7450369596481323
702,175,5243630.png,1,f0a6ac74d84e4fe27b773494d524df1284ad6d82a09585ed12e6e7f2a7bfcb73,moderate,447,509,112,128,0.4921875,0.5234375,0.2073507457971573,0.7722306251525879
703,175,5243630.png,1,f0a6ac74d84e4fe27b773494d524df1284ad6d82a09585ed12e6e7f2a7bfcb73,severe,389,505,98,127,0.546875,0.515625,0.35694441199302673,0.7459597587585449
704,176,5243659.png,0,1ff30bc271fbabbcde5f457aaae993ff2760f7beb65205ab4080a8327dd7b023,clean,512,512,128,128,0.03125,0.0,0.5906916856765747,0.8930752277374268
705,176,5243659.png,0,1ff30bc271fbabbcde5f457aaae993ff2760f7beb65205ab4080a8327dd7b023,mild,494,512,124,128,0.5703125,0.578125,0.23969601094722748,0.7436650991439819
706,176,5243659.png,0,1ff30bc271fbabbcde5f457aaae993ff2760f7beb65205ab4080a8327dd7b023,moderate,447,509,112,128,0.5390625,0.515625,0.2097882330417633,0.7776918411254883
707,176,5243659.png,0,1ff30bc271fbabbcde5f457aaae993ff2760f7beb65205ab4080a8327dd7b023,severe,389,505,98,127,0.515625,0.5234375,0.22249259054660797,0.7742066383361816
708,177,5243659.png,1,a1e6e5f0ff24972a5f187da0670d377732418bf947f2ceae7f10e91599e3ed46,clean,512,512,128,128,0.046875,0.0,0.5292272567749023,0.8808852434158325
709,177,5243659.png,1,a1e6e5f0ff24972a5f187da0670d377732418bf947f2ceae7f10e91599e3ed46,mild,494,512,124,128,0.5625,0.5390625,0.2394104152917862,0.7442362904548645
710,177,5243659.png,1,a1e6e5f0ff24972a5f187da0670d377732418bf947f2ceae7f10e91599e3ed46,moderate,447,509,112,128,0.53125,0.5234375,0.20946580171585083,0.7770469784736633
711,177,5243659.png,1,a1e6e5f0ff24972a5f187da0670d377732418bf947f2ceae7f10e91599e3ed46,severe,389,505,98,127,0.4765625,0.46875,0.22249259054660797,0.7742066383361816
712,178,5243661.png,0,cbfab41a841a96c6fa05a37552704376bcb7038ed736396f5c0c135a7ab60b46,clean,512,512,128,128,0.0,0.0,0.4980272054672241,0.8748587965965271
713,178,5243661.png,0,cbfab41a841a96c6fa05a37552704376bcb7038ed736396f5c0c135a7ab60b46,mild,494,512,124,128,0.4453125,0.4453125,0.2536485493183136,0.7482705116271973
714,178,5243661.png,0,cbfab41a841a96c6fa05a37552704376bcb7038ed736396f5c0c135a7ab60b46,moderate,447,509,112,128,0.4453125,0.4453125,0.3014032244682312,0.7379119396209717
715,178,5243661.png,0,cbfab41a841a96c6fa05a37552704376bcb7038ed736396f5c0c135a7ab60b46,severe,389,505,98,127,0.4296875,0.421875,0.2945520877838135,0.7481080889701843
716,179,5243661.png,1,31565563fcae70c445c342cd84d1ced1ec9fa7e12d2cfd819416e889eecd81ba,clean,512,512,128,128,0.0,0.0,0.39922380447387695,0.8631572723388672
717,179,5243661.png,1,31565563fcae70c445c342cd84d1ced1ec9fa7e12d2cfd819416e889eecd81ba,mild,494,512,124,128,0.46875,0.4609375,0.25289279222488403,0.7467589378356934
718,179,5243661.png,1,31565563fcae70c445c342cd84d1ced1ec9fa7e12d2cfd819416e889eecd81ba,moderate,447,509,112,128,0.484375,0.484375,0.3022438585758209,0.7487598657608032
719,179,5243661.png,1,31565563fcae70c445c342cd84d1ced1ec9fa7e12d2cfd819416e889eecd81ba,severe,389,505,98,127,0.3515625,0.375,0.2945086658000946,0.7481949329376221
720,180,5243786.png,0,fc953cd46ba58b5b3578fe3d9b0d1dc2879ebfbffa43f56916d7d8a4c3963a14,clean,512,512,128,128,0.0,0.0,0.5198665857315063,0.8862998485565186
721,180,5243786.png,0,fc953cd46ba58b5b3578fe3d9b0d1dc2879ebfbffa43f56916d7d8a4c3963a14,mild,494,512,124,128,0.3828125,0.4765625,0.4037216007709503,0.7159366607666016
722,180,5243786.png,0,fc953cd46ba58b5b3578fe3d9b0d1dc2879ebfbffa43f56916d7d8a4c3963a14,moderate,447,509,112,128,0.515625,0.4609375,0.485878050327301,0.6645408868789673
723,180,5243786.png,0,fc953cd46ba58b5b3578fe3d9b0d1dc2879ebfbffa43f56916d7d8a4c3963a14,severe,389,505,98,127,0.5625,0.5625,0.4220426082611084,0.7054263353347778
724,181,5243786.png,1,4a5d5f1b497ebe6483a178081e5e174924d48f3bd64b2f3dcdcfcd387ceaa4d5,clean,512,512,128,128,0.0,0.0,0.6357355713844299,0.8995171785354614
725,181,5243786.png,1,4a5d5f1b497ebe6483a178081e5e174924d48f3bd64b2f3dcdcfcd387ceaa4d5,mild,494,512,124,128,0.6171875,0.6171875,0.40349525213241577,0.7154839038848877
726,181,5243786.png,1,4a5d5f1b497ebe6483a178081e5e174924d48f3bd64b2f3dcdcfcd387ceaa4d5,moderate,447,509,112,128,0.515625,0.4765625,0.4861947298049927,0.663907527923584
727,181,5243786.png,1,4a5d5f1b497ebe6483a178081e5e174924d48f3bd64b2f3dcdcfcd387ceaa4d5,severe,389,505,98,127,0.578125,0.578125,0.4220217168331146,0.7054681777954102
728,182,5243979.png,0,923bf9e943866e17759d889a5e3eff852ed07c156c523e3c91b03bac0b5e0346,clean,512,512,128,128,0.0,0.0,0.5285230875015259,0.8870244026184082
729,182,5243979.png,0,923bf9e943866e17759d889a5e3eff852ed07c156c523e3c91b03bac0b5e0346,mild,494,512,124,128,0.4296875,0.421875,0.4367881715297699,0.6946470737457275
730,182,5243979.png,0,923bf9e943866e17759d889a5e3eff852ed07c156c523e3c91b03bac0b5e0346,moderate,447,509,112,128,0.4765625,0.4609375,0.456976056098938,0.692635715007782
731,182,5243979.png,0,923bf9e943866e17759d889a5e3eff852ed07c156c523e3c91b03bac0b5e0346,severe,389,505,98,127,0.4921875,0.484375,0.359874963760376,0.6703816056251526
732,183,5243979.png,1,a9a75b64ec04dd72ff4cca4a7398cf72f53e6e69b02b6d3111e47579bfb21759,clean,512,512,128,128,0.0,0.0,0.5781835913658142,0.8854259252548218
733,183,5243979.png,1,a9a75b64ec04dd72ff4cca4a7398cf72f53e6e69b02b6d3111e47579bfb21759,mild,494,512,124,128,0.46875,0.4765625,0.4367881715297699,0.6946470737457275
734,183,5243979.png,1,a9a75b64ec04dd72ff4cca4a7398cf72f53e6e69b02b6d3111e47579bfb21759,moderate,447,509,112,128,0.5625,0.53125,0.4552130401134491,0.7000412940979004
735,183,5243979.png,1,a9a75b64ec04dd72ff4cca4a7398cf72f53e6e69b02b6d3111e47579bfb21759,severe,389,505,98,127,0.484375,0.453125,0.3612098693847656,0.6719644665718079
736,184,5243980.png,0,469350c10f145c72ae07370d9da9531442fca3702e05af5958f5cfb510ae3c2b,clean,512,512,128,128,0.3125,0.0,0.5259873867034912,0.8433362245559692
737,184,5243980.png,0,469350c10f145c72ae07370d9da9531442fca3702e05af5958f5cfb510ae3c2b,mild,494,512,124,128,0.5234375,0.53125,0.23044180870056152,0.745124101638794
738,184,5243980.png,0,469350c10f145c72ae07370d9da9531442fca3702e05af5958f5cfb510ae3c2b,moderate,447,509,112,128,0.53125,0.5234375,0.21677514910697937,0.781226634979248
739,184,5243980.png,0,469350c10f145c72ae07370d9da9531442fca3702e05af5958f5cfb510ae3c2b,severe,389,505,98,127,0.515625,0.515625,0.22594225406646729,0.754287838935852
740,185,5243980.png,1,919e78586bb34227097f9c1cfb5acf3e251d5e00e3fda51861d2866aba1ba631,clean,512,512,128,128,0.28125,0.0,0.4817340075969696,0.8396828770637512
741,185,5243980.png,1,919e78586bb34227097f9c1cfb5acf3e251d5e00e3fda51861d2866aba1ba631,mild,494,512,124,128,0.453125,0.5234375,0.23044180870056152,0.745124101638794
742,185,5243980.png,1,919e78586bb34227097f9c1cfb5acf3e251d5e00e3fda51861d2866aba1ba631,moderate,447,509,112,128,0.4921875,0.5,0.216526597738266,0.7807295322418213
743,185,5243980.png,1,919e78586bb34227097f9c1cfb5acf3e251d5e00e3fda51861d2866aba1ba631,severe,389,505,98,127,0.4765625,0.4765625,0.22594225406646729,0.754287838935852
744,186,5243987.png,0,7b0b86bfe9dbf69b035173f798b6a24d8773509cf1b868341289a24309a3d702,clean,512,512,128,128,0.2734375,0.0,0.5103185772895813,0.8424952030181885
745,186,5243987.png,0,7b0b86bfe9dbf69b035173f798b6a24d8773509cf1b868341289a24309a3d702,mild,494,512,124,128,0.4765625,0.484375,0.2622312605381012,0.7679990530014038
746,186,5243987.png,0,7b0b86bfe9dbf69b035173f798b6a24d8773509cf1b868341289a24309a3d702,moderate,447,509,112,128,0.4765625,0.4609375,0.23423002660274506,0.7547876834869385
747,186,5243987.png,0,7b0b86bfe9dbf69b035173f798b6a24d8773509cf1b868341289a24309a3d702,severe,389,505,98,127,0.4921875,0.4921875,0.26665353775024414,0.75144362449646
748,187,5243987.png,1,20482c37ec86c7504257b1ed85091a914114db73d5eaf45481c0b158c40dff06,clean,512,512,128,128,0.2890625,0.0,0.5352505445480347,0.8491153120994568
749,187,5243987.png,1,20482c37ec86c7504257b1ed85091a914114db73d5eaf45481c0b158c40dff06,mild,494,512,124,128,0.515625,0.5078125,0.2622312605381012,0.7679990530014038
750,187,5243987.png,1,20482c37ec86c7504257b1ed85091a914114db73d5eaf45481c0b158c40dff06,moderate,447,509,112,128,0.5,0.5,0.2320897877216339,0.7587982416152954
751,187,5243987.png,1,20482c37ec86c7504257b1ed85091a914114db73d5eaf45481c0b158c40dff06,severe,389,505,98,127,0.515625,0.5,0.2668578028678894,0.7510350942611694
752,188,5244225.png,0,ad373ecf2b4775c3e7805f3d56fffc37d335d51750ba9011475cb6d5bab1f4b0,clean,512,512,128,128,0.0,0.0,0.5204391479492188,0.8803632259368896
753,188,5244225.png,0,ad373ecf2b4775c3e7805f3d56fffc37d335d51750ba9011475cb6d5bab1f4b0,mild,494,512,124,128,0.53125,0.5,0.3482467532157898,0.7171021699905396
754,188,5244225.png,0,ad373ecf2b4775c3e7805f3d56fffc37d335d51750ba9011475cb6d5bab1f4b0,moderate,447,509,112,128,0.4921875,0.4921875,0.3978532552719116,0.7165935039520264
755,188,5244225.png,0,ad373ecf2b4775c3e7805f3d56fffc37d335d51750ba9011475cb6d5bab1f4b0,severe,389,505,98,127,0.4921875,0.53125,0.34031063318252563,0.7167624831199646
756,189,5244225.png,1,b709b5e1f6b30218b9df19f9d9e363d299461c5ade9b1cce8b74410f2d4a30f5,clean,512,512,128,128,0.0,0.0,0.5706278085708618,0.8852111101150513
757,189,5244225.png,1,b709b5e1f6b30218b9df19f9d9e363d299461c5ade9b1cce8b74410f2d4a30f5,mild,494,512,124,128,0.4921875,0.4921875,0.3515128195285797,0.7105376720428467
758,189,5244225.png,1,b709b5e1f6b30218b9df19f9d9e363d299461c5ade9b1cce8b74410f2d4a30f5,moderate,447,509,112,128,0.5546875,0.5390625,0.39322996139526367,0.7161978483200073
759,189,5244225.png,1,b709b5e1f6b30218b9df19f9d9e363d299461c5ade9b1cce8b74410f2d4a30f5,severe,389,505,98,127,0.5,0.4765625,0.34105145931243896,0.7152807712554932
760,190,5244243.png,0,ae5557a72c3fcf790ce405d4c7034b83149eb1943b43cf22803671f77218324f,clean,512,512,128,128,0.2890625,0.0078125,0.46622568368911743,0.8132175803184509
761,190,5244243.png,0,ae5557a72c3fcf790ce405d4c7034b83149eb1943b43cf22803671f77218324f,mild,494,512,124,128,0.4765625,0.5078125,0.22676950693130493,0.7687731981277466
762,190,5244243.png,0,ae5557a72c3fcf790ce405d4c7034b83149eb1943b43cf22803671f77218324f,moderate,447,509,112,128,0.5,0.5,0.2479969561100006,0.7679530382156372
763,190,5244243.png,0,ae5557a72c3fcf790ce405d4c7034b83149eb1943b43cf22803671f77218324f,severe,389,505,98,127,0.5390625,0.53125,0.24200408160686493,0.7480038404464722
764,191,5244243.png,1,e35898da08079b5150228184f64e336f43db760740d512674a97138287409a34,clean,512,512,128,128,0.3203125,0.0,0.49418917298316956,0.8277808427810669
765,191,5244243.png,1,e35898da08079b5150228184f64e336f43db760740d512674a97138287409a34,mild,494,512,124,128,0.5,0.484375,0.22702430188655853,0.768263578414917
766,191,5244243.png,1,e35898da08079b5150228184f64e336f43db760740d512674a97138287409a34,moderate,447,509,112,128,0.5546875,0.5546875,0.24788135290145874,0.7681843042373657
767,191,5244243.png,1,e35898da08079b5150228184f64e336f43db760740d512674a97138287409a34,severe,389,505,98,127,0.484375,0.4609375,0.2422083616256714,0.7475952506065369
768,192,5244420.png,0,a5957080b055275414938f0762ac81c983a5cc4bbf6e7b2ae3e069122d5450cf,clean,512,512,128,128,0.0,0.0,0.5208853483200073,0.86149662733078
769,192,5244420.png,0,a5957080b055275414938f0762ac81c983a5cc4bbf6e7b2ae3e069122d5450cf,mild,494,512,124,128,0.53125,0.5234375,0.4228396415710449,0.6666748523712158
770,192,5244420.png,0,a5957080b055275414938f0762ac81c983a5cc4bbf6e7b2ae3e069122d5450cf,moderate,447,509,112,128,0.5,0.515625,0.4092996418476105,0.7052248120307922
771,192,5244420.png,0,a5957080b055275414938f0762ac81c983a5cc4bbf6e7b2ae3e069122d5450cf,severe,389,505,98,127,0.4375,0.4453125,0.4326200783252716,0.6950149536132812
772,193,5244420.png,1,26ba1b2d328c4de528ebb6f867d840daeff5c6d7a598cf8ba9b4d0fc1797778b,clean,512,512,128,128,0.0,0.0,0.5079991817474365,0.8579500913619995
773,193,5244420.png,1,26ba1b2d328c4de528ebb6f867d840daeff5c6d7a598cf8ba9b4d0fc1797778b,mild,494,512,124,128,0.4375,0.3828125,0.4228396415710449,0.6666748523712158
774,193,5244420.png,1,26ba1b2d328c4de528ebb6f867d840daeff5c6d7a598cf8ba9b4d0fc1797778b,moderate,447,509,112,128,0.5078125,0.5078125,0.403262734413147,0.7056415677070618
775,193,5244420.png,1,26ba1b2d328c4de528ebb6f867d840daeff5c6d7a598cf8ba9b4d0fc1797778b,severe,389,505,98,127,0.5625,0.5859375,0.4326200783252716,0.6950149536132812
776,194,5244484.png,0,514e64d4a0c9e78851bb4fc0b14bfe21c73489cdbb30232a059dd8e0fb3b9079,clean,512,512,128,128,0.234375,0.0,0.5482999086380005,0.8622793555259705
777,194,5244484.png,0,514e64d4a0c9e78851bb4fc0b14bfe21c73489cdbb30232a059dd8e0fb3b9079,mild,494,512,124,128,0.4921875,0.515625,0.27497783303260803,0.7213070392608643
778,194,5244484.png,0,514e64d4a0c9e78851bb4fc0b14bfe21c73489cdbb30232a059dd8e0fb3b9079,moderate,447,509,112,128,0.53125,0.53125,0.2920202910900116,0.7116576433181763
779,194,5244484.png,0,514e64d4a0c9e78851bb4fc0b14bfe21c73489cdbb30232a059dd8e0fb3b9079,severe,389,505,98,127,0.53125,0.5390625,0.25057488679885864,0.749129056930542
780,195,5244484.png,1,5e5c84bcac984a9e0cecf3b85202901b2a5db2751ca47723209d20b69481d51f,clean,512,512,128,128,0.21875,0.0,0.5445910692214966,0.8501604795455933
781,195,5244484.png,1,5e5c84bcac984a9e0cecf3b85202901b2a5db2751ca47723209d20b69481d51f,mild,494,512,124,128,0.4765625,0.484375,0.27497783303260803,0.7213070392608643
782,195,5244484.png,1,5e5c84bcac984a9e0cecf3b85202901b2a5db2751ca47723209d20b69481d51f,moderate,447,509,112,128,0.484375,0.484375,0.2918601930141449,0.7119778394699097
783,195,5244484.png,1,5e5c84bcac984a9e0cecf3b85202901b2a5db2751ca47723209d20b69481d51f,severe,389,505,98,127,0.515625,0.5234375,0.250370591878891,0.7495376467704773
784,196,5244485.png,0,dcc8353b5a696bcf5c05fe7122d70432997576466e27e0dea35eaea5b6557963,clean,512,512,128,128,0.0,0.0,0.524347186088562,0.8672493696212769
785,196,5244485.png,0,dcc8353b5a696bcf5c05fe7122d70432997576466e27e0dea35eaea5b6557963,mild,494,512,124,128,0.5,0.5078125,0.33498865365982056,0.7376530766487122
786,196,5244485.png,0,dcc8353b5a696bcf5c05fe7122d70432997576466e27e0dea35eaea5b6557963,moderate,447,509,112,128,0.4609375,0.453125,0.36282962560653687,0.707875669002533
787,196,5244485.png,0,dcc8353b5a696bcf5c05fe7122d70432997576466e27e0dea35eaea5b6557963,severe,389,505,98,127,0.53125,0.5078125,0.357488214969635,0.6907832622528076
788,197,5244485.png,1,71b6d996332a70f136e2effe9200fa3288897fdf7140b734065369d0f0a91e7d,clean,512,512,128,128,0.0,0.0,0.591383695602417,0.8768752813339233
789,197,5244485.png,1,71b6d996332a70f136e2effe9200fa3288897fdf7140b734065369d0f0a91e7d,mild,494,512,124,128,0.578125,0.5546875,0.33498865365982056,0.7376530766487122
790,197,5244485.png,1,71b6d996332a70f136e2effe9200fa3288897fdf7140b734065369d0f0a91e7d,moderate,447,509,112,128,0.5859375,0.53125,0.36282962560653687,0.707875669002533
791,197,5244485.png,1,71b6d996332a70f136e2effe9200fa3288897fdf7140b734065369d0f0a91e7d,severe,389,505,98,127,0.546875,0.5390625,0.357649028301239,0.6904615759849548
792,198,5244492.png,0,62b90f722fec5ce864a87b34bd50e3211905b78394be8a24a4bc93c1b320574d,clean,512,512,128,128,0.078125,0.0,0.5942050218582153,0.8806147575378418
793,198,5244492.png,0,62b90f722fec5ce864a87b34bd50e3211905b78394be8a24a4bc93c1b320574d,mild,494,512,124,128,0.578125,0.5625,0.22874164581298828,0.7600463628768921
794,198,5244492.png,0,62b90f722fec5ce864a87b34bd50e3211905b78394be8a24a4bc93c1b320574d,moderate,447,509,112,128,0.5703125,0.5703125,0.26245275139808655,0.7681213617324829
795,198,5244492.png,0,62b90f722fec5ce864a87b34bd50e3211905b78394be8a24a4bc93c1b320574d,severe,389,505,98,127,0.546875,0.515625,0.2695486545562744,0.7418695092201233
796,199,5244492.png,1,64d5c0f0fec815d965a4871925c01f862922b1b682929853040ad379080a7053,clean,512,512,128,128,0.09375,0.0,0.6355524659156799,0.8914819955825806
797,199,5244492.png,1,64d5c0f0fec815d965a4871925c01f862922b1b682929853040ad379080a7053,mild,494,512,124,128,0.625,0.625,0.23039722442626953,0.7567352056503296
798,199,5244492.png,1,64d5c0f0fec815d965a4871925c01f862922b1b682929853040ad379080a7053,moderate,447,509,112,128,0.6328125,0.6171875,0.26245275139808655,0.7681213617324829
799,199,5244492.png,1,64d5c0f0fec815d965a4871925c01f862922b1b682929853040ad379080a7053,severe,389,505,98,127,0.609375,0.609375,0.2695486545562744,0.7418695092201233
